admin_old_district_name,admin_old_block_mandal_name,admin_village_code,admin_village_name,crop,health_category,sample_farms,labelled_farms,unknown_health_farms,healthy_farms,stressed_farms,diseased_farms,pest_farms,unhealthy_farms,avg_health_risk_score,avg_crop_height,avg_water_coverage,avg_irrigation_count,avg_expected_yield,avg_field_area_ha,total_sample_area_ha,unhealthy_pct_of_labelled,label_coverage_pct
ADILABAD,ADILABAD,0103001,Dimma,Bengal Gram,Healthy,1,1,0,1,0,0,0,0,0.0,40.0,25.0,1.0,11.0,0.5296,0.5296,0.0,100.0
ADILABAD,ADILABAD,0103002,Pochara,Cotton,Healthy,2,2,0,2,0,0,0,0,0.0,94.5,49.0,4.0,17.5,0.523,1.046,0.0,100.0
ADILABAD,ADILABAD,0103005,Chanda,Cotton,Healthy,4,4,0,4,0,0,0,0,0.0,82.75,49.0,5.0,14.25,0.5947,2.3787,0.0,100.0
ADILABAD,ADILABAD,0103007,Landasangvi,Cotton,Healthy,2,2,0,2,0,0,0,0,0.0,79.5,46.0,4.5,14.5,0.896,1.7921,0.0,100.0
ADILABAD,ADILABAD,0103007,Landasangvi,Cotton,Stressed,1,1,0,0,1,0,0,1,0.5,110.0,40.0,4.0,10.0,1.6035,1.6035,100.0,100.0
ADILABAD,ADILABAD,0103008,Arli (Buzurg),Cotton,Healthy,3,3,0,3,0,0,0,0,0.0,79.6667,49.0,3.6667,13.0,0.856,2.5681,0.0,100.0
ADILABAD,ADILABAD,0103011,Bheemseri,Cotton,Healthy,2,2,0,2,0,0,0,0,0.0,97.0,51.0,4.0,16.0,0.7113,1.4225,0.0,100.0
ADILABAD,ADILABAD,0103012,Rampoor (Royati),Cotton,Healthy,1,1,0,1,0,0,0,0,0.0,82.0,41.0,5.0,14.0,1.1231,1.1231,0.0,100.0
ADILABAD,ADILABAD,0103013,Tarada  (Srimath),Bengal Gram,Healthy,1,1,0,1,0,0,0,0,0.0,32.0,20.0,2.0,11.0,0.4958,0.4958,0.0,100.0
ADILABAD,ADILABAD,0103013,Tarada  (Srimath),Bengal Gram,Stressed,1,1,0,0,1,0,0,1,0.5,38.0,24.0,3.0,12.0,0.1565,0.1565,100.0,100.0
ADILABAD,ADILABAD,0103013,Tarada  (Srimath),Cotton,Healthy,1,1,0,1,0,0,0,0,0.0,66.0,43.0,2.0,17.0,1.1353,1.1353,0.0,100.0
ADILABAD,ADILABAD,0103015,Battisawargaon,Cotton,Healthy,4,4,0,4,0,0,0,0,0.0,85.5,49.0,4.75,13.75,0.6126,2.4506,0.0,100.0
ADILABAD,ADILABAD,0103018,Anukunta,Cotton,Diseased,1,1,0,0,0,1,0,1,0.8,116.0,58.0,4.0,12.0,0.5805,0.5805,100.0,100.0
ADILABAD,ADILABAD,0103018,Anukunta,Red Gram,Pests,1,1,0,0,0,0,1,1,0.9,88.0,39.0,2.0,10.0,2.0067,2.0067,100.0,100.0
ADILABAD,ADILABAD,0103018,Anukunta,Red Gram,Stressed,1,1,0,0,1,0,0,1,0.5,109.0,33.0,3.0,12.0,1.1142,1.1142,100.0,100.0
ADILABAD,ADILABAD,0103020,Kumbhajheri,Cotton,,3,0,3,0,0,0,0,0,,87.3333,46.0,3.3333,14.0,0.6789,2.0366,,0.0
ADILABAD,ADILABAD,0103020,Kumbhajheri,Cotton,Healthy,1,1,0,1,0,0,0,0,0.0,78.0,58.0,3.0,11.0,0.8887,0.8887,0.0,100.0
ADILABAD,ADILABAD,0103023,Kachkanti,Cotton,Healthy,1,1,0,1,0,0,0,0,0.0,83.0,41.0,6.0,15.0,0.5217,0.5217,0.0,100.0
ADILABAD,ADILABAD,0103023,Kachkanti,Red Gram,,1,0,1,0,0,0,0,0,,36.0,36.0,2.0,8.0,0.334,0.334,,0.0
ADILABAD,ADILABAD,0103024,Tontoli,Cotton,Healthy,1,1,0,1,0,0,0,0,0.0,85.0,42.0,5.0,13.0,1.0711,1.0711,0.0,100.0
ADILABAD,ADILABAD,0103024,Tontoli,Red Gram,Healthy,1,1,0,1,0,0,0,0,0.0,94.0,37.0,1.0,11.0,0.8553,0.8553,0.0,100.0
ADILABAD,ADILABAD,0103025,Mavala,Cotton,Healthy,2,2,0,2,0,0,0,0,0.0,86.0,50.0,2.5,17.5,1.0977,2.1953,0.0,100.0
ADILABAD,ADILABAD,0103026,Ankoli,Paddy,Healthy,1,1,0,1,0,0,0,0,0.0,71.0,89.0,3.0,24.0,1.4939,1.4939,0.0,100.0
ADILABAD,ADILABAD,0103026,Ankoli,Red Gram,Healthy,2,2,0,2,0,0,0,0,0.0,69.5,47.5,2.0,9.5,1.3175,2.6349,0.0,100.0
ADILABAD,ADILABAD,0103027,Maleborgaon,Cotton,Pests,1,1,0,0,0,0,1,1,0.9,103.0,43.0,5.0,10.0,0.4037,0.4037,100.0,100.0
ADILABAD,ADILABAD,0103030,Ankapoor,Red Gram,Healthy,2,2,0,2,0,0,0,0,0.0,79.0,33.5,3.0,10.5,0.4064,0.8128,0.0,100.0
ADILABAD,ADILABAD,0103030,Ankapoor,Red Gram,Stressed,1,1,0,0,1,0,0,1,0.5,101.0,37.0,1.0,12.0,0.4574,0.4574,100.0,100.0
ADILABAD,ADILABAD,0103032,Lokari,Cotton,Stressed,1,1,0,0,1,0,0,1,0.5,80.0,43.0,4.0,13.0,0.3916,0.3916,100.0,100.0
ADILABAD,ADILABAD,0103033,Kottur (Nevegaon),Cotton,Healthy,1,1,0,1,0,0,0,0,0.0,73.0,55.0,5.0,15.0,1.4906,1.4906,0.0,100.0
ADILABAD,ADILABAD,0103034,Borenur,Cotton,Healthy,1,1,0,1,0,0,0,0,0.0,114.0,60.0,6.0,15.0,1.0135,1.0135,0.0,100.0
ADILABAD,ADILABAD,0103037,Belluri,Cotton,Healthy,1,1,0,1,0,0,0,0,0.0,83.0,46.0,5.0,11.0,1.2606,1.2606,0.0,100.0
ADILABAD,ADILABAD,0103039,Khandala,Cotton,Healthy,1,1,0,1,0,0,0,0,0.0,101.0,55.0,5.0,15.0,0.3447,0.3447,0.0,100.0
ADILABAD,ADILABAD,0103F01,FOREST,Cotton,Diseased,1,1,0,0,0,1,0,1,0.8,84.0,46.0,6.0,13.0,1.8007,1.8007,100.0,100.0
ADILABAD,ADILABAD,0103F01,FOREST,Cotton,Healthy,2,2,0,2,0,0,0,0,0.0,88.0,53.5,3.5,15.5,0.5439,1.0879,0.0,100.0
ADILABAD,ADILABAD,0103F02,FOREST,Cotton,Diseased,1,1,0,0,0,1,0,1,0.8,80.0,48.0,5.0,12.0,0.298,0.298,100.0,100.0
ADILABAD,ADILABAD,0103F02,FOREST,Cotton,Healthy,1,1,0,1,0,0,0,0,0.0,79.0,48.0,4.0,14.0,0.5123,0.5123,0.0,100.0
ADILABAD,ADILABAD,0103F02,FOREST,Red Gram,Healthy,2,2,0,2,0,0,0,0,0.0,71.0,43.5,2.5,9.5,0.8948,1.7895,0.0,100.0
ADILABAD,BAZARHATHNOOR,0110002,Girjai,Bengal Gram,Diseased,1,1,0,0,0,1,0,1,0.8,38.0,21.0,3.0,10.0,0.0404,0.0404,100.0,100.0
ADILABAD,BAZARHATHNOOR,0110002,Girjai,Maize,Healthy,8,8,0,8,0,0,0,0,0.0,148.625,50.75,4.125,22.5,0.2089,1.6711,0.0,100.0
ADILABAD,BAZARHATHNOOR,0110008,Yesapur,Bengal Gram,Pests,1,1,0,0,0,0,1,1,0.9,38.0,32.0,3.0,12.0,0.1076,0.1076,100.0,100.0
ADILABAD,BAZARHATHNOOR,0110009,Gokonda,Bengal Gram,Healthy,3,3,0,3,0,0,0,0,0.0,44.0,31.3333,1.3333,10.3333,0.2082,0.6246,0.0,100.0
ADILABAD,BAZARHATHNOOR,0110009,Gokonda,Bengal Gram,Pests,1,1,0,0,0,0,1,1,0.9,48.0,38.0,3.0,11.0,0.4914,0.4914,100.0,100.0
ADILABAD,BAZARHATHNOOR,0110010,Dhabadi,Maize,Healthy,4,4,0,4,0,0,0,0,0.0,170.5,49.25,3.25,21.25,0.0748,0.2991,0.0,100.0
ADILABAD,BAZARHATHNOOR,0110010,Dhabadi,Maize,Stressed,1,1,0,0,1,0,0,1,0.5,128.0,47.0,3.0,23.0,0.1591,0.1591,100.0,100.0
ADILABAD,BAZARHATHNOOR,0110011,Bhutai (Khurd),Maize,Healthy,10,10,0,10,0,0,0,0,0.0,180.1,51.4,3.1,22.1,0.3169,3.1692,0.0,100.0
ADILABAD,BAZARHATHNOOR,0110011,Bhutai (Khurd),Maize,Stressed,1,1,0,0,1,0,0,1,0.5,135.0,49.0,5.0,23.0,0.0658,0.0658,100.0,100.0
ADILABAD,BAZARHATHNOOR,0110012,Mankapur (P),Maize,Healthy,2,2,0,2,0,0,0,0,0.0,202.5,57.5,2.5,23.0,0.1939,0.3878,0.0,100.0
ADILABAD,BAZARHATHNOOR,0110013,Jatarla,Bengal Gram,Healthy,4,4,0,4,0,0,0,0,0.0,43.5,28.5,2.0,9.25,0.2456,0.9824,0.0,100.0
ADILABAD,BAZARHATHNOOR,0110014,Bhutai (Buzurg),Bengal Gram,Healthy,7,7,0,7,0,0,0,0,0.0,36.8571,28.7143,1.4286,9.1429,0.2143,1.4998,0.0,100.0
ADILABAD,BAZARHATHNOOR,0110014,Bhutai (Buzurg),Bengal Gram,Stressed,3,3,0,0,3,0,0,3,0.5,37.0,28.6667,1.6667,10.6667,0.2202,0.6607,100.0,100.0
ADILABAD,BAZARHATHNOOR,0110014,Bhutai (Buzurg),Maize,Diseased,2,2,0,0,0,2,0,2,0.8,159.5,48.5,4.0,23.5,0.2184,0.4369,100.0,100.0
ADILABAD,BAZARHATHNOOR,0110014,Bhutai (Buzurg),Maize,Healthy,23,23,0,23,0,0,0,0,0.0,172.2174,48.9565,3.1739,21.8261,0.136,3.1274,0.0,100.0
ADILABAD,BAZARHATHNOOR,0110014,Bhutai (Buzurg),Maize,Pests,1,1,0,0,0,0,1,1,0.9,226.0,46.0,2.0,21.0,0.0768,0.0768,100.0,100.0
ADILABAD,BAZARHATHNOOR,0110015,Chintal Sangvi,Bengal Gram,Diseased,1,1,0,0,0,1,0,1,0.8,34.0,30.0,3.0,12.0,0.6619,0.6619,100.0,100.0
ADILABAD,BAZARHATHNOOR,0110015,Chintal Sangvi,Bengal Gram,Healthy,18,18,0,18,0,0,0,0,0.0,41.7222,32.0,1.8333,10.0,0.2825,5.0848,0.0,100.0
ADILABAD,BAZARHATHNOOR,0110015,Chintal Sangvi,Bengal Gram,Pests,1,1,0,0,0,0,1,1,0.9,43.0,35.0,1.0,9.0,0.4532,0.4532,100.0,100.0
ADILABAD,BAZARHATHNOOR,0110015,Chintal Sangvi,Bengal Gram,Stressed,1,1,0,0,1,0,0,1,0.5,42.0,29.0,2.0,12.0,0.0953,0.0953,100.0,100.0
ADILABAD,BAZARHATHNOOR,0110015,Chintal Sangvi,Cotton,Healthy,1,1,0,1,0,0,0,0,0.0,73.0,51.0,4.0,10.0,1.1366,1.1366,0.0,100.0
ADILABAD,BAZARHATHNOOR,0110016,Dehgaon,Bengal Gram,Healthy,14,14,0,14,0,0,0,0,0.0,41.2857,32.2143,1.9286,10.0714,0.3315,4.6404,0.0,100.0
ADILABAD,BAZARHATHNOOR,0110016,Dehgaon,Bengal Gram,Pests,1,1,0,0,0,0,1,1,0.9,39.0,38.0,1.0,10.0,0.5013,0.5013,100.0,100.0
ADILABAD,BAZARHATHNOOR,0110016,Dehgaon,Bengal Gram,Stressed,1,1,0,0,1,0,0,1,0.5,31.0,27.0,2.0,10.0,0.8335,0.8335,100.0,100.0
ADILABAD,BAZARHATHNOOR,0110016,Dehgaon,Cotton,Healthy,1,1,0,1,0,0,0,0,0.0,108.0,47.0,3.0,10.0,0.7986,0.7986,0.0,100.0
ADILABAD,BAZARHATHNOOR,0110017,Bhosra,Bengal Gram,Healthy,1,1,0,1,0,0,0,0,0.0,30.0,39.0,2.0,10.0,0.5195,0.5195,0.0,100.0
ADILABAD,BAZARHATHNOOR,0110018,Dharampuri,Bengal Gram,Pests,1,1,0,0,0,0,1,1,0.9,30.0,20.0,2.0,12.0,0.4722,0.4722,100.0,100.0
ADILABAD,BAZARHATHNOOR,0110021,Dignoor,Cotton,Healthy,5,5,0,5,0,0,0,0,0.0,95.0,51.0,3.6,13.6,0.279,1.395,0.0,100.0
ADILABAD,BAZARHATHNOOR,0110021,Dignoor,Cotton,Pests,1,1,0,0,0,0,1,1,0.9,91.0,60.0,5.0,17.0,0.197,0.197,100.0,100.0
ADILABAD,BAZARHATHNOOR,0110021,Dignoor,Cotton,Stressed,1,1,0,0,1,0,0,1,0.5,103.0,41.0,3.0,18.0,0.1104,0.1104,100.0,100.0
ADILABAD,BAZARHATHNOOR,0110022,Girnur,Bengal Gram,Healthy,1,1,0,1,0,0,0,0,0.0,31.0,34.0,1.0,8.0,0.8456,0.8456,0.0,100.0
ADILABAD,BAZARHATHNOOR,0110023,Balanpur,Bengal Gram,Healthy,1,1,0,1,0,0,0,0,0.0,33.0,27.0,2.0,11.0,0.393,0.393,0.0,100.0
ADILABAD,BAZARHATHNOOR,0110024,Bazarhatnur,Bengal Gram,Healthy,2,2,0,2,0,0,0,0,0.0,36.5,27.0,2.0,10.5,0.3471,0.6943,0.0,100.0
ADILABAD,BAZARHATHNOOR,0110024,Bazarhatnur,Bengal Gram,Stressed,1,1,0,0,1,0,0,1,0.5,31.0,34.0,2.0,10.0,0.6191,0.6191,100.0,100.0
ADILABAD,BAZARHATHNOOR,0110024,Bazarhatnur,Cotton,Healthy,1,1,0,1,0,0,0,0,0.0,99.0,51.0,4.0,10.0,0.3806,0.3806,0.0,100.0
ADILABAD,BAZARHATHNOOR,0110024,Bazarhatnur,Cotton,Pests,1,1,0,0,0,0,1,1,0.9,92.0,46.0,6.0,11.0,2.3148,2.3148,100.0,100.0
ADILABAD,BAZARHATHNOOR,0110024,Bazarhatnur,Maize,Healthy,1,1,0,1,0,0,0,0,0.0,204.0,60.0,4.0,25.0,0.4126,0.4126,0.0,100.0
ADILABAD,BAZARHATHNOOR,0110030,Pipri,Bengal Gram,Healthy,1,1,0,1,0,0,0,0,0.0,30.0,27.0,3.0,8.0,0.6002,0.6002,0.0,100.0
ADILABAD,BAZARHATHNOOR,0110030,Pipri,Cotton,Diseased,1,1,0,0,0,1,0,1,0.8,98.0,46.0,2.0,17.0,0.3329,0.3329,100.0,100.0
ADILABAD,BAZARHATHNOOR,0110030,Pipri,Cotton,Healthy,7,7,0,7,0,0,0,0,0.0,91.8571,50.2857,3.7143,13.7143,0.4638,3.2468,0.0,100.0
ADILABAD,BAZARHATHNOOR,0110030,Pipri,Cotton,Pests,1,1,0,0,0,0,1,1,0.9,113.0,50.0,4.0,11.0,0.838,0.838,100.0,100.0
ADILABAD,BAZARHATHNOOR,0110031,Warthamanoor,Cotton,Healthy,6,6,0,6,0,0,0,0,0.0,76.3333,50.6667,4.1667,13.1667,0.5767,3.46,0.0,100.0
ADILABAD,BAZARHATHNOOR,0110031,Warthamanoor,Cotton,Pests,1,1,0,0,0,0,1,1,0.9,111.0,48.0,6.0,14.0,0.5647,0.5647,100.0,100.0
ADILABAD,BAZARHATHNOOR,0110F01,FOREST,Bengal Gram,Healthy,1,1,0,1,0,0,0,0,0.0,46.0,36.0,1.0,9.0,0.4117,0.4117,0.0,100.0
ADILABAD,BAZARHATHNOOR,0110F01,FOREST,Cotton,Healthy,3,3,0,3,0,0,0,0,0.0,78.3333,53.6667,3.0,12.6667,0.592,1.7759,0.0,100.0
ADILABAD,BELA,0105001,Awalpur,Bengal Gram,Healthy,6,6,0,6,0,0,0,0,0.0,38.5,25.3333,1.6667,9.1667,0.5612,3.367,0.0,100.0
ADILABAD,BELA,0105001,Awalpur,Bengal Gram,Stressed,1,1,0,0,1,0,0,1,0.5,44.0,29.0,3.0,8.0,1.161,1.161,100.0,100.0
ADILABAD,BELA,0105001,Awalpur,Cotton,Healthy,1,1,0,1,0,0,0,0,0.0,97.0,49.0,6.0,15.0,0.2814,0.2814,0.0,100.0
ADILABAD,BELA,0105002,Narayanpur,Maize,Healthy,1,1,0,1,0,0,0,0,0.0,205.0,55.0,4.0,21.0,0.0802,0.0802,0.0,100.0
ADILABAD,BELA,0105003,Sangdi,Bengal Gram,Diseased,1,1,0,0,0,1,0,1,0.8,42.0,25.0,1.0,12.0,0.4476,0.4476,100.0,100.0
ADILABAD,BELA,0105003,Sangdi,Bengal Gram,Healthy,1,1,0,1,0,0,0,0,0.0,42.0,26.0,3.0,12.0,0.1328,0.1328,0.0,100.0
ADILABAD,BELA,0105003,Sangdi,Cotton,Healthy,1,1,0,1,0,0,0,0,0.0,85.0,49.0,5.0,12.0,1.2276,1.2276,0.0,100.0
ADILABAD,BELA,0105003,Sangdi,Cotton,Pests,1,1,0,0,0,0,1,1,0.9,110.0,50.0,3.0,15.0,0.9866,0.9866,100.0,100.0
ADILABAD,BELA,0105003,Sangdi,Cotton,Stressed,1,1,0,0,1,0,0,1,0.5,111.0,49.0,4.0,10.0,0.4454,0.4454,100.0,100.0
ADILABAD,BELA,0105004,Bhedoda,Bengal Gram,Healthy,3,3,0,3,0,0,0,0,0.0,38.3333,36.0,2.0,9.0,0.7432,2.2296,0.0,100.0
ADILABAD,BELA,0105007,Khagdur,Cotton,Healthy,3,3,0,3,0,0,0,0,0.0,92.3333,51.6667,3.0,15.0,0.4205,1.2614,0.0,100.0
ADILABAD,BELA,0105007,Khagdur,Maize,Healthy,2,2,0,2,0,0,0,0,0.0,178.0,49.0,3.5,22.5,0.4919,0.9838,0.0,100.0
ADILABAD,BELA,0105012,Dehegaon,Bengal Gram,Healthy,1,1,0,1,0,0,0,0,0.0,43.0,20.0,1.0,11.0,0.6142,0.6142,0.0,100.0
ADILABAD,BELA,0105012,Dehegaon,Cotton,Healthy,2,2,0,2,0,0,0,0,0.0,82.0,51.0,4.0,17.5,0.7109,1.4217,0.0,100.0
ADILABAD,BELA,0105013,Guda,Bengal Gram,Healthy,4,4,0,4,0,0,0,0,0.0,41.0,30.25,2.5,9.75,0.3984,1.5935,0.0,100.0
ADILABAD,BELA,0105017,Bela,Cotton,Stressed,1,1,0,0,1,0,0,1,0.5,95.0,54.0,5.0,11.0,0.6154,0.6154,100.0,100.0
ADILABAD,BELA,0105018,Dhoptala,Cotton,Healthy,3,3,0,3,0,0,0,0,0.0,87.6667,50.3333,2.3333,15.6667,1.635,4.9051,0.0,100.0
ADILABAD,BELA,0105020,Singapur,Bengal Gram,Healthy,3,3,0,3,0,0,0,0,0.0,41.3333,26.6667,1.3333,9.6667,0.9488,2.8463,0.0,100.0
ADILABAD,BELA,0105021,Bhadi,Bengal Gram,Healthy,1,1,0,1,0,0,0,0,0.0,48.0,25.0,3.0,12.0,0.6993,0.6993,0.0,100.0
ADILABAD,BELA,0105021,Bhadi,Cotton,Diseased,1,1,0,0,0,1,0,1,0.8,118.0,47.0,3.0,18.0,0.9916,0.9916,100.0,100.0
ADILABAD,BELA,0105021,Bhadi,Cotton,Healthy,3,3,0,3,0,0,0,0,0.0,84.3333,54.0,3.6667,15.3333,0.4004,1.2013,0.0,100.0
ADILABAD,BELA,0105023,Masala (Buzurg),Bengal Gram,Healthy,1,1,0,1,0,0,0,0,0.0,31.0,38.0,2.0,9.0,0.5767,0.5767,0.0,100.0
ADILABAD,BELA,0105023,Masala (Buzurg),Cotton,Healthy,1,1,0,1,0,0,0,0,0.0,112.0,55.0,4.0,16.0,1.0751,1.0751,0.0,100.0
ADILABAD,BELA,0105024,Ekori,Cotton,Healthy,2,2,0,2,0,0,0,0,0.0,113.5,58.0,4.5,14.0,1.3153,2.6306,0.0,100.0
ADILABAD,BELA,0105026,Junoni,Bengal Gram,Diseased,1,1,0,0,0,1,0,1,0.8,37.0,24.0,2.0,9.0,0.0874,0.0874,100.0,100.0
ADILABAD,BELA,0105026,Junoni,Bengal Gram,Healthy,2,2,0,2,0,0,0,0,0.0,35.5,20.5,2.0,12.0,0.6035,1.207,0.0,100.0
ADILABAD,BELA,0105026,Junoni,Cotton,Healthy,2,2,0,2,0,0,0,0,0.0,91.5,44.5,2.5,12.5,0.8882,1.7764,0.0,100.0
ADILABAD,BELA,0105028,Patan,Cotton,Healthy,4,4,0,4,0,0,0,0,0.0,100.5,53.5,4.75,16.25,0.5824,2.3297,0.0,100.0
ADILABAD,BELA,0105029,Ramkam,Cotton,Healthy,2,2,0,2,0,0,0,0,0.0,91.5,53.5,4.5,19.0,1.2113,2.4227,0.0,100.0
ADILABAD,BELA,0105029,Ramkam,Cotton,Pests,1,1,0,0,0,0,1,1,0.9,114.0,43.0,2.0,13.0,1.0248,1.0248,100.0,100.0
ADILABAD,BELA,0105030,Ponnala,Cotton,Healthy,1,1,0,1,0,0,0,0,0.0,70.0,52.0,3.0,19.0,0.1968,0.1968,0.0,100.0
ADILABAD,BELA,0105031,Chandpalle,Cotton,Diseased,1,1,0,0,0,1,0,1,0.8,74.0,53.0,2.0,19.0,0.6006,0.6006,100.0,100.0
ADILABAD,BELA,0105031,Chandpalle,Cotton,Healthy,7,7,0,7,0,0,0,0,0.0,95.7143,47.4286,3.0,13.4286,0.9184,6.4289,0.0,100.0
ADILABAD,BELA,0105032,Pitgaon,Cotton,Healthy,1,1,0,1,0,0,0,0,0.0,63.0,59.0,4.0,13.0,0.7685,0.7685,0.0,100.0
ADILABAD,BELA,0105033,Chaprala,Cotton,Healthy,2,2,0,2,0,0,0,0,0.0,92.5,47.5,4.0,12.5,1.0644,2.1287,0.0,100.0
ADILABAD,BELA,0105033,Chaprala,Cotton,Pests,1,1,0,0,0,0,1,1,0.9,113.0,42.0,2.0,11.0,1.2792,1.2792,100.0,100.0
ADILABAD,BELA,0105034,Warur,Cotton,Healthy,2,2,0,2,0,0,0,0,0.0,75.0,45.0,5.0,14.0,0.9462,1.8924,0.0,100.0
ADILABAD,BELA,0105035,Sonkhos,Cotton,Healthy,3,3,0,3,0,0,0,0,0.0,88.0,49.3333,3.0,12.6667,0.6857,2.0571,0.0,100.0
ADILABAD,BELA,0105037,Sadarpur,Cotton,Healthy,3,3,0,3,0,0,0,0,0.0,87.0,46.0,3.6667,15.3333,0.817,2.451,0.0,100.0
ADILABAD,BELA,0105037,Sadarpur,Cotton,Stressed,1,1,0,0,1,0,0,1,0.5,68.0,46.0,2.0,12.0,1.3834,1.3834,100.0,100.0
ADILABAD,BELA,0105039,Karoni (K),Cotton,Healthy,2,2,0,2,0,0,0,0,0.0,96.0,54.0,4.0,14.5,0.6616,1.3231,0.0,100.0
ADILABAD,BELA,0105F01,FOREST,Cotton,Healthy,1,1,0,1,0,0,0,0,0.0,78.0,55.0,3.0,18.0,0.7037,0.7037,0.0,100.0
ADILABAD,BHAINSA,0116001,Chichond,Bengal Gram,Pests,1,1,0,0,0,0,1,1,0.9,31.0,33.0,1.0,10.0,0.4315,0.4315,100.0,100.0
ADILABAD,BHAINSA,0116002,Kumbhi,Bengal Gram,,1,0,1,0,0,0,0,0,,41.0,23.0,3.0,11.0,0.6207,0.6207,,0.0
ADILABAD,BHAINSA,0116002,Kumbhi,Bengal Gram,Healthy,1,1,0,1,0,0,0,0,0.0,44.0,29.0,2.0,11.0,0.7123,0.7123,0.0,100.0
ADILABAD,BHAINSA,0116002,Kumbhi,Maize,,1,0,1,0,0,0,0,0,,175.0,41.0,4.0,22.0,0.6617,0.6617,,0.0
ADILABAD,BHAINSA,0116002,Kumbhi,Maize,Healthy,2,2,0,2,0,0,0,0,0.0,192.5,51.5,3.5,23.0,0.6888,1.3775,0.0,100.0
ADILABAD,BHAINSA,0116003,Takli,Maize,Healthy,1,1,0,1,0,0,0,0,0.0,204.0,58.0,2.0,25.0,1.8492,1.8492,0.0,100.0
ADILABAD,BHAINSA,0116003,Takli,Maize,Stressed,1,1,0,0,1,0,0,1,0.5,228.0,43.0,2.0,25.0,0.3373,0.3373,100.0,100.0
ADILABAD,BHAINSA,0116004,Linga,Maize,Healthy,6,6,0,6,0,0,0,0,0.0,137.1667,51.5,3.3333,22.1667,1.2367,7.4201,0.0,100.0
ADILABAD,BHAINSA,0116005,Mirzapur,Maize,Healthy,3,3,0,3,0,0,0,0,0.0,190.6667,50.0,3.3333,21.0,0.4357,1.3072,0.0,100.0
ADILABAD,BHAINSA,0116006,Siddur,Bengal Gram,Healthy,1,1,0,1,0,0,0,0,0.0,41.0,32.0,2.0,9.0,0.7557,0.7557,0.0,100.0
ADILABAD,BHAINSA,0116006,Siddur,Maize,Diseased,2,2,0,0,0,2,0,2,0.8,238.0,47.5,3.5,21.5,0.6903,1.3807,100.0,100.0
ADILABAD,BHAINSA,0116006,Siddur,Maize,Healthy,11,11,0,11,0,0,0,0,0.0,167.6364,48.2727,2.9091,23.0,0.7086,7.7946,0.0,100.0
ADILABAD,BHAINSA,0116007,Gundagaon,Maize,Healthy,2,2,0,2,0,0,0,0,0.0,226.5,51.5,3.0,23.0,2.3874,4.7747,0.0,100.0
ADILABAD,BHAINSA,0116008,Mahagaon,Bengal Gram,Healthy,3,3,0,3,0,0,0,0,0.0,41.6667,24.0,2.6667,11.0,0.627,1.881,0.0,100.0
ADILABAD,BHAINSA,0116008,Mahagaon,Maize,Diseased,2,2,0,0,0,2,0,2,0.8,201.0,43.0,4.5,20.5,0.5277,1.0555,100.0,100.0
ADILABAD,BHAINSA,0116008,Mahagaon,Maize,Healthy,21,21,0,21,0,0,0,0,0.0,179.8571,51.7619,3.2857,22.4762,0.5617,11.7948,0.0,100.0
ADILABAD,BHAINSA,0116008,Mahagaon,Maize,Pests,3,3,0,0,0,0,3,3,0.9,165.3333,54.6667,3.3333,22.6667,0.6987,2.0961,100.0,100.0
ADILABAD,BHAINSA,0116008,Mahagaon,Maize,Stressed,1,1,0,0,1,0,0,1,0.5,161.0,54.0,2.0,20.0,0.3248,0.3248,100.0,100.0
ADILABAD,BHAINSA,0116009,Chintalabori,Bengal Gram,Healthy,1,1,0,1,0,0,0,0,0.0,44.0,27.0,1.0,12.0,0.4846,0.4846,0.0,100.0
ADILABAD,BHAINSA,0116009,Chintalabori,Maize,Healthy,2,2,0,2,0,0,0,0,0.0,124.5,48.5,3.0,24.5,0.433,0.866,0.0,100.0
ADILABAD,BHAINSA,0116009,Chintalabori,Maize,Stressed,1,1,0,0,1,0,0,1,0.5,207.0,44.0,4.0,25.0,0.5326,0.5326,100.0,100.0
ADILABAD,BHAINSA,0116010,Kotalgaon,Maize,Healthy,12,12,0,12,0,0,0,0,0.0,163.9167,49.3333,3.4167,22.3333,0.602,7.2237,0.0,100.0
ADILABAD,BHAINSA,0116011,Bijjur,Maize,Healthy,6,6,0,6,0,0,0,0,0.0,178.3333,47.3333,3.8333,23.3333,0.8003,4.8018,0.0,100.0
ADILABAD,BHAINSA,0116011,Bijjur,Maize,Pests,1,1,0,0,0,0,1,1,0.9,248.0,52.0,5.0,20.0,0.2744,0.2744,100.0,100.0
ADILABAD,BHAINSA,0116012,Sunkli,Maize,Diseased,1,1,0,0,0,1,0,1,0.8,118.0,49.0,5.0,21.0,0.1841,0.1841,100.0,100.0
ADILABAD,BHAINSA,0116012,Sunkli,Maize,Healthy,16,16,0,16,0,0,0,0,0.0,181.9375,51.625,3.625,21.8125,0.4787,7.6597,0.0,100.0
ADILABAD,BHAINSA,0116012,Sunkli,Maize,Pests,1,1,0,0,0,0,1,1,0.9,129.0,45.0,3.0,22.0,0.1613,0.1613,100.0,100.0
ADILABAD,BHAINSA,0116012,Sunkli,Maize,Stressed,2,2,0,0,2,0,0,2,0.5,134.5,41.5,3.0,24.0,0.6288,1.2576,100.0,100.0
ADILABAD,BHAINSA,0116013,Thimmapur,Maize,Healthy,6,6,0,6,0,0,0,0,0.0,178.5,53.3333,3.6667,23.3333,0.183,1.0978,0.0,100.0
ADILABAD,BHAINSA,0116013,Thimmapur,Maize,Stressed,2,2,0,0,2,0,0,2,0.5,178.0,51.5,3.0,23.0,0.4581,0.9163,100.0,100.0
ADILABAD,BHAINSA,0116014,Wanalpahad,Maize,Healthy,5,5,0,5,0,0,0,0,0.0,140.0,51.0,2.8,21.8,0.4161,2.0805,0.0,100.0
ADILABAD,BHAINSA,0116014,Wanalpahad,Maize,Pests,2,2,0,0,0,0,2,2,0.9,185.0,51.0,3.5,21.0,0.1991,0.3982,100.0,100.0
ADILABAD,BHAINSA,0116015,Ekgaon,Maize,Diseased,1,1,0,0,0,1,0,1,0.8,108.0,47.0,4.0,25.0,0.2764,0.2764,100.0,100.0
ADILABAD,BHAINSA,0116015,Ekgaon,Maize,Healthy,12,12,0,12,0,0,0,0,0.0,168.6667,50.8333,4.0833,21.75,0.4036,4.8432,0.0,100.0
ADILABAD,BHAINSA,0116016,pipri,Maize,Healthy,10,10,0,10,0,0,0,0,0.0,182.3,48.1,3.2,22.7,1.0444,10.4441,0.0,100.0
ADILABAD,BHAINSA,0116017,Babalgaon,Maize,Healthy,4,4,0,4,0,0,0,0,0.0,171.5,51.75,3.5,21.5,0.8012,3.205,0.0,100.0
ADILABAD,BHAINSA,0116017,Babalgaon,Maize,Pests,1,1,0,0,0,0,1,1,0.9,123.0,55.0,5.0,23.0,0.841,0.841,100.0,100.0
ADILABAD,BHAINSA,0116018,BHAINSA,Bengal Gram,Healthy,4,4,0,4,0,0,0,0,0.0,41.0,32.75,2.25,10.75,1.191,4.7641,0.0,100.0
ADILABAD,BHAINSA,0116018,BHAINSA,Bengal Gram,Pests,1,1,0,0,0,0,1,1,0.9,44.0,27.0,3.0,10.0,1.6923,1.6923,100.0,100.0
ADILABAD,BHAINSA,0116018,BHAINSA,Maize,Diseased,1,1,0,0,0,1,0,1,0.8,247.0,46.0,4.0,21.0,3.5195,3.5195,100.0,100.0
ADILABAD,BHAINSA,0116018,BHAINSA,Maize,Healthy,12,12,0,12,0,0,0,0,0.0,174.6667,52.0833,3.3333,21.6667,1.1167,13.4008,0.0,100.0
ADILABAD,BHAINSA,0116019,Pangri,Bengal Gram,Healthy,3,3,0,3,0,0,0,0,0.0,39.0,28.0,2.3333,9.6667,0.5763,1.7288,0.0,100.0
ADILABAD,BHAINSA,0116019,Pangri,Maize,Healthy,2,2,0,2,0,0,0,0,0.0,177.5,50.5,2.5,20.0,1.3933,2.7867,0.0,100.0
ADILABAD,BHAINSA,0116020,Manjri,Bengal Gram,Healthy,4,4,0,4,0,0,0,0,0.0,36.25,32.0,2.25,11.25,0.2709,1.0835,0.0,100.0
ADILABAD,BHAINSA,0116020,Manjri,Bengal Gram,Pests,1,1,0,0,0,0,1,1,0.9,46.0,38.0,1.0,11.0,0.0874,0.0874,100.0,100.0
ADILABAD,BHAINSA,0116020,Manjri,Bengal Gram,Stressed,2,2,0,0,2,0,0,2,0.5,40.0,31.0,1.5,9.5,0.4394,0.8788,100.0,100.0
ADILABAD,BHAINSA,0116021,Sirala,Bengal Gram,Healthy,5,5,0,5,0,0,0,0,0.0,37.2,32.8,2.2,10.4,0.3501,1.7503,0.0,100.0
ADILABAD,BHAINSA,0116021,Sirala,Bengal Gram,Pests,2,2,0,0,0,0,2,2,0.9,33.0,27.5,1.5,10.5,0.6138,1.2276,100.0,100.0
ADILABAD,BHAINSA,0116021,Sirala,Bengal Gram,Stressed,1,1,0,0,1,0,0,1,0.5,44.0,36.0,2.0,10.0,0.1345,0.1345,100.0,100.0
ADILABAD,BHAINSA,0116022,Dahegaon,Bengal Gram,Healthy,1,1,0,1,0,0,0,0,0.0,32.0,23.0,3.0,10.0,2.1368,2.1368,0.0,100.0
ADILABAD,BHAINSA,0116022,Dahegaon,Maize,Healthy,7,7,0,7,0,0,0,0,0.0,177.0,54.4286,3.7143,22.4286,0.7396,5.1775,0.0,100.0
ADILABAD,BHAINSA,0116022,Dahegaon,Maize,Stressed,2,2,0,0,2,0,0,2,0.5,177.0,45.0,3.5,21.0,1.1265,2.2529,100.0,100.0
ADILABAD,BHAINSA,0116023,Elegaon,Bengal Gram,Diseased,1,1,0,0,0,1,0,1,0.8,49.0,27.0,3.0,12.0,0.151,0.151,100.0,100.0
ADILABAD,BHAINSA,0116023,Elegaon,Bengal Gram,Healthy,2,2,0,2,0,0,0,0,0.0,38.5,29.0,2.0,10.0,0.6142,1.2284,0.0,100.0
ADILABAD,BHAINSA,0116023,Elegaon,Bengal Gram,Pests,1,1,0,0,0,0,1,1,0.9,35.0,21.0,1.0,10.0,0.8303,0.8303,100.0,100.0
ADILABAD,BHAINSA,0116023,Elegaon,Maize,Healthy,4,4,0,4,0,0,0,0,0.0,178.0,51.25,3.5,23.75,0.6499,2.5996,0.0,100.0
ADILABAD,BHAINSA,0116024,Badgaon,Bengal Gram,Healthy,3,3,0,3,0,0,0,0,0.0,39.3333,33.0,2.3333,11.6667,1.1851,3.5554,0.0,100.0
ADILABAD,BHAINSA,0116024,Badgaon,Bengal Gram,Pests,1,1,0,0,0,0,1,1,0.9,46.0,39.0,1.0,10.0,0.8088,0.8088,100.0,100.0
ADILABAD,BHAINSA,0116025,Walegaon,Bengal Gram,Healthy,1,1,0,1,0,0,0,0,0.0,36.0,21.0,3.0,12.0,0.6024,0.6024,0.0,100.0
ADILABAD,BHAINSA,0116025,Walegaon,Maize,Healthy,4,4,0,4,0,0,0,0,0.0,188.75,48.75,3.5,24.0,1.2391,4.9565,0.0,100.0
ADILABAD,BHAINSA,0116026,Kumsari,Maize,Healthy,5,5,0,5,0,0,0,0,0.0,157.4,45.4,2.4,21.6,1.7112,8.5561,0.0,100.0
ADILABAD,BHAINSA,0116027,KHATGAON,Maize,Healthy,9,9,0,9,0,0,0,0,0.0,211.7778,50.6667,4.2222,22.3333,1.4274,12.8463,0.0,100.0
ADILABAD,BHAINSA,0116027,KHATGAON,Maize,Pests,2,2,0,0,0,0,2,2,0.9,124.5,49.5,4.5,22.5,3.4239,6.8477,100.0,100.0
ADILABAD,BHAINSA,0116028,Kamol,Maize,Diseased,1,1,0,0,0,1,0,1,0.8,235.0,45.0,4.0,23.0,1.4021,1.4021,100.0,100.0
ADILABAD,BHAINSA,0116028,Kamol,Maize,Healthy,3,3,0,3,0,0,0,0,0.0,199.3333,48.6667,3.3333,23.0,0.6673,2.0018,0.0,100.0
ADILABAD,BHAINSA,0116028,Kamol,Maize,Pests,2,2,0,0,0,0,2,2,0.9,174.0,47.0,2.5,21.5,1.6804,3.3608,100.0,100.0
ADILABAD,BHAINSA,0116029,HASGUL,Bengal Gram,Healthy,3,3,0,3,0,0,0,0,0.0,37.0,28.0,2.0,9.3333,0.5961,1.7882,0.0,100.0
ADILABAD,BHAINSA,0116029,HASGUL,Maize,Healthy,5,5,0,5,0,0,0,0,0.0,192.2,51.6,3.2,21.6,1.8737,9.3683,0.0,100.0
ADILABAD,BHAINSA,0116029,HASGUL,Maize,Pests,2,2,0,0,0,0,2,2,0.9,147.5,50.5,4.0,21.5,0.5144,1.0288,100.0,100.0
ADILABAD,BHAINSA,0116029,HASGUL,Maize,Stressed,1,1,0,0,1,0,0,1,0.5,224.0,56.0,2.0,25.0,1.1107,1.1107,100.0,100.0
ADILABAD,BHAINSA,0116030,Mategaon,Maize,Healthy,8,8,0,8,0,0,0,0,0.0,164.75,46.75,3.625,21.5,0.711,5.6884,0.0,100.0
ADILABAD,BHAINSA,0116030,Mategaon,Maize,Pests,1,1,0,0,0,0,1,1,0.9,199.0,55.0,2.0,24.0,0.3296,0.3296,100.0,100.0
ADILABAD,BHAINSA,0116030,Mategaon,Maize,Stressed,2,2,0,0,2,0,0,2,0.5,154.5,56.5,4.0,24.5,0.6162,1.2324,100.0,100.0
ADILABAD,BHAINSA,0116031,HAMPOLI KHURD,Maize,Healthy,2,2,0,2,0,0,0,0,0.0,169.5,48.5,4.0,24.0,0.4689,0.9378,0.0,100.0
ADILABAD,BHAINSA,0116032,Boregaon (Buzurg),Maize,Healthy,2,2,0,2,0,0,0,0,0.0,200.5,50.5,5.0,21.0,0.21,0.4199,0.0,100.0
ADILABAD,BHAINSA,0116033,Watoli,Maize,Healthy,1,1,0,1,0,0,0,0,0.0,214.0,41.0,4.0,25.0,1.3309,1.3309,0.0,100.0
ADILABAD,BHAINSA,0116034,Pendapalle,Maize,Healthy,1,1,0,1,0,0,0,0,0.0,214.0,48.0,2.0,25.0,1.2045,1.2045,0.0,100.0
ADILABAD,BHAINSA,0116034,Pendapalle,Maize,Stressed,1,1,0,0,1,0,0,1,0.5,208.0,56.0,3.0,24.0,0.2064,0.2064,100.0,100.0
ADILABAD,BOATH,0111002,Gollapur,Bengal Gram,Diseased,1,1,0,0,0,1,0,1,0.8,31.0,28.0,1.0,12.0,0.4843,0.4843,100.0,100.0
ADILABAD,BOATH,0111003,Chintalabori,Bengal Gram,Healthy,1,1,0,1,0,0,0,0,0.0,46.0,24.0,3.0,11.0,0.1489,0.1489,0.0,100.0
ADILABAD,BOATH,0111004,Ghanpur,Bengal Gram,Stressed,1,1,0,0,1,0,0,1,0.5,37.0,30.0,1.0,12.0,1.2827,1.2827,100.0,100.0
ADILABAD,BOATH,0111004,Ghanpur,Cotton,Healthy,2,2,0,2,0,0,0,0,0.0,100.0,50.0,3.0,14.0,0.533,1.0659,0.0,100.0
ADILABAD,BOATH,0111004,Ghanpur,Red Gram,Healthy,1,1,0,1,0,0,0,0,0.0,72.0,46.0,2.0,9.0,0.9763,0.9763,0.0,100.0
ADILABAD,BOATH,0111005,Pardi (Buzurg),Bengal Gram,Healthy,2,2,0,2,0,0,0,0,0.0,34.5,28.0,3.0,10.5,0.2128,0.4257,0.0,100.0
ADILABAD,BOATH,0111005,Pardi (Buzurg),Bengal Gram,Pests,2,2,0,0,0,0,2,2,0.9,35.5,28.5,1.0,10.5,0.5419,1.0839,100.0,100.0
ADILABAD,BOATH,0111006,Sonala,Bengal Gram,Healthy,7,7,0,7,0,0,0,0,0.0,41.7143,29.8571,2.2857,10.4286,0.2598,1.8189,0.0,100.0
ADILABAD,BOATH,0111006,Sonala,Bengal Gram,Pests,1,1,0,0,0,0,1,1,0.9,39.0,21.0,2.0,12.0,0.2561,0.2561,100.0,100.0
ADILABAD,BOATH,0111006,Sonala,Cotton,Healthy,1,1,0,1,0,0,0,0,0.0,104.0,51.0,6.0,13.0,0.2322,0.2322,0.0,100.0
ADILABAD,BOATH,0111006,Sonala,Cotton,Stressed,1,1,0,0,1,0,0,1,0.5,86.0,43.0,4.0,19.0,0.615,0.615,100.0,100.0
ADILABAD,BOATH,0111006,Sonala,Maize,Healthy,3,3,0,3,0,0,0,0,0.0,147.0,53.0,2.3333,21.6667,0.5043,1.513,0.0,100.0
ADILABAD,BOATH,0111007,Kowtha (Khurd),Bengal Gram,Stressed,1,1,0,0,1,0,0,1,0.5,49.0,30.0,1.0,12.0,0.3058,0.3058,100.0,100.0
ADILABAD,BOATH,0111007,Kowtha (Khurd),Cotton,Healthy,2,2,0,2,0,0,0,0,0.0,101.5,53.0,5.5,11.5,1.1998,2.3996,0.0,100.0
ADILABAD,BOATH,0111007,Kowtha (Khurd),Cotton,Stressed,2,2,0,0,2,0,0,2,0.5,94.5,54.0,3.5,16.0,0.4638,0.9276,100.0,100.0
ADILABAD,BOATH,0111008,Dera,Bengal Gram,Pests,1,1,0,0,0,0,1,1,0.9,37.0,31.0,3.0,12.0,0.4267,0.4267,100.0,100.0
ADILABAD,BOATH,0111008,Dera,Bengal Gram,Stressed,1,1,0,0,1,0,0,1,0.5,49.0,40.0,1.0,12.0,0.3367,0.3367,100.0,100.0
ADILABAD,BOATH,0111009,Sangvi,Cotton,Healthy,3,3,0,3,0,0,0,0,0.0,93.3333,48.0,4.0,12.3333,0.3617,1.0851,0.0,100.0
ADILABAD,BOATH,0111011,Demmi,Bengal Gram,Healthy,2,2,0,2,0,0,0,0,0.0,41.0,31.5,2.0,10.0,0.2245,0.4489,0.0,100.0
ADILABAD,BOATH,0111011,Demmi,Cotton,Diseased,1,1,0,0,0,1,0,1,0.8,88.0,52.0,6.0,17.0,0.5174,0.5174,100.0,100.0
ADILABAD,BOATH,0111011,Demmi,Cotton,Healthy,2,2,0,2,0,0,0,0,0.0,94.0,48.5,4.0,19.0,0.9172,1.8344,0.0,100.0
ADILABAD,BOATH,0111012,Kangutta,Bengal Gram,Healthy,1,1,0,1,0,0,0,0,0.0,41.0,21.0,3.0,8.0,0.5104,0.5104,0.0,100.0
ADILABAD,BOATH,0111012,Kangutta,Maize,Healthy,7,7,0,7,0,0,0,0,0.0,192.5714,53.0,4.0,21.8571,0.268,1.8761,0.0,100.0
ADILABAD,BOATH,0111012,Kangutta,Maize,Pests,1,1,0,0,0,0,1,1,0.9,237.0,54.0,3.0,23.0,0.2928,0.2928,100.0,100.0
ADILABAD,BOATH,0111013,Sakhera,Bengal Gram,Healthy,1,1,0,1,0,0,0,0,0.0,34.0,26.0,2.0,10.0,0.1915,0.1915,0.0,100.0
ADILABAD,BOATH,0111013,Sakhera,Cotton,Healthy,6,6,0,6,0,0,0,0,0.0,80.1667,52.5,2.5,17.0,0.4666,2.7999,0.0,100.0
ADILABAD,BOATH,0111014,Tewiti,Bengal Gram,Healthy,6,6,0,6,0,0,0,0,0.0,43.8333,34.6667,2.5,10.0,0.2451,1.4708,0.0,100.0
ADILABAD,BOATH,0111014,Tewiti,Bengal Gram,Stressed,1,1,0,0,1,0,0,1,0.5,30.0,33.0,1.0,11.0,0.7588,0.7588,100.0,100.0
ADILABAD,BOATH,0111015,Medi,Cotton,Healthy,4,4,0,4,0,0,0,0,0.0,82.25,47.75,4.25,15.5,0.2893,1.1571,0.0,100.0
ADILABAD,BOATH,0111015,Medi,Cotton,Pests,1,1,0,0,0,0,1,1,0.9,89.0,51.0,4.0,11.0,0.4299,0.4299,100.0,100.0
ADILABAD,BOATH,0111015,Medi,Maize,Healthy,3,3,0,3,0,0,0,0,0.0,167.3333,50.6667,4.3333,21.6667,0.1483,0.4448,0.0,100.0
ADILABAD,BOATH,0111016,Karathwada,Bengal Gram,Healthy,1,1,0,1,0,0,0,0,0.0,34.0,23.0,2.0,12.0,0.3789,0.3789,0.0,100.0
ADILABAD,BOATH,0111016,Karathwada,Cotton,Healthy,3,3,0,3,0,0,0,0,0.0,80.0,56.0,3.0,14.3333,0.5712,1.7136,0.0,100.0
ADILABAD,BOATH,0111016,Karathwada,Cotton,Pests,2,2,0,0,0,0,2,2,0.9,80.5,46.0,4.5,16.5,0.286,0.5719,100.0,100.0
ADILABAD,BOATH,0111017,Pardi (Khurd),Bengal Gram,Healthy,2,2,0,2,0,0,0,0,0.0,35.5,28.0,1.0,11.5,0.3003,0.6006,0.0,100.0
ADILABAD,BOATH,0111017,Pardi (Khurd),Bengal Gram,Stressed,1,1,0,0,1,0,0,1,0.5,41.0,31.0,3.0,10.0,0.1491,0.1491,100.0,100.0
ADILABAD,BOATH,0111018,Nakkalawada,Cotton,Healthy,1,1,0,1,0,0,0,0,0.0,103.0,60.0,5.0,18.0,0.5064,0.5064,0.0,100.0
ADILABAD,BOATH,0111019,Babera,Bengal Gram,Healthy,5,5,0,5,0,0,0,0,0.0,41.8,28.8,2.6,9.4,0.3675,1.8373,0.0,100.0
ADILABAD,BOATH,0111019,Babera,Bengal Gram,Pests,3,3,0,0,0,0,3,3,0.9,41.3333,28.6667,2.3333,10.3333,0.5372,1.6115,100.0,100.0
ADILABAD,BOATH,0111019,Babera,Bengal Gram,Stressed,1,1,0,0,1,0,0,1,0.5,49.0,33.0,1.0,9.0,0.4935,0.4935,100.0,100.0
ADILABAD,BOATH,0111020,Kantegaon,Cotton,Healthy,2,2,0,2,0,0,0,0,0.0,90.0,53.0,3.5,11.5,0.2997,0.5994,0.0,100.0
ADILABAD,BOATH,0111021,Nigini,Bengal Gram,Healthy,8,8,0,8,0,0,0,0,0.0,37.375,30.25,1.75,9.75,0.4654,3.7234,0.0,100.0
ADILABAD,BOATH,0111021,Nigini,Bengal Gram,Pests,1,1,0,0,0,0,1,1,0.9,48.0,24.0,1.0,11.0,0.1388,0.1388,100.0,100.0
ADILABAD,BOATH,0111022,Marlapalle,Bengal Gram,Healthy,3,3,0,3,0,0,0,0,0.0,37.3333,27.3333,1.6667,9.6667,0.2672,0.8017,0.0,100.0
ADILABAD,BOATH,0111022,Marlapalle,Cotton,Healthy,3,3,0,3,0,0,0,0,0.0,87.6667,46.6667,4.0,13.6667,0.4702,1.4107,0.0,100.0
ADILABAD,BOATH,0111023,Suradapur,Bengal Gram,Healthy,1,1,0,1,0,0,0,0,0.0,44.0,20.0,2.0,11.0,0.1958,0.1958,0.0,100.0
ADILABAD,BOATH,0111023,Suradapur,Bengal Gram,Pests,1,1,0,0,0,0,1,1,0.9,36.0,35.0,3.0,12.0,0.3726,0.3726,100.0,100.0
ADILABAD,BOATH,0111023,Suradapur,Maize,Healthy,3,3,0,3,0,0,0,0,0.0,186.0,49.6667,3.3333,20.6667,0.2246,0.6738,0.0,100.0
ADILABAD,BOATH,0111025,Keslapur,Bengal Gram,Healthy,1,1,0,1,0,0,0,0,0.0,41.0,20.0,1.0,10.0,0.4959,0.4959,0.0,100.0
ADILABAD,BOATH,0111025,Keslapur,Cotton,Healthy,2,2,0,2,0,0,0,0,0.0,88.0,49.0,4.5,17.5,0.2118,0.4237,0.0,100.0
ADILABAD,BOATH,0111026,Boath (Khurd),Bengal Gram,Healthy,1,1,0,1,0,0,0,0,0.0,38.0,36.0,1.0,8.0,0.6105,0.6105,0.0,100.0
ADILABAD,BOATH,0111026,Boath (Khurd),Cotton,Healthy,1,1,0,1,0,0,0,0,0.0,78.0,52.0,4.0,12.0,0.3874,0.3874,0.0,100.0
ADILABAD,BOATH,0111026,Boath (Khurd),Maize,Diseased,1,1,0,0,0,1,0,1,0.8,234.0,42.0,3.0,25.0,1.2375,1.2375,100.0,100.0
ADILABAD,BOATH,0111026,Boath (Khurd),Maize,Healthy,1,1,0,1,0,0,0,0,0.0,204.0,52.0,3.0,24.0,0.7595,0.7595,0.0,100.0
ADILABAD,BOATH,0111027,Boath (Buzurg),Bengal Gram,Healthy,1,1,0,1,0,0,0,0,0.0,30.0,32.0,3.0,10.0,0.3753,0.3753,0.0,100.0
ADILABAD,BOATH,0111027,Boath (Buzurg),Bengal Gram,Stressed,1,1,0,0,1,0,0,1,0.5,39.0,30.0,3.0,8.0,0.9306,0.9306,100.0,100.0
ADILABAD,BOATH,0111027,Boath (Buzurg),Cotton,Healthy,2,2,0,2,0,0,0,0,0.0,76.0,47.5,4.0,12.5,0.3191,0.6381,0.0,100.0
ADILABAD,BOATH,0111027,Boath (Buzurg),Maize,Healthy,1,1,0,1,0,0,0,0,0.0,208.0,51.0,3.0,23.0,0.3553,0.3553,0.0,100.0
ADILABAD,BOATH,0111029,Venkatapur,Bengal Gram,Diseased,1,1,0,0,0,1,0,1,0.8,46.0,28.0,3.0,11.0,0.3025,0.3025,100.0,100.0
ADILABAD,BOATH,0111029,Venkatapur,Bengal Gram,Healthy,1,1,0,1,0,0,0,0,0.0,39.0,39.0,3.0,9.0,0.3216,0.3216,0.0,100.0
ADILABAD,BOATH,0111029,Venkatapur,Cotton,Healthy,1,1,0,1,0,0,0,0,0.0,105.0,42.0,2.0,10.0,0.581,0.581,0.0,100.0
ADILABAD,BOATH,0111030,Pochera,Bengal Gram,Healthy,4,4,0,4,0,0,0,0,0.0,36.5,29.0,2.5,10.0,0.5094,2.0374,0.0,100.0
ADILABAD,BOATH,0111030,Pochera,Cotton,Diseased,1,1,0,0,0,1,0,1,0.8,120.0,46.0,3.0,20.0,0.3367,0.3367,100.0,100.0
ADILABAD,BOATH,0111030,Pochera,Cotton,Healthy,3,3,0,3,0,0,0,0,0.0,68.6667,49.6667,4.6667,13.0,0.3831,1.1494,0.0,100.0
ADILABAD,BOATH,0111031,Kuchalapur,Bengal Gram,Diseased,1,1,0,0,0,1,0,1,0.8,50.0,31.0,3.0,8.0,0.3498,0.3498,100.0,100.0
ADILABAD,BOATH,0111031,Kuchalapur,Bengal Gram,Healthy,4,4,0,4,0,0,0,0,0.0,42.5,27.0,2.25,10.25,0.3102,1.2409,0.0,100.0
ADILABAD,BOATH,0111031,Kuchalapur,Bengal Gram,Stressed,2,2,0,0,2,0,0,2,0.5,40.0,25.5,2.0,9.0,0.4632,0.9264,100.0,100.0
ADILABAD,BOATH,0111033,Birlagondi,Bengal Gram,Healthy,2,2,0,2,0,0,0,0,0.0,37.0,31.5,2.0,9.0,0.3194,0.6388,0.0,100.0
ADILABAD,BOATH,0111034,Anduru,Bengal Gram,Healthy,9,9,0,9,0,0,0,0,0.0,36.8889,29.5556,2.2222,10.5556,0.5565,5.0085,0.0,100.0
ADILABAD,BOATH,0111034,Anduru,Bengal Gram,Pests,1,1,0,0,0,0,1,1,0.9,33.0,33.0,3.0,8.0,0.2518,0.2518,100.0,100.0
ADILABAD,BOATH,0111034,Anduru,Bengal Gram,Stressed,2,2,0,0,2,0,0,2,0.5,31.0,28.5,2.5,11.5,0.4827,0.9654,100.0,100.0
ADILABAD,BOATH,0111035,Narayanpur,Bengal Gram,Healthy,1,1,0,1,0,0,0,0,0.0,41.0,25.0,1.0,8.0,0.4173,0.4173,0.0,100.0
ADILABAD,BOATH,0111036,Dhannur  (Khurd),Bengal Gram,Healthy,6,6,0,6,0,0,0,0,0.0,36.5,32.6667,1.8333,10.0,0.3846,2.3079,0.0,100.0
ADILABAD,BOATH,0111037,Dhannur (Buzurg),Bengal Gram,Healthy,7,7,0,7,0,0,0,0,0.0,34.2857,31.2857,2.1429,10.8571,0.2576,1.8031,0.0,100.0
ADILABAD,BOATH,0111037,Dhannur (Buzurg),Bengal Gram,Stressed,1,1,0,0,1,0,0,1,0.5,42.0,39.0,3.0,11.0,0.1709,0.1709,100.0,100.0
ADILABAD,BOATH,0111F01,FOREST,Bengal Gram,Healthy,1,1,0,1,0,0,0,0,0.0,32.0,32.0,1.0,12.0,0.0167,0.0167,0.0,100.0
ADILABAD,DILAWARPUR,0120006,Kalva,Maize,Healthy,10,10,0,10,0,0,0,0,0.0,192.8,48.1,3.0,22.4,0.6353,6.3532,0.0,100.0
ADILABAD,DILAWARPUR,0120006,Kalva,Maize,Pests,5,5,0,0,0,0,5,5,0.9,197.6,51.0,3.0,22.6,0.3996,1.9979,100.0,100.0
ADILABAD,DILAWARPUR,0120006,Kalva,Maize,Stressed,4,4,0,0,4,0,0,4,0.5,133.75,46.25,3.75,21.75,0.5796,2.3184,100.0,100.0
ADILABAD,DILAWARPUR,0120007,New Lolam (R.C.),Maize,Healthy,1,1,0,1,0,0,0,0,0.0,100.0,56.0,5.0,25.0,0.071,0.071,0.0,100.0
ADILABAD,DILAWARPUR,0120007,New Lolam (R.C.),Maize,Pests,1,1,0,0,0,0,1,1,0.9,138.0,60.0,2.0,21.0,0.1461,0.1461,100.0,100.0
ADILABAD,DILAWARPUR,0120007,New Lolam (R.C.),Maize,Stressed,1,1,0,0,1,0,0,1,0.5,166.0,49.0,2.0,20.0,0.0554,0.0554,100.0,100.0
ADILABAD,DILAWARPUR,0120017,Chintalkunta,Maize,Healthy,1,1,0,1,0,0,0,0,0.0,142.0,48.0,3.0,20.0,0.1187,0.1187,0.0,100.0
ADILABAD,GUDIHATHNOOR,0108001,Vaijapur,Cotton,Diseased,1,1,0,0,0,1,0,1,0.8,108.0,43.0,2.0,13.0,0.8331,0.8331,100.0,100.0
ADILABAD,GUDIHATHNOOR,0108001,Vaijapur,Cotton,Healthy,2,2,0,2,0,0,0,0,0.0,89.0,53.5,4.0,13.5,0.6657,1.3314,0.0,100.0
ADILABAD,GUDIHATHNOOR,0108002,Kamalapur,Cotton,Stressed,1,1,0,0,1,0,0,1,0.5,63.0,42.0,2.0,19.0,0.6325,0.6325,100.0,100.0
ADILABAD,GUDIHATHNOOR,0108003,Seetagondi,Cotton,Healthy,1,1,0,1,0,0,0,0,0.0,94.0,50.0,3.0,11.0,0.3759,0.3759,0.0,100.0
ADILABAD,GUDIHATHNOOR,0108004,Malkapur,Cotton,Healthy,2,2,0,2,0,0,0,0,0.0,85.5,55.0,5.5,10.5,0.4923,0.9846,0.0,100.0
ADILABAD,GUDIHATHNOOR,0108005,Tosham,Bengal Gram,Healthy,6,6,0,6,0,0,0,0,0.0,41.6667,29.0,2.0,9.6667,0.4833,2.8999,0.0,100.0
ADILABAD,GUDIHATHNOOR,0108005,Tosham,Bengal Gram,Stressed,1,1,0,0,1,0,0,1,0.5,47.0,34.0,3.0,11.0,0.7935,0.7935,100.0,100.0
ADILABAD,GUDIHATHNOOR,0108005,Tosham,Cotton,Diseased,1,1,0,0,0,1,0,1,0.8,65.0,48.0,3.0,15.0,0.7038,0.7038,100.0,100.0
ADILABAD,GUDIHATHNOOR,0108005,Tosham,Cotton,Healthy,4,4,0,4,0,0,0,0,0.0,99.25,50.25,5.0,14.0,0.8255,3.3019,0.0,100.0
ADILABAD,GUDIHATHNOOR,0108005,Tosham,Cotton,Pests,1,1,0,0,0,0,1,1,0.9,79.0,40.0,4.0,14.0,0.6069,0.6069,100.0,100.0
ADILABAD,GUDIHATHNOOR,0108005,Tosham,Red Gram,Healthy,2,2,0,2,0,0,0,0,0.0,54.5,38.0,1.0,9.0,0.2538,0.5076,0.0,100.0
ADILABAD,GUDIHATHNOOR,0108006,Lingapur,Bengal Gram,Healthy,5,5,0,5,0,0,0,0,0.0,43.6,26.8,2.4,9.0,0.2385,1.1923,0.0,100.0
ADILABAD,GUDIHATHNOOR,0108006,Lingapur,Bengal Gram,Pests,1,1,0,0,0,0,1,1,0.9,35.0,22.0,2.0,8.0,0.0912,0.0912,100.0,100.0
ADILABAD,GUDIHATHNOOR,0108006,Lingapur,Cotton,Healthy,1,1,0,1,0,0,0,0,0.0,106.0,41.0,4.0,13.0,0.4731,0.4731,0.0,100.0
ADILABAD,GUDIHATHNOOR,0108007,Gudihathinur,Cotton,Healthy,6,6,0,6,0,0,0,0,0.0,84.5,52.6667,4.3333,13.1667,0.5184,3.1105,0.0,100.0
ADILABAD,GUDIHATHNOOR,0108007,Gudihathinur,Cotton,Stressed,1,1,0,0,1,0,0,1,0.5,99.0,47.0,3.0,10.0,0.3092,0.3092,100.0,100.0
ADILABAD,GUDIHATHNOOR,0108008,Machapur,Cotton,Healthy,1,1,0,1,0,0,0,0,0.0,117.0,51.0,2.0,12.0,0.2971,0.2971,0.0,100.0
ADILABAD,GUDIHATHNOOR,0108010,Muthnur,Cotton,Healthy,1,1,0,1,0,0,0,0,0.0,72.0,42.0,3.0,14.0,0.7088,0.7088,0.0,100.0
ADILABAD,GUDIHATHNOOR,0108011,Neradigonda,Bengal Gram,Healthy,1,1,0,1,0,0,0,0,0.0,30.0,34.0,3.0,11.0,0.2546,0.2546,0.0,100.0
ADILABAD,GUDIHATHNOOR,0108011,Neradigonda,Cotton,Healthy,5,5,0,5,0,0,0,0,0.0,92.4,50.4,4.0,12.2,0.3384,1.6921,0.0,100.0
ADILABAD,GUDIHATHNOOR,0108012,Mannur,Bengal Gram,Diseased,1,1,0,0,0,1,0,1,0.8,41.0,26.0,1.0,11.0,0.0621,0.0621,100.0,100.0
ADILABAD,GUDIHATHNOOR,0108012,Mannur,Bengal Gram,Healthy,4,4,0,4,0,0,0,0,0.0,41.0,33.75,2.0,10.75,0.754,3.0161,0.0,100.0
ADILABAD,GUDIHATHNOOR,0108012,Mannur,Bengal Gram,Stressed,1,1,0,0,1,0,0,1,0.5,46.0,40.0,3.0,10.0,0.2154,0.2154,100.0,100.0
ADILABAD,GUDIHATHNOOR,0108012,Mannur,Cotton,Stressed,1,1,0,0,1,0,0,1,0.5,64.0,51.0,4.0,19.0,0.3172,0.3172,100.0,100.0
ADILABAD,GUDIHATHNOOR,0108013,Dongargaon,Bengal Gram,Healthy,1,1,0,1,0,0,0,0,0.0,46.0,36.0,3.0,12.0,0.1542,0.1542,0.0,100.0
ADILABAD,GUDIHATHNOOR,0108013,Dongargaon,Cotton,Healthy,1,1,0,1,0,0,0,0,0.0,77.0,44.0,6.0,14.0,0.8654,0.8654,0.0,100.0
ADILABAD,GUDIHATHNOOR,0108014,Kolhari,Bengal Gram,Diseased,1,1,0,0,0,1,0,1,0.8,34.0,35.0,1.0,12.0,0.1271,0.1271,100.0,100.0
ADILABAD,GUDIHATHNOOR,0108014,Kolhari,Bengal Gram,Healthy,4,4,0,4,0,0,0,0,0.0,40.25,29.0,2.0,9.5,0.1789,0.7154,0.0,100.0
ADILABAD,GUDIHATHNOOR,0108014,Kolhari,Cotton,Healthy,2,2,0,2,0,0,0,0,0.0,102.0,50.0,2.0,16.0,0.386,0.772,0.0,100.0
ADILABAD,GUDIHATHNOOR,0108016,Guruj,Bengal Gram,Diseased,2,2,0,0,0,2,0,2,0.8,42.0,32.0,2.5,10.0,0.1326,0.2653,100.0,100.0
ADILABAD,GUDIHATHNOOR,0108016,Guruj,Bengal Gram,Healthy,5,5,0,5,0,0,0,0,0.0,43.0,28.0,2.4,10.8,0.441,2.2052,0.0,100.0
ADILABAD,GUDIHATHNOOR,0108016,Guruj,Bengal Gram,Stressed,1,1,0,0,1,0,0,1,0.5,36.0,28.0,2.0,11.0,0.4313,0.4313,100.0,100.0
ADILABAD,GUDIHATHNOOR,0108016,Guruj,Cotton,Healthy,1,1,0,1,0,0,0,0,0.0,94.0,47.0,6.0,16.0,0.2501,0.2501,0.0,100.0
ADILABAD,GUDIHATHNOOR,0108017,Gondharkapur,Bengal Gram,Healthy,2,2,0,2,0,0,0,0,0.0,44.5,27.0,3.0,10.0,0.2241,0.4481,0.0,100.0
ADILABAD,GUDIHATHNOOR,0108017,Gondharkapur,Bengal Gram,Pests,1,1,0,0,0,0,1,1,0.9,45.0,35.0,3.0,12.0,0.1884,0.1884,100.0,100.0
ADILABAD,GUDIHATHNOOR,0108017,Gondharkapur,Cotton,Stressed,1,1,0,0,1,0,0,1,0.5,91.0,40.0,3.0,16.0,0.2737,0.2737,100.0,100.0
ADILABAD,GUDIHATHNOOR,0108018,Rendlabori,Bengal Gram,Healthy,3,3,0,3,0,0,0,0,0.0,40.3333,30.3333,2.0,9.6667,0.8046,2.4138,0.0,100.0
ADILABAD,GUDIHATHNOOR,0108018,Rendlabori,Cotton,Healthy,1,1,0,1,0,0,0,0,0.0,108.0,57.0,2.0,15.0,0.2417,0.2417,0.0,100.0
ADILABAD,GUDIHATHNOOR,0108019,Shantapur,Cotton,Healthy,3,3,0,3,0,0,0,0,0.0,92.0,45.0,3.3333,15.0,0.3502,1.0507,0.0,100.0
ADILABAD,GUDIHATHNOOR,0108020,Belluri,Bengal Gram,Healthy,7,7,0,7,0,0,0,0,0.0,39.2857,29.7143,1.7143,9.7143,0.2311,1.6179,0.0,100.0
ADILABAD,GUDIHATHNOOR,0108020,Belluri,Bengal Gram,Stressed,1,1,0,0,1,0,0,1,0.5,42.0,40.0,2.0,10.0,0.9042,0.9042,100.0,100.0
ADILABAD,GUDIHATHNOOR,0108020,Belluri,Cotton,Healthy,1,1,0,1,0,0,0,0,0.0,110.0,47.0,5.0,12.0,0.2255,0.2255,0.0,100.0
ADILABAD,ICHODA,0109001,Adegaon (Khurd),Bengal Gram,Healthy,1,1,0,1,0,0,0,0,0.0,50.0,32.0,1.0,10.0,0.4156,0.4156,0.0,100.0
ADILABAD,ICHODA,0109001,Adegaon (Khurd),Bengal Gram,Pests,1,1,0,0,0,0,1,1,0.9,50.0,31.0,1.0,8.0,0.4426,0.4426,100.0,100.0
ADILABAD,ICHODA,0109002,Gubba,Cotton,Healthy,1,1,0,1,0,0,0,0,0.0,118.0,44.0,6.0,20.0,0.3711,0.3711,0.0,100.0
ADILABAD,ICHODA,0109003,Junni,Cotton,Healthy,2,2,0,2,0,0,0,0,0.0,71.0,56.0,4.0,11.5,0.1363,0.2726,0.0,100.0
ADILABAD,ICHODA,0109005,Boregaon,Bengal Gram,Healthy,1,1,0,1,0,0,0,0,0.0,47.0,30.0,3.0,8.0,0.1304,0.1304,0.0,100.0
ADILABAD,ICHODA,0109005,Boregaon,Cotton,Stressed,1,1,0,0,1,0,0,1,0.5,96.0,46.0,2.0,15.0,0.4375,0.4375,100.0,100.0
ADILABAD,ICHODA,0109006,Kamgir,Bengal Gram,Diseased,1,1,0,0,0,1,0,1,0.8,43.0,33.0,2.0,8.0,0.1737,0.1737,100.0,100.0
ADILABAD,ICHODA,0109006,Kamgir,Bengal Gram,Healthy,4,4,0,4,0,0,0,0,0.0,41.25,26.25,1.75,10.5,0.3409,1.3638,0.0,100.0
ADILABAD,ICHODA,0109006,Kamgir,Bengal Gram,Stressed,1,1,0,0,1,0,0,1,0.5,47.0,26.0,1.0,10.0,0.6012,0.6012,100.0,100.0
ADILABAD,ICHODA,0109007,Ponna,Bengal Gram,Healthy,10,10,0,10,0,0,0,0,0.0,44.5,32.9,2.4,9.9,0.4258,4.2582,0.0,100.0
ADILABAD,ICHODA,0109009,Sirikonda,Cotton,Healthy,1,1,0,1,0,0,0,0,0.0,86.0,46.0,2.0,15.0,0.3016,0.3016,0.0,100.0
ADILABAD,ICHODA,0109009,Sirikonda,Cotton,Pests,1,1,0,0,0,0,1,1,0.9,105.0,58.0,4.0,10.0,0.5091,0.5091,100.0,100.0
ADILABAD,ICHODA,0109010,Heerapur,Bengal Gram,Diseased,1,1,0,0,0,1,0,1,0.8,45.0,27.0,2.0,11.0,0.5508,0.5508,100.0,100.0
ADILABAD,ICHODA,0109010,Heerapur,Bengal Gram,Healthy,2,2,0,2,0,0,0,0,0.0,46.0,37.5,2.5,10.5,0.296,0.592,0.0,100.0
ADILABAD,ICHODA,0109010,Heerapur,Cotton,Healthy,5,5,0,5,0,0,0,0,0.0,88.4,53.6,3.2,13.8,0.6811,3.4056,0.0,100.0
ADILABAD,ICHODA,0109011,Soanpalle,Bengal Gram,Healthy,2,2,0,2,0,0,0,0,0.0,40.0,33.5,1.0,9.0,0.3466,0.6932,0.0,100.0
ADILABAD,ICHODA,0109011,Soanpalle,Cotton,Healthy,3,3,0,3,0,0,0,0,0.0,89.3333,54.6667,3.3333,14.0,0.9444,2.8332,0.0,100.0
ADILABAD,ICHODA,0109012,Dhaba (buzurg),Cotton,Healthy,1,1,0,1,0,0,0,0,0.0,76.0,44.0,4.0,14.0,0.3956,0.3956,0.0,100.0
ADILABAD,ICHODA,0109017,Adegaon (Buzurg),Bengal Gram,Diseased,1,1,0,0,0,1,0,1,0.8,47.0,24.0,3.0,12.0,0.3236,0.3236,100.0,100.0
ADILABAD,ICHODA,0109017,Adegaon (Buzurg),Cotton,Healthy,2,2,0,2,0,0,0,0,0.0,107.5,51.5,4.5,11.5,0.7064,1.4128,0.0,100.0
ADILABAD,ICHODA,0109019,Chincholi,Bengal Gram,Healthy,3,3,0,3,0,0,0,0,0.0,43.0,31.3333,2.3333,9.3333,0.6078,1.8235,0.0,100.0
ADILABAD,ICHODA,0109020,Navagaon,Bengal Gram,Diseased,1,1,0,0,0,1,0,1,0.8,45.0,28.0,3.0,10.0,0.6713,0.6713,100.0,100.0
ADILABAD,ICHODA,0109021,Dhaba (Khurd),Cotton,Healthy,3,3,0,3,0,0,0,0,0.0,78.0,47.3333,4.3333,13.6667,0.5607,1.682,0.0,100.0
ADILABAD,ICHODA,0109024,Mankapur,Bengal Gram,Diseased,1,1,0,0,0,1,0,1,0.8,50.0,31.0,2.0,10.0,0.4428,0.4428,100.0,100.0
ADILABAD,ICHODA,0109024,Mankapur,Bengal Gram,Healthy,6,6,0,6,0,0,0,0,0.0,34.0,28.8333,2.3333,9.0,0.393,2.3582,0.0,100.0
ADILABAD,ICHODA,0109024,Mankapur,Cotton,Diseased,1,1,0,0,0,1,0,1,0.8,71.0,42.0,4.0,18.0,0.3565,0.3565,100.0,100.0
ADILABAD,ICHODA,0109024,Mankapur,Cotton,Healthy,7,7,0,7,0,0,0,0,0.0,84.8571,48.4286,4.8571,14.1429,0.5727,4.0087,0.0,100.0
ADILABAD,ICHODA,0109024,Mankapur,Cotton,Stressed,1,1,0,0,1,0,0,1,0.5,114.0,58.0,2.0,14.0,0.3193,0.3193,100.0,100.0
ADILABAD,ICHODA,0109025,Dharmapuri,Bengal Gram,Healthy,3,3,0,3,0,0,0,0,0.0,35.0,29.3333,2.3333,10.6667,0.6338,1.9014,0.0,100.0
ADILABAD,ICHODA,0109025,Dharmapuri,Bengal Gram,Pests,1,1,0,0,0,0,1,1,0.9,50.0,25.0,1.0,12.0,0.7752,0.7752,100.0,100.0
ADILABAD,ICHODA,0109028,Makhra (Buzurg),Cotton,Healthy,3,3,0,3,0,0,0,0,0.0,88.0,47.6667,4.3333,13.0,0.4079,1.2236,0.0,100.0
ADILABAD,ICHODA,0109029,Makhra (Khurd),Cotton,Healthy,1,1,0,1,0,0,0,0,0.0,82.0,46.0,4.0,15.0,0.4961,0.4961,0.0,100.0
ADILABAD,ICHODA,0109030,Gundi,Cotton,Healthy,3,3,0,3,0,0,0,0,0.0,95.3333,48.0,3.6667,16.0,0.4089,1.2266,0.0,100.0
ADILABAD,ICHODA,0109032,Narsapur,Bengal Gram,Healthy,2,2,0,2,0,0,0,0,0.0,31.5,26.0,1.5,11.0,0.3577,0.7154,0.0,100.0
ADILABAD,ICHODA,0109032,Narsapur,Cotton,Healthy,3,3,0,3,0,0,0,0,0.0,74.0,49.6667,3.6667,16.3333,0.5136,1.5408,0.0,100.0
ADILABAD,ICHODA,0109035,Lingapur,Cotton,Diseased,1,1,0,0,0,1,0,1,0.8,106.0,54.0,6.0,14.0,0.5547,0.5547,100.0,100.0
ADILABAD,ICHODA,0109037,Gandiwagu,Cotton,Stressed,1,1,0,0,1,0,0,1,0.5,69.0,43.0,2.0,11.0,0.2643,0.2643,100.0,100.0
ADILABAD,ICHODA,0109F01,FOREST,Cotton,Healthy,1,1,0,1,0,0,0,0,0.0,77.0,55.0,5.0,16.0,0.3421,0.3421,0.0,100.0
ADILABAD,ICHODA,0109F02,FOREST,Cotton,Healthy,3,3,0,3,0,0,0,0,0.0,83.0,49.3333,3.6667,13.0,0.664,1.992,0.0,100.0
ADILABAD,ICHODA,0109F02,FOREST,Cotton,Pests,1,1,0,0,0,0,1,1,0.9,65.0,58.0,2.0,16.0,0.3636,0.3636,100.0,100.0
ADILABAD,ICHODA,0109F03,FOREST,Cotton,Healthy,3,3,0,3,0,0,0,0,0.0,99.3333,49.0,5.0,13.0,0.5419,1.6258,0.0,100.0
ADILABAD,ICHODA,0109F03,FOREST,Cotton,Pests,1,1,0,0,0,0,1,1,0.9,69.0,44.0,4.0,14.0,0.7486,0.7486,100.0,100.0
ADILABAD,INDERAVELLY,0107002,Devapur,Bengal Gram,Healthy,2,2,0,2,0,0,0,0,0.0,39.0,33.5,2.0,11.0,0.4329,0.8657,0.0,100.0
ADILABAD,INDERAVELLY,0107003,Ginnera,Cotton,Healthy,2,2,0,2,0,0,0,0,0.0,102.0,42.0,4.5,10.5,1.0622,2.1243,0.0,100.0
ADILABAD,INDERAVELLY,0107004,Indervelly (K),Cotton,Healthy,4,4,0,4,0,0,0,0,0.0,77.0,45.0,2.5,14.5,0.9825,3.93,0.0,100.0
ADILABAD,INDERAVELLY,0107004,Indervelly (K),Maize,Healthy,1,1,0,1,0,0,0,0,0.0,135.0,44.0,4.0,25.0,0.5831,0.5831,0.0,100.0
ADILABAD,INDERAVELLY,0107006,Gattepalle,Cotton,Healthy,1,1,0,1,0,0,0,0,0.0,64.0,49.0,2.0,15.0,1.0732,1.0732,0.0,100.0
ADILABAD,INDERAVELLY,0107006,Gattepalle,Red Gram,Pests,1,1,0,0,0,0,1,1,0.9,34.0,42.0,1.0,12.0,0.2697,0.2697,100.0,100.0
ADILABAD,INDERAVELLY,0107007,Dodanda,Cotton,Healthy,1,1,0,1,0,0,0,0,0.0,110.0,41.0,6.0,10.0,0.5734,0.5734,0.0,100.0
ADILABAD,INDERAVELLY,0107007,Dodanda,Red Gram,Healthy,1,1,0,1,0,0,0,0,0.0,85.0,31.0,3.0,9.0,0.3996,0.3996,0.0,100.0
ADILABAD,INDERAVELLY,0107007,Dodanda,Red Gram,Pests,1,1,0,0,0,0,1,1,0.9,49.0,21.0,3.0,12.0,0.8112,0.8112,100.0,100.0
ADILABAD,INDERAVELLY,0107008,Indervelly (B),Bengal Gram,Healthy,4,4,0,4,0,0,0,0,0.0,35.25,33.75,2.5,9.0,0.6231,2.4925,0.0,100.0
ADILABAD,INDERAVELLY,0107008,Indervelly (B),Cotton,Healthy,10,10,0,10,0,0,0,0,0.0,95.8,47.5,3.5,14.5,0.7574,7.5738,0.0,100.0
ADILABAD,INDERAVELLY,0107008,Indervelly (B),Cotton,Pests,1,1,0,0,0,0,1,1,0.9,74.0,40.0,3.0,11.0,0.9753,0.9753,100.0,100.0
ADILABAD,INDERAVELLY,0107008,Indervelly (B),Cotton,Stressed,2,2,0,0,2,0,0,2,0.5,77.5,51.0,2.0,19.0,0.4425,0.8849,100.0,100.0
ADILABAD,INDERAVELLY,0107008,Indervelly (B),Maize,Healthy,7,7,0,7,0,0,0,0,0.0,168.5714,46.1429,3.4286,23.0,0.6723,4.706,0.0,100.0
ADILABAD,INDERAVELLY,0107008,Indervelly (B),Maize,Stressed,1,1,0,0,1,0,0,1,0.5,244.0,43.0,5.0,23.0,0.8565,0.8565,100.0,100.0
ADILABAD,INDERAVELLY,0107008,Indervelly (B),Red Gram,Diseased,1,1,0,0,0,1,0,1,0.8,120.0,40.0,2.0,6.0,0.9528,0.9528,100.0,100.0
ADILABAD,INDERAVELLY,0107008,Indervelly (B),Red Gram,Healthy,3,3,0,3,0,0,0,0,0.0,72.6667,32.6667,2.6667,10.6667,1.2843,3.8529,0.0,100.0
ADILABAD,INDERAVELLY,0107009,Yamaikunta,Bengal Gram,Healthy,2,2,0,2,0,0,0,0,0.0,39.0,36.0,2.0,10.0,0.5755,1.151,0.0,100.0
ADILABAD,INDERAVELLY,0107009,Yamaikunta,Cotton,Diseased,1,1,0,0,0,1,0,1,0.8,77.0,59.0,5.0,10.0,1.201,1.201,100.0,100.0
ADILABAD,INDERAVELLY,0107009,Yamaikunta,Cotton,Healthy,15,15,0,15,0,0,0,0,0.0,93.0,48.6667,3.8667,12.8,0.9074,13.6106,0.0,100.0
ADILABAD,INDERAVELLY,0107009,Yamaikunta,Cotton,Pests,1,1,0,0,0,0,1,1,0.9,89.0,52.0,5.0,10.0,0.3814,0.3814,100.0,100.0
ADILABAD,INDERAVELLY,0107009,Yamaikunta,Maize,Healthy,2,2,0,2,0,0,0,0,0.0,137.5,48.5,2.5,23.5,0.3449,0.6898,0.0,100.0
ADILABAD,INDERAVELLY,0107009,Yamaikunta,Maize,Pests,1,1,0,0,0,0,1,1,0.9,210.0,47.0,5.0,24.0,0.3557,0.3557,100.0,100.0
ADILABAD,INDERAVELLY,0107009,Yamaikunta,Maize,Stressed,1,1,0,0,1,0,0,1,0.5,221.0,59.0,2.0,25.0,0.1109,0.1109,100.0,100.0
ADILABAD,INDERAVELLY,0107009,Yamaikunta,Red Gram,Healthy,1,1,0,1,0,0,0,0,0.0,87.0,29.0,3.0,10.0,0.8541,0.8541,0.0,100.0
ADILABAD,INDERAVELLY,0107010,Muthnur,Bengal Gram,Healthy,6,6,0,6,0,0,0,0,0.0,39.8333,30.0,1.8333,9.8333,0.9292,5.5753,0.0,100.0
ADILABAD,INDERAVELLY,0107010,Muthnur,Cotton,Healthy,3,3,0,3,0,0,0,0,0.0,71.0,50.3333,4.0,12.6667,0.9394,2.8181,0.0,100.0
ADILABAD,INDERAVELLY,0107010,Muthnur,Red Gram,Stressed,1,1,0,0,1,0,0,1,0.5,60.0,50.0,1.0,11.0,0.7507,0.7507,100.0,100.0
ADILABAD,INDERAVELLY,0107011,Dhannura (B),Bengal Gram,Diseased,5,5,0,0,0,5,0,5,0.8,44.6,29.2,1.6,10.6,0.6647,3.3234,100.0,100.0
ADILABAD,INDERAVELLY,0107011,Dhannura (B),Bengal Gram,Healthy,35,35,0,35,0,0,0,0,0.0,40.1429,28.5143,2.1429,9.7714,0.4115,14.4023,0.0,100.0
ADILABAD,INDERAVELLY,0107011,Dhannura (B),Bengal Gram,Pests,3,3,0,0,0,0,3,3,0.9,44.6667,27.3333,2.3333,9.0,0.5695,1.7085,100.0,100.0
ADILABAD,INDERAVELLY,0107011,Dhannura (B),Bengal Gram,Stressed,2,2,0,0,2,0,0,2,0.5,40.0,33.0,2.0,8.5,0.5528,1.1057,100.0,100.0
ADILABAD,INDERAVELLY,0107011,Dhannura (B),Cotton,Healthy,6,6,0,6,0,0,0,0,0.0,77.0,55.3333,4.0,10.6667,0.4929,2.9572,0.0,100.0
ADILABAD,INDERAVELLY,0107011,Dhannura (B),Maize,Diseased,1,1,0,0,0,1,0,1,0.8,178.0,41.0,2.0,23.0,0.5706,0.5706,100.0,100.0
ADILABAD,INDERAVELLY,0107011,Dhannura (B),Maize,Healthy,8,8,0,8,0,0,0,0,0.0,170.5,48.625,4.125,22.75,0.4521,3.6167,0.0,100.0
ADILABAD,INDERAVELLY,0107011,Dhannura (B),Red Gram,Diseased,1,1,0,0,0,1,0,1,0.8,102.0,37.0,3.0,12.0,0.4292,0.4292,100.0,100.0
ADILABAD,INDERAVELLY,0107011,Dhannura (B),Red Gram,Healthy,15,15,0,15,0,0,0,0,0.0,73.6,36.0667,2.0667,9.6,0.6818,10.2271,0.0,100.0
ADILABAD,INDERAVELLY,0107011,Dhannura (B),Red Gram,Pests,2,2,0,0,0,0,2,2,0.9,72.5,29.0,1.5,11.0,1.1699,2.3397,100.0,100.0
ADILABAD,INDERAVELLY,0107011,Dhannura (B),Red Gram,Stressed,1,1,0,0,1,0,0,1,0.5,106.0,26.0,3.0,12.0,0.2971,0.2971,100.0,100.0
ADILABAD,INDERAVELLY,0107012,Dhannura (K),Bengal Gram,Healthy,1,1,0,1,0,0,0,0,0.0,45.0,38.0,2.0,12.0,0.2373,0.2373,0.0,100.0
ADILABAD,INDERAVELLY,0107012,Dhannura (K),Red Gram,Healthy,2,2,0,2,0,0,0,0,0.0,47.0,23.5,2.0,9.0,0.8997,1.7994,0.0,100.0
ADILABAD,INDERAVELLY,0107014,Mendapalle,Bengal Gram,Healthy,3,3,0,3,0,0,0,0,0.0,39.3333,32.0,2.0,10.6667,1.3381,4.0142,0.0,100.0
ADILABAD,INDERAVELLY,0107014,Mendapalle,Cotton,Healthy,19,19,0,19,0,0,0,0,0.0,90.9474,50.0,4.1579,12.6316,0.9436,17.9276,0.0,100.0
ADILABAD,INDERAVELLY,0107014,Mendapalle,Cotton,Pests,2,2,0,0,0,0,2,2,0.9,99.5,47.0,2.5,11.5,0.5579,1.1159,100.0,100.0
ADILABAD,INDERAVELLY,0107014,Mendapalle,Cotton,Stressed,1,1,0,0,1,0,0,1,0.5,111.0,56.0,6.0,13.0,0.9607,0.9607,100.0,100.0
ADILABAD,INDERAVELLY,0107014,Mendapalle,Red Gram,Healthy,8,8,0,8,0,0,0,0,0.0,75.625,36.75,2.25,9.75,0.793,6.344,0.0,100.0
ADILABAD,INDERAVELLY,0107014,Mendapalle,Red Gram,Pests,2,2,0,0,0,0,2,2,0.9,75.0,30.0,2.0,8.5,1.2823,2.5646,100.0,100.0
ADILABAD,INDERAVELLY,0107015,Keslapur,Cotton,Healthy,4,4,0,4,0,0,0,0,0.0,82.25,46.5,3.5,14.25,0.8145,3.2578,0.0,100.0
ADILABAD,INDERAVELLY,0107017,Harkapur,Cotton,Diseased,3,3,0,0,0,3,0,3,0.8,92.6667,53.3333,4.0,11.6667,0.4217,1.265,100.0,100.0
ADILABAD,INDERAVELLY,0107017,Harkapur,Cotton,Healthy,14,14,0,14,0,0,0,0,0.0,93.5,52.2143,3.6429,12.6429,0.9124,12.773,0.0,100.0
ADILABAD,INDERAVELLY,0107017,Harkapur,Cotton,Pests,1,1,0,0,0,0,1,1,0.9,82.0,47.0,6.0,10.0,0.5256,0.5256,100.0,100.0
ADILABAD,INDERAVELLY,0107017,Harkapur,Cotton,Stressed,1,1,0,0,1,0,0,1,0.5,103.0,53.0,5.0,13.0,0.4171,0.4171,100.0,100.0
ADILABAD,INDERAVELLY,0107017,Harkapur,Maize,Healthy,2,2,0,2,0,0,0,0,0.0,143.0,55.5,2.0,21.5,0.3444,0.6887,0.0,100.0
ADILABAD,INDERAVELLY,0107017,Harkapur,Maize,Pests,1,1,0,0,0,0,1,1,0.9,148.0,56.0,5.0,25.0,0.0906,0.0906,100.0,100.0
ADILABAD,INDERAVELLY,0107017,Harkapur,Red Gram,Healthy,4,4,0,4,0,0,0,0,0.0,64.75,33.75,2.0,9.75,0.5804,2.3217,0.0,100.0
ADILABAD,INDERAVELLY,0107018,Keslaguda,Bengal Gram,Healthy,3,3,0,3,0,0,0,0,0.0,40.3333,28.6667,1.3333,8.6667,1.1276,3.3828,0.0,100.0
ADILABAD,INDERAVELLY,0107018,Keslaguda,Cotton,Healthy,15,15,0,15,0,0,0,0,0.0,95.7333,48.6667,4.0,12.8,0.4872,7.3076,0.0,100.0
ADILABAD,INDERAVELLY,0107018,Keslaguda,Cotton,Pests,2,2,0,0,0,0,2,2,0.9,108.0,49.5,4.0,13.0,0.4148,0.8296,100.0,100.0
ADILABAD,INDERAVELLY,0107018,Keslaguda,Cotton,Stressed,2,2,0,0,2,0,0,2,0.5,109.5,57.5,4.0,12.5,1.0645,2.1289,100.0,100.0
ADILABAD,INDERAVELLY,0107018,Keslaguda,Maize,Healthy,5,5,0,5,0,0,0,0,0.0,144.4,50.2,2.4,24.0,0.5196,2.598,0.0,100.0
ADILABAD,INDERAVELLY,0107018,Keslaguda,Maize,Stressed,1,1,0,0,1,0,0,1,0.5,158.0,50.0,2.0,23.0,0.2014,0.2014,100.0,100.0
ADILABAD,INDERAVELLY,0107018,Keslaguda,Red Gram,Healthy,9,9,0,9,0,0,0,0,0.0,64.2222,37.6667,2.0,9.2222,0.7219,6.4971,0.0,100.0
ADILABAD,INDERAVELLY,0107019,Mallapur,Cotton,Diseased,1,1,0,0,0,1,0,1,0.8,95.0,59.0,4.0,16.0,0.7457,0.7457,100.0,100.0
ADILABAD,INDERAVELLY,0107021,Tejapur,Bengal Gram,Healthy,1,1,0,1,0,0,0,0,0.0,40.0,34.0,2.0,9.0,0.3115,0.3115,0.0,100.0
ADILABAD,INDERAVELLY,0107021,Tejapur,Cotton,Healthy,1,1,0,1,0,0,0,0,0.0,79.0,50.0,4.0,11.0,0.1573,0.1573,0.0,100.0
ADILABAD,INDERAVELLY,0107022,Lakampur,Bengal Gram,Stressed,1,1,0,0,1,0,0,1,0.5,50.0,21.0,1.0,12.0,0.5153,0.5153,100.0,100.0
ADILABAD,INDERAVELLY,0107023,Rampur (B),Bengal Gram,Healthy,2,2,0,2,0,0,0,0,0.0,36.0,35.5,1.0,10.5,0.3431,0.6862,0.0,100.0
ADILABAD,INDERAVELLY,0107023,Rampur (B),Bengal Gram,Pests,1,1,0,0,0,0,1,1,0.9,41.0,37.0,2.0,11.0,0.1077,0.1077,100.0,100.0
ADILABAD,INDERAVELLY,0107023,Rampur (B),Cotton,Diseased,1,1,0,0,0,1,0,1,0.8,82.0,60.0,3.0,14.0,0.5124,0.5124,100.0,100.0
ADILABAD,INDERAVELLY,0107023,Rampur (B),Cotton,Healthy,8,8,0,8,0,0,0,0,0.0,90.0,47.875,4.625,12.5,0.3707,2.9655,0.0,100.0
ADILABAD,INDERAVELLY,0107031,Dasnapur,Cotton,Healthy,21,21,0,21,0,0,0,0,0.0,92.0476,49.0476,4.0476,14.2857,0.5448,11.4403,0.0,100.0
ADILABAD,INDERAVELLY,0107031,Dasnapur,Cotton,Pests,1,1,0,0,0,0,1,1,0.9,72.0,45.0,2.0,17.0,0.279,0.279,100.0,100.0
ADILABAD,INDERAVELLY,0107032,Mamidiguda,Cotton,Healthy,1,1,0,1,0,0,0,0,0.0,93.0,43.0,3.0,18.0,0.5809,0.5809,0.0,100.0
ADILABAD,INDERAVELLY,0107032,Mamidiguda,Cotton,Pests,1,1,0,0,0,0,1,1,0.9,91.0,60.0,5.0,10.0,0.3134,0.3134,100.0,100.0
ADILABAD,INDERAVELLY,0107034,Wadagaon,Cotton,Stressed,1,1,0,0,1,0,0,1,0.5,98.0,53.0,2.0,13.0,1.0903,1.0903,100.0,100.0
ADILABAD,INDERAVELLY,0107F01,FOREST,Cotton,Healthy,7,7,0,7,0,0,0,0,0.0,94.2857,47.7143,3.4286,13.5714,0.3857,2.7,0.0,100.0
ADILABAD,INDERAVELLY,0107F01,FOREST,Cotton,Stressed,1,1,0,0,1,0,0,1,0.5,116.0,52.0,4.0,12.0,0.4318,0.4318,100.0,100.0
ADILABAD,INDERAVELLY,0107F02,FOREST,Cotton,,1,0,1,0,0,0,0,0,,72.0,53.0,4.0,13.0,0.3886,0.3886,,0.0
ADILABAD,INDERAVELLY,0107F02,FOREST,Red Gram,Diseased,1,1,0,0,0,1,0,1,0.8,98.0,50.0,2.0,8.0,0.8847,0.8847,100.0,100.0
ADILABAD,INDERAVELLY,0107F02,FOREST,Red Gram,Pests,1,1,0,0,0,0,1,1,0.9,92.0,23.0,1.0,11.0,0.897,0.897,100.0,100.0
ADILABAD,JAINAD,0104001,Hathighat,Cotton,Healthy,1,1,0,1,0,0,0,0,0.0,67.0,42.0,4.0,14.0,2.1937,2.1937,0.0,100.0
ADILABAD,JAINAD,0104002,Korta,Cotton,Healthy,1,1,0,1,0,0,0,0,0.0,103.0,46.0,3.0,12.0,0.7682,0.7682,0.0,100.0
ADILABAD,JAINAD,0104003,Gimma (Buzurg),Cotton,Healthy,1,1,0,1,0,0,0,0,0.0,118.0,41.0,3.0,14.0,1.2899,1.2899,0.0,100.0
ADILABAD,JAINAD,0104005,Akoli,Cotton,Healthy,1,1,0,1,0,0,0,0,0.0,67.0,40.0,3.0,14.0,0.8613,0.8613,0.0,100.0
ADILABAD,JAINAD,0104006,Kamai,Cotton,Healthy,1,1,0,1,0,0,0,0,0.0,67.0,48.0,5.0,10.0,1.3444,1.3444,0.0,100.0
ADILABAD,JAINAD,0104007,Dollara,Cotton,Healthy,1,1,0,1,0,0,0,0,0.0,116.0,49.0,3.0,13.0,1.2316,1.2316,0.0,100.0
ADILABAD,JAINAD,0104007,Dollara,Maize,Diseased,1,1,0,0,0,1,0,1,0.8,106.0,56.0,5.0,23.0,0.2757,0.2757,100.0,100.0
ADILABAD,JAINAD,0104007,Dollara,Maize,Healthy,3,3,0,3,0,0,0,0,0.0,240.6667,49.0,3.6667,21.6667,0.204,0.612,0.0,100.0
ADILABAD,JAINAD,0104008,Moudagada,Cotton,Healthy,1,1,0,1,0,0,0,0,0.0,61.0,53.0,2.0,13.0,1.5527,1.5527,0.0,100.0
ADILABAD,JAINAD,0104009,Pendalwada,Cotton,Stressed,1,1,0,0,1,0,0,1,0.5,107.0,42.0,4.0,13.0,1.0708,1.0708,100.0,100.0
ADILABAD,JAINAD,0104009,Pendalwada,Maize,Healthy,2,2,0,2,0,0,0,0,0.0,131.0,51.0,3.0,24.5,0.4616,0.9231,0.0,100.0
ADILABAD,JAINAD,0104010,Karanwadi,Bengal Gram,Healthy,1,1,0,1,0,0,0,0,0.0,37.0,31.0,2.0,9.0,1.7992,1.7992,0.0,100.0
ADILABAD,JAINAD,0104010,Karanwadi,Cotton,Healthy,1,1,0,1,0,0,0,0,0.0,104.0,46.0,3.0,12.0,0.595,0.595,0.0,100.0
ADILABAD,JAINAD,0104011,Sangvi (K),Bengal Gram,Healthy,3,3,0,3,0,0,0,0,0.0,33.0,32.6667,2.0,8.3333,0.6842,2.0525,0.0,100.0
ADILABAD,JAINAD,0104011,Sangvi (K),Bengal Gram,Pests,1,1,0,0,0,0,1,1,0.9,45.0,25.0,3.0,10.0,0.6391,0.6391,100.0,100.0
ADILABAD,JAINAD,0104011,Sangvi (K),Cotton,Healthy,1,1,0,1,0,0,0,0,0.0,65.0,59.0,4.0,18.0,1.5107,1.5107,0.0,100.0
ADILABAD,JAINAD,0104012,Kowtha,Cotton,Healthy,1,1,0,1,0,0,0,0,0.0,101.0,57.0,4.0,14.0,1.5531,1.5531,0.0,100.0
ADILABAD,JAINAD,0104013,Bahadurpur,Bengal Gram,Healthy,2,2,0,2,0,0,0,0,0.0,32.0,33.0,2.5,8.0,0.3356,0.6713,0.0,100.0
ADILABAD,JAINAD,0104013,Bahadurpur,Bengal Gram,Stressed,1,1,0,0,1,0,0,1,0.5,32.0,27.0,1.0,11.0,0.1805,0.1805,100.0,100.0
ADILABAD,JAINAD,0104014,Hariyali,Cotton,Healthy,1,1,0,1,0,0,0,0,0.0,100.0,49.0,3.0,15.0,0.6397,0.6397,0.0,100.0
ADILABAD,JAINAD,0104015,Kodekotha,Bengal Gram,Pests,1,1,0,0,0,0,1,1,0.9,32.0,30.0,2.0,9.0,0.2059,0.2059,100.0,100.0
ADILABAD,JAINAD,0104015,Kodekotha,Maize,Healthy,1,1,0,1,0,0,0,0,0.0,141.0,46.0,4.0,24.0,0.382,0.382,0.0,100.0
ADILABAD,JAINAD,0104017,Kura,Bengal Gram,Healthy,3,3,0,3,0,0,0,0,0.0,39.3333,28.0,1.6667,11.0,0.8744,2.6231,0.0,100.0
ADILABAD,JAINAD,0104018,Kuthompur,Bengal Gram,Healthy,6,6,0,6,0,0,0,0,0.0,40.8333,32.6667,2.5,9.3333,0.3775,2.2647,0.0,100.0
ADILABAD,JAINAD,0104018,Kuthompur,Maize,Stressed,1,1,0,0,1,0,0,1,0.5,139.0,54.0,2.0,23.0,0.6538,0.6538,100.0,100.0
ADILABAD,JAINAD,0104019,Deepaiguda,Bengal Gram,Diseased,1,1,0,0,0,1,0,1,0.8,43.0,20.0,1.0,8.0,0.6354,0.6354,100.0,100.0
ADILABAD,JAINAD,0104019,Deepaiguda,Bengal Gram,Healthy,10,10,0,10,0,0,0,0,0.0,38.3,27.7,2.3,11.1,0.7405,7.4047,0.0,100.0
ADILABAD,JAINAD,0104019,Deepaiguda,Bengal Gram,Stressed,1,1,0,0,1,0,0,1,0.5,46.0,24.0,1.0,12.0,0.2451,0.2451,100.0,100.0
ADILABAD,JAINAD,0104020,Akurla,Bengal Gram,Healthy,5,5,0,5,0,0,0,0,0.0,40.2,29.0,1.8,10.0,0.6777,3.3884,0.0,100.0
ADILABAD,JAINAD,0104020,Akurla,Cotton,Healthy,1,1,0,1,0,0,0,0,0.0,112.0,43.0,3.0,15.0,0.5545,0.5545,0.0,100.0
ADILABAD,JAINAD,0104021,Lekarwadi,Bengal Gram,Healthy,2,2,0,2,0,0,0,0,0.0,40.0,36.0,2.5,9.0,0.2536,0.5072,0.0,100.0
ADILABAD,JAINAD,0104021,Lekarwadi,Cotton,Healthy,5,5,0,5,0,0,0,0,0.0,98.6,46.0,3.4,14.0,0.7256,3.628,0.0,100.0
ADILABAD,JAINAD,0104022,Dadapoor,Cotton,Healthy,6,6,0,6,0,0,0,0,0.0,88.8333,51.1667,3.6667,14.0,0.6976,4.1858,0.0,100.0
ADILABAD,JAINAD,0104022,Dadapoor,Cotton,Stressed,1,1,0,0,1,0,0,1,0.5,112.0,52.0,6.0,15.0,0.703,0.703,100.0,100.0
ADILABAD,JAINAD,0104023,Sekapoor,Cotton,Healthy,2,2,0,2,0,0,0,0,0.0,91.5,55.5,3.0,16.5,1.176,2.3521,0.0,100.0
ADILABAD,JAINAD,0104024,Pipparwada,Cotton,Healthy,1,1,0,1,0,0,0,0,0.0,112.0,53.0,5.0,18.0,1.0215,1.0215,0.0,100.0
ADILABAD,JAINAD,0104025,Gimma (Khurd),Cotton,Diseased,1,1,0,0,0,1,0,1,0.8,114.0,60.0,2.0,15.0,1.1896,1.1896,100.0,100.0
ADILABAD,JAINAD,0104025,Gimma (Khurd),Cotton,Healthy,4,4,0,4,0,0,0,0,0.0,99.5,50.25,3.5,17.75,1.0638,4.2552,0.0,100.0
ADILABAD,JAINAD,0104026,Rampurtaraf,Cotton,Healthy,1,1,0,1,0,0,0,0,0.0,64.0,42.0,4.0,13.0,0.4505,0.4505,0.0,100.0
ADILABAD,JAINAD,0104026,Rampurtaraf,Cotton,Stressed,1,1,0,0,1,0,0,1,0.5,83.0,53.0,2.0,10.0,1.2646,1.2646,100.0,100.0
ADILABAD,JAINAD,0104028,Sirsonna,Cotton,Healthy,2,2,0,2,0,0,0,0,0.0,78.5,50.0,4.5,16.5,0.7086,1.4172,0.0,100.0
ADILABAD,JAINAD,0104030,Poosai,Cotton,Healthy,1,1,0,1,0,0,0,0,0.0,80.0,51.0,3.0,10.0,0.511,0.511,0.0,100.0
ADILABAD,JAINAD,0104031,Hashampur,Cotton,Healthy,5,5,0,5,0,0,0,0,0.0,97.0,49.0,3.6,14.0,0.6231,3.1155,0.0,100.0
ADILABAD,JAINAD,0104031,Hashampur,Cotton,Pests,1,1,0,0,0,0,1,1,0.9,62.0,40.0,4.0,14.0,1.0079,1.0079,100.0,100.0
ADILABAD,JAINAD,0104031,Hashampur,Cotton,Stressed,2,2,0,0,2,0,0,2,0.5,112.0,51.0,3.0,16.5,0.6179,1.2358,100.0,100.0
ADILABAD,JAINAD,0104034,Tarada (Buzurg),Cotton,Healthy,3,3,0,3,0,0,0,0,0.0,98.3333,48.6667,3.6667,16.6667,0.7776,2.3329,0.0,100.0
ADILABAD,JAINAD,0104035,Fouzpur,Cotton,Healthy,2,2,0,2,0,0,0,0,0.0,106.5,53.5,2.5,15.5,2.905,5.81,0.0,100.0
ADILABAD,JAINAD,0104036,Bhoraj,Cotton,Healthy,1,1,0,1,0,0,0,0,0.0,98.0,59.0,4.0,18.0,0.7118,0.7118,0.0,100.0
ADILABAD,JAINAD,0104037,Ballori,Bengal Gram,Healthy,5,5,0,5,0,0,0,0,0.0,42.8,31.4,1.4,11.2,0.8721,4.3605,0.0,100.0
ADILABAD,JAINAD,0104037,Ballori,Bengal Gram,Pests,1,1,0,0,0,0,1,1,0.9,40.0,40.0,2.0,10.0,0.9038,0.9038,100.0,100.0
ADILABAD,JAINAD,0104037,Ballori,Bengal Gram,Stressed,1,1,0,0,1,0,0,1,0.5,32.0,35.0,1.0,12.0,1.0516,1.0516,100.0,100.0
ADILABAD,JAINAD,0104038,Nizampur,Cotton,Healthy,1,1,0,1,0,0,0,0,0.0,91.0,55.0,5.0,10.0,1.3183,1.3183,0.0,100.0
ADILABAD,JAINAD,0104040,Nirala,Bengal Gram,Healthy,7,7,0,7,0,0,0,0,0.0,41.0,31.0,1.7143,9.5714,0.4539,3.1775,0.0,100.0
ADILABAD,JAINAD,0104040,Nirala,Bengal Gram,Stressed,1,1,0,0,1,0,0,1,0.5,42.0,22.0,3.0,9.0,0.7346,0.7346,100.0,100.0
ADILABAD,JAINAD,0104042,Ada,Bengal Gram,,6,0,6,0,0,0,0,0,,43.8333,31.5,1.6667,10.0,1.1528,6.9167,,0.0
ADILABAD,JAINAD,0104043,Jainad,Bengal Gram,Healthy,8,8,0,8,0,0,0,0,0.0,41.375,29.75,2.25,9.5,1.0552,8.4414,0.0,100.0
ADILABAD,JAINAD,0104043,Jainad,Bengal Gram,Pests,3,3,0,0,0,0,3,3,0.9,40.0,29.6667,1.6667,9.6667,0.9042,2.7126,100.0,100.0
ADILABAD,JAINAD,0104044,Khapri,Maize,Healthy,1,1,0,1,0,0,0,0,0.0,103.0,43.0,4.0,23.0,0.5246,0.5246,0.0,100.0
ADILABAD,JAINAD,0104044,Khapri,Maize,Pests,1,1,0,0,0,0,1,1,0.9,167.0,51.0,3.0,20.0,0.2016,0.2016,100.0,100.0
ADILABAD,JAINAD,0104045,Umri,Maize,Healthy,1,1,0,1,0,0,0,0,0.0,200.0,51.0,4.0,25.0,0.3552,0.3552,0.0,100.0
ADILABAD,JAINAD,0104045,Umri,Maize,Stressed,1,1,0,0,1,0,0,1,0.5,213.0,57.0,2.0,20.0,0.1955,0.1955,100.0,100.0
ADILABAD,JAINAD,0104048,Laxmipur (Uligan),Bengal Gram,Diseased,1,1,0,0,0,1,0,1,0.8,44.0,33.0,3.0,8.0,0.8461,0.8461,100.0,100.0
ADILABAD,JAINAD,0104048,Laxmipur (Uligan),Bengal Gram,Healthy,6,6,0,6,0,0,0,0,0.0,37.3333,26.1667,1.6667,9.5,0.6129,3.6773,0.0,100.0
ADILABAD,JAINAD,0104048,Laxmipur (Uligan),Bengal Gram,Pests,1,1,0,0,0,0,1,1,0.9,45.0,21.0,1.0,10.0,0.6774,0.6774,100.0,100.0
ADILABAD,JAINAD,0104048,Laxmipur (Uligan),Cotton,Healthy,3,3,0,3,0,0,0,0,0.0,83.0,49.0,5.0,15.3333,1.1898,3.5693,0.0,100.0
ADILABAD,JAINAD,0104048,Laxmipur (Uligan),Cotton,Pests,1,1,0,0,0,0,1,1,0.9,113.0,51.0,2.0,19.0,1.3147,1.3147,100.0,100.0
ADILABAD,JAINAD,0104048,Laxmipur (Uligan),Cotton,Stressed,1,1,0,0,1,0,0,1,0.5,88.0,40.0,2.0,19.0,0.783,0.783,100.0,100.0
ADILABAD,JAINAD,0104049,Pippalgaon,Bengal Gram,Diseased,1,1,0,0,0,1,0,1,0.8,36.0,26.0,2.0,12.0,0.5327,0.5327,100.0,100.0
ADILABAD,JAINAD,0104049,Pippalgaon,Bengal Gram,Healthy,6,6,0,6,0,0,0,0,0.0,43.1667,26.1667,1.8333,10.1667,0.8917,5.35,0.0,100.0
ADILABAD,JAINAD,0104049,Pippalgaon,Bengal Gram,Pests,1,1,0,0,0,0,1,1,0.9,36.0,22.0,3.0,8.0,0.4471,0.4471,100.0,100.0
ADILABAD,JAINAD,0104049,Pippalgaon,Bengal Gram,Stressed,1,1,0,0,1,0,0,1,0.5,44.0,34.0,3.0,9.0,0.1464,0.1464,100.0,100.0
ADILABAD,JAINAD,0104049,Pippalgaon,Cotton,Healthy,1,1,0,1,0,0,0,0,0.0,60.0,56.0,6.0,15.0,0.9405,0.9405,0.0,100.0
ADILABAD,JAINAD,0104050,Kamtha,Bengal Gram,Healthy,1,1,0,1,0,0,0,0,0.0,32.0,37.0,3.0,10.0,0.5032,0.5032,0.0,100.0
ADILABAD,JAINAD,0104050,Kamtha,Cotton,Diseased,1,1,0,0,0,1,0,1,0.8,96.0,51.0,3.0,17.0,1.5117,1.5117,100.0,100.0
ADILABAD,JAINAD,0104053,Kanpa (Mediguda),Bengal Gram,Healthy,1,1,0,1,0,0,0,0,0.0,43.0,37.0,2.0,9.0,0.1408,0.1408,0.0,100.0
ADILABAD,JAINAD,0104053,Kanpa (Mediguda),Cotton,,5,0,5,0,0,0,0,0,,86.2,49.4,3.4,16.2,0.7945,3.9725,,0.0
ADILABAD,JAINOOR,0127002,Patnapur,Cotton,,1,0,1,0,0,0,0,0,,107.0,52.0,2.0,14.0,1.3822,1.3822,,0.0
ADILABAD,JAINOOR,0127009,Ushegaon,Cotton,,1,0,1,0,0,0,0,0,,120.0,45.0,2.0,11.0,0.3357,0.3357,,0.0
ADILABAD,KERAMERI,0128018,Anarpalle,Cotton,,1,0,1,0,0,0,0,0,,91.0,54.0,6.0,13.0,0.2418,0.2418,,0.0
ADILABAD,KHANAPUR,0124F01,FOREST,Cotton,Pests,1,1,0,0,0,0,1,1,0.9,116.0,45.0,3.0,13.0,0.3442,0.3442,100.0,100.0
ADILABAD,KUBEER,0115001,Palsi,Bengal Gram,Healthy,3,3,0,3,0,0,0,0,0.0,42.6667,32.0,1.6667,11.0,0.2265,0.6794,0.0,100.0
ADILABAD,KUBEER,0115002,Pardi (Khurd),Bengal Gram,Stressed,1,1,0,0,1,0,0,1,0.5,33.0,31.0,2.0,9.0,0.2133,0.2133,100.0,100.0
ADILABAD,KUBEER,0115003,Jamgaon,Bengal Gram,Healthy,1,1,0,1,0,0,0,0,0.0,49.0,38.0,1.0,8.0,0.1618,0.1618,0.0,100.0
ADILABAD,KUBEER,0115005,Sirpalle,Maize,Healthy,1,1,0,1,0,0,0,0,0.0,118.0,52.0,4.0,25.0,0.2786,0.2786,0.0,100.0
ADILABAD,KUBEER,0115006,Dodarna,Bengal Gram,Healthy,1,1,0,1,0,0,0,0,0.0,36.0,34.0,1.0,12.0,0.882,0.882,0.0,100.0
ADILABAD,KUBEER,0115006,Dodarna,Maize,Pests,1,1,0,0,0,0,1,1,0.9,238.0,50.0,5.0,22.0,1.2679,1.2679,100.0,100.0
ADILABAD,KUBEER,0115007,Belgaon,Bengal Gram,Healthy,1,1,0,1,0,0,0,0,0.0,44.0,32.0,2.0,9.0,0.9975,0.9975,0.0,100.0
ADILABAD,KUBEER,0115012,Halda,Bengal Gram,Diseased,1,1,0,0,0,1,0,1,0.8,41.0,36.0,1.0,12.0,0.5272,0.5272,100.0,100.0
ADILABAD,KUBEER,0115014,Chata,Bengal Gram,Diseased,1,1,0,0,0,1,0,1,0.8,50.0,31.0,2.0,11.0,0.3468,0.3468,100.0,100.0
ADILABAD,KUBEER,0115014,Chata,Maize,Diseased,1,1,0,0,0,1,0,1,0.8,169.0,50.0,5.0,21.0,0.2469,0.2469,100.0,100.0
ADILABAD,KUBEER,0115014,Chata,Maize,Healthy,7,7,0,7,0,0,0,0,0.0,173.1429,51.7143,2.8571,23.1429,0.44,3.08,0.0,100.0
ADILABAD,KUBEER,0115014,Chata,Maize,Pests,1,1,0,0,0,0,1,1,0.9,219.0,48.0,5.0,21.0,0.2478,0.2478,100.0,100.0
ADILABAD,KUBEER,0115014,Chata,Maize,Stressed,1,1,0,0,1,0,0,1,0.5,198.0,54.0,5.0,22.0,0.1257,0.1257,100.0,100.0
ADILABAD,KUBEER,0115015,Pardi (Buzurg),Maize,Healthy,1,1,0,1,0,0,0,0,0.0,227.0,46.0,3.0,23.0,0.4809,0.4809,0.0,100.0
ADILABAD,KUBEER,0115016,Darkubeer,Bengal Gram,Healthy,2,2,0,2,0,0,0,0,0.0,40.0,29.0,1.0,9.5,0.2551,0.5102,0.0,100.0
ADILABAD,KUBEER,0115017,Rajura,Bengal Gram,Healthy,6,6,0,6,0,0,0,0,0.0,38.3333,30.5,2.0,9.8333,0.2773,1.6638,0.0,100.0
ADILABAD,KUBEER,0115018,Kubeer,Bengal Gram,Healthy,6,6,0,6,0,0,0,0,0.0,40.0,29.8333,1.8333,9.8333,0.5717,3.4305,0.0,100.0
ADILABAD,KUBEER,0115018,Kubeer,Maize,Diseased,1,1,0,0,0,1,0,1,0.8,191.0,54.0,5.0,20.0,0.7979,0.7979,100.0,100.0
ADILABAD,KUBEER,0115018,Kubeer,Maize,Healthy,7,7,0,7,0,0,0,0,0.0,190.1429,52.8571,4.0,22.4286,0.9247,6.473,0.0,100.0
ADILABAD,KUBEER,0115019,Khasra,Bengal Gram,Diseased,1,1,0,0,0,1,0,1,0.8,38.0,35.0,1.0,9.0,0.3962,0.3962,100.0,100.0
ADILABAD,KUBEER,0115019,Khasra,Bengal Gram,Healthy,5,5,0,5,0,0,0,0,0.0,45.0,30.4,2.4,9.8,0.5656,2.8281,0.0,100.0
ADILABAD,KUBEER,0115019,Khasra,Bengal Gram,Stressed,1,1,0,0,1,0,0,1,0.5,34.0,34.0,2.0,9.0,0.2991,0.2991,100.0,100.0
ADILABAD,KUBEER,0115020,Chondi,Bengal Gram,,6,0,6,0,0,0,0,0,,40.0,29.5,2.0,10.5,0.3755,2.2529,,0.0
ADILABAD,KUBEER,0115020,Chondi,Bengal Gram,Healthy,2,2,0,2,0,0,0,0,0.0,47.0,34.0,1.0,11.5,0.6906,1.3812,0.0,100.0
ADILABAD,KUBEER,0115020,Chondi,Maize,Healthy,1,1,0,1,0,0,0,0,0.0,250.0,58.0,5.0,24.0,1.0422,1.0422,0.0,100.0
ADILABAD,KUBEER,0115022,Sangvi,Bengal Gram,Stressed,1,1,0,0,1,0,0,1,0.5,43.0,38.0,1.0,12.0,0.3673,0.3673,100.0,100.0
ADILABAD,KUBEER,0115024,Varni,Bengal Gram,,1,0,1,0,0,0,0,0,,31.0,32.0,3.0,12.0,0.5163,0.5163,,0.0
ADILABAD,KUBEER,0115025,Sonari,Bengal Gram,,1,0,1,0,0,0,0,0,,38.0,22.0,3.0,12.0,0.2856,0.2856,,0.0
ADILABAD,KUBEER,0115027,Godapur,Bengal Gram,,4,0,4,0,0,0,0,0,,42.25,31.25,2.0,11.25,0.2902,1.1607,,0.0
ADILABAD,KUBEER,0115027,Godapur,Maize,,3,0,3,0,0,0,0,0,,169.6667,54.6667,3.6667,23.3333,0.664,1.992,,0.0
ADILABAD,KUBEER,0115028,Nighwa,Bengal Gram,,11,0,11,0,0,0,0,0,,38.9091,31.0909,1.6364,9.0909,0.5159,5.675,,0.0
ADILABAD,KUBEER,0115028,Nighwa,Maize,,16,0,16,0,0,0,0,0,,165.25,49.5,3.5,21.9375,1.2161,19.4576,,0.0
ADILABAD,KUBEER,0115029,Mola,Bengal Gram,,1,0,1,0,0,0,0,0,,49.0,21.0,1.0,8.0,0.288,0.288,,0.0
ADILABAD,KUBEER,0115030,Lingi,Maize,,5,0,5,0,0,0,0,0,,195.8,48.4,3.8,22.8,0.5357,2.6784,,0.0
ADILABAD,KUBEER,0115031,Wai,Maize,,3,0,3,0,0,0,0,0,,190.0,54.3333,3.6667,21.6667,1.2103,3.6309,,0.0
ADILABAD,KUBEER,0115032,Sanwali,Bengal Gram,,2,0,2,0,0,0,0,0,,43.0,25.5,1.0,10.0,0.4388,0.8775,,0.0
ADILABAD,KUBEER,0115032,Sanwali,Maize,,1,0,1,0,0,0,0,0,,160.0,60.0,2.0,21.0,0.866,0.866,,0.0
ADILABAD,KUBEER,0115033,Antharni,Bengal Gram,,1,0,1,0,0,0,0,0,,47.0,29.0,1.0,11.0,0.4528,0.4528,,0.0
ADILABAD,KUBEER,0115034,Malegaon,Bengal Gram,,1,0,1,0,0,0,0,0,,43.0,24.0,1.0,12.0,0.2855,0.2855,,0.0
ADILABAD,KUBEER,0115034,Malegaon,Maize,,4,0,4,0,0,0,0,0,,150.5,51.25,4.25,22.5,0.9257,3.7029,,0.0
ADILABAD,KUBEER,0115036,Pangra,Bengal Gram,,1,0,1,0,0,0,0,0,,36.0,34.0,3.0,8.0,0.5912,0.5912,,0.0
ADILABAD,KUBEER,0115036,Pangra,Maize,,4,0,4,0,0,0,0,0,,173.25,50.75,3.5,22.0,0.4364,1.7455,,0.0
ADILABAD,KUBEER,0115036,Pangra,Maize,Diseased,1,1,0,0,0,1,0,1,0.8,196.0,41.0,3.0,20.0,0.6679,0.6679,100.0,100.0
ADILABAD,KUBEER,0115037,Bakot,Bengal Gram,Healthy,3,3,0,3,0,0,0,0,0.0,40.6667,31.0,3.0,9.6667,0.9125,2.7374,0.0,100.0
ADILABAD,KUBEER,0115037,Bakot,Maize,Healthy,1,1,0,1,0,0,0,0,0.0,185.0,46.0,4.0,21.0,0.9951,0.9951,0.0,100.0
ADILABAD,KUBEER,0115038,Sowna,Maize,Healthy,1,1,0,1,0,0,0,0,0.0,233.0,52.0,4.0,20.0,1.9673,1.9673,0.0,100.0
ADILABAD,KUNTALA,0114001,Limba (Buzurg),Maize,,19,0,19,0,0,0,0,0,,183.5789,50.8421,3.4211,22.2632,0.2218,4.2145,,0.0
ADILABAD,KUNTALA,0114002,Medanpur,Maize,Diseased,1,1,0,0,0,1,0,1,0.8,207.0,57.0,5.0,21.0,0.2755,0.2755,100.0,100.0
ADILABAD,KUNTALA,0114002,Medanpur,Maize,Healthy,3,3,0,3,0,0,0,0,0.0,189.6667,48.3333,2.0,23.3333,0.3943,1.1828,0.0,100.0
ADILABAD,KUNTALA,0114004,Suryapur,Bengal Gram,,3,0,3,0,0,0,0,0,,39.6667,32.3333,2.0,9.6667,0.4553,1.3658,,0.0
ADILABAD,KUNTALA,0114004,Suryapur,Maize,,16,0,16,0,0,0,0,0,,173.5,49.0,3.8125,22.125,0.2607,4.1706,,0.0
ADILABAD,KUNTALA,0114005,Rajapur,Maize,,6,0,6,0,0,0,0,0,,174.5,53.1667,4.0,23.0,0.219,1.3137,,0.0
ADILABAD,KUNTALA,0114012,Ambakanti,Maize,,1,0,1,0,0,0,0,0,,110.0,54.0,5.0,25.0,0.0537,0.0537,,0.0
ADILABAD,KUNTALA,0114013,Kuntala,Maize,,9,0,9,0,0,0,0,0,,179.0,46.4444,3.4444,22.2222,0.2075,1.8673,,0.0
ADILABAD,KUNTALA,0114014,Oala,Maize,,43,0,43,0,0,0,0,0,,189.1628,48.9302,3.3256,22.814,0.2492,10.716,,0.0
ADILABAD,KUNTALA,0114015,Limba (Khurd),Maize,,52,0,52,0,0,0,0,0,,169.7885,50.1923,3.4808,22.4423,0.2959,15.3869,,0.0
ADILABAD,KUNTALA,0114015,Limba (Khurd),Maize,Healthy,1,1,0,1,0,0,0,0,0.0,220.0,53.0,4.0,25.0,1.3025,1.3025,0.0,100.0
ADILABAD,KUNTALA,0114017,Venkur,Maize,,1,0,1,0,0,0,0,0,,244.0,60.0,5.0,22.0,0.4448,0.4448,,0.0
ADILABAD,KUNTALA,0114018,Penchikalpahad,Maize,,1,0,1,0,0,0,0,0,,204.0,59.0,4.0,21.0,0.3113,0.3113,,0.0
ADILABAD,KUNTALA,0114021,Nandan,Maize,Healthy,1,1,0,1,0,0,0,0,0.0,248.0,44.0,2.0,23.0,0.1051,0.1051,0.0,100.0
ADILABAD,KUNTALA,0114023,Kallur,Maize,,1,0,1,0,0,0,0,0,,169.0,58.0,5.0,20.0,0.7434,0.7434,,0.0
ADILABAD,KUNTALA,0114024,Mutakapalle,Maize,,5,0,5,0,0,0,0,0,,177.0,47.6,3.8,24.0,0.2732,1.3661,,0.0
ADILABAD,KUNTALA,0114F01,FOREST,Maize,,2,0,2,0,0,0,0,0,,185.5,45.0,2.5,24.5,0.2133,0.4267,,0.0
ADILABAD,LAXMANCHANDA,0122001,Waddyal,Maize,Healthy,2,2,0,2,0,0,0,0,0.0,179.5,51.0,4.0,20.5,0.1388,0.2776,0.0,100.0
ADILABAD,LAXMANCHANDA,0122002,Kankapur,Cotton,Healthy,5,5,0,5,0,0,0,0,0.0,80.2,50.8,4.6,14.0,0.4421,2.2103,0.0,100.0
ADILABAD,LAXMANCHANDA,0122002,Kankapur,Maize,Healthy,3,3,0,3,0,0,0,0,0.0,148.3333,50.6667,4.0,29.0,0.7686,2.3059,0.0,100.0
ADILABAD,LAXMANCHANDA,0122002,Kankapur,Maize,Pests,1,1,0,0,0,0,1,1,0.9,245.0,60.0,5.0,27.0,0.3387,0.3387,100.0,100.0
ADILABAD,LAXMANCHANDA,0122002,Kankapur,Maize,Stressed,1,1,0,0,1,0,0,1,0.5,166.0,46.0,4.0,21.0,0.1965,0.1965,100.0,100.0
ADILABAD,LAXMANCHANDA,0122002,Kankapur,Paddy,Healthy,1,1,0,1,0,0,0,0,0.0,79.0,86.0,6.0,21.0,0.674,0.674,0.0,100.0
ADILABAD,LAXMANCHANDA,0122003,Narsapur,Maize,Healthy,1,1,0,1,0,0,0,0,0.0,210.0,53.0,5.0,29.0,0.1176,0.1176,0.0,100.0
ADILABAD,LAXMANCHANDA,0122003,Narsapur,Maize,Pests,1,1,0,0,0,0,1,1,0.9,178.0,52.0,5.0,27.0,0.5012,0.5012,100.0,100.0
ADILABAD,LAXMANCHANDA,0122003,Narsapur,Maize,Stressed,1,1,0,0,1,0,0,1,0.5,223.0,40.0,5.0,27.0,0.3489,0.3489,100.0,100.0
ADILABAD,LAXMANCHANDA,0122003,Narsapur,Paddy,Healthy,2,2,0,2,0,0,0,0,0.0,78.5,89.5,4.0,24.5,0.456,0.912,0.0,100.0
ADILABAD,LAXMANCHANDA,0122004,Boregaon,Paddy,Healthy,1,1,0,1,0,0,0,0,0.0,95.0,98.0,6.0,23.0,0.0508,0.0508,0.0,100.0
ADILABAD,LAXMANCHANDA,0122005,Babapur,Maize,Healthy,1,1,0,1,0,0,0,0,0.0,220.0,50.0,3.0,24.0,0.0527,0.0527,0.0,100.0
ADILABAD,LAXMANCHANDA,0122006,Thirpalle,Maize,Diseased,1,1,0,0,0,1,0,1,0.8,203.0,59.0,3.0,22.0,0.0983,0.0983,100.0,100.0
ADILABAD,LAXMANCHANDA,0122006,Thirpalle,Maize,Healthy,2,2,0,2,0,0,0,0,0.0,198.5,51.5,2.5,24.0,0.2642,0.5285,0.0,100.0
ADILABAD,LAXMANCHANDA,0122008,Peechara,Maize,Healthy,1,1,0,1,0,0,0,0,0.0,197.0,40.0,2.0,22.0,0.2313,0.2313,0.0,100.0
ADILABAD,LAXMANCHANDA,0122012,Kuchanpalle,Maize,Diseased,1,1,0,0,0,1,0,1,0.8,231.0,49.0,4.0,20.0,0.1723,0.1723,100.0,100.0
ADILABAD,LAXMANCHANDA,0122013,Dharmaram,Maize,Healthy,2,2,0,2,0,0,0,0,0.0,161.5,53.0,3.0,24.0,0.1415,0.283,0.0,100.0
ADILABAD,LAXMANCHANDA,0122014,Parpalle,Maize,Healthy,8,8,0,8,0,0,0,0,0.0,168.125,46.75,3.625,22.5,0.2881,2.3047,0.0,100.0
ADILABAD,LAXMANCHANDA,0122016,Machapur,Maize,Healthy,1,1,0,1,0,0,0,0,0.0,115.0,56.0,3.0,24.0,0.201,0.201,0.0,100.0
ADILABAD,LAXMANCHANDA,0122017,Munipalle,Maize,Healthy,9,9,0,9,0,0,0,0,0.0,168.6667,50.5556,3.5556,22.7778,0.3008,2.7074,0.0,100.0
ADILABAD,LAXMANCHANDA,0122017,Munipalle,Maize,Pests,1,1,0,0,0,0,1,1,0.9,190.0,44.0,5.0,24.0,0.2362,0.2362,100.0,100.0
ADILABAD,LAXMANCHANDA,0122017,Munipalle,Maize,Stressed,1,1,0,0,1,0,0,1,0.5,202.0,43.0,5.0,24.0,0.8286,0.8286,100.0,100.0
ADILABAD,LAXMANCHANDA,0122018,Chamanpalle,Maize,Healthy,3,3,0,3,0,0,0,0,0.0,195.0,47.0,3.3333,23.6667,0.3065,0.9195,0.0,100.0
ADILABAD,LAXMANCHANDA,0122019,Chintalchanda,Maize,Diseased,1,1,0,0,0,1,0,1,0.8,174.0,54.0,4.0,22.0,0.6725,0.6725,100.0,100.0
ADILABAD,LAXMANCHANDA,0122019,Chintalchanda,Maize,Healthy,10,10,0,10,0,0,0,0,0.0,182.4,52.5,3.9,22.5,0.284,2.8403,0.0,100.0
ADILABAD,LAXMANCHANDA,0122019,Chintalchanda,Maize,Pests,2,2,0,0,0,0,2,2,0.9,173.5,59.0,3.0,22.5,0.2836,0.5671,100.0,100.0
ADILABAD,LOKESWARAM,0119001,Potpalle (M),Maize,Healthy,1,1,0,1,0,0,0,0,0.0,205.0,60.0,2.0,24.0,0.6275,0.6275,0.0,100.0
ADILABAD,LOKESWARAM,0119002,Hadgaon,Maize,Healthy,4,4,0,4,0,0,0,0,0.0,182.0,51.0,2.75,22.25,0.741,2.9638,0.0,100.0
ADILABAD,LOKESWARAM,0119002,Hadgaon,Maize,Stressed,2,2,0,0,2,0,0,2,0.5,155.5,48.0,2.0,22.0,0.3517,0.7035,100.0,100.0
ADILABAD,LOKESWARAM,0119003,Sathgaon,Maize,Diseased,1,1,0,0,0,1,0,1,0.8,205.0,58.0,5.0,23.0,0.2409,0.2409,100.0,100.0
ADILABAD,LOKESWARAM,0119003,Sathgaon,Maize,Healthy,3,3,0,3,0,0,0,0,0.0,157.0,45.0,4.3333,23.3333,0.2873,0.8619,0.0,100.0
ADILABAD,LOKESWARAM,0119003,Sathgaon,Maize,Stressed,1,1,0,0,1,0,0,1,0.5,227.0,59.0,2.0,21.0,0.1206,0.1206,100.0,100.0
ADILABAD,LOKESWARAM,0119006,Manmad,Maize,Diseased,2,2,0,0,0,2,0,2,0.8,227.0,52.0,3.5,20.5,0.0969,0.1937,100.0,100.0
ADILABAD,LOKESWARAM,0119006,Manmad,Maize,Healthy,21,21,0,21,0,0,0,0,0.0,178.381,49.4762,3.0476,22.381,0.1967,4.1316,0.0,100.0
ADILABAD,LOKESWARAM,0119006,Manmad,Maize,Stressed,3,3,0,0,3,0,0,3,0.5,176.6667,54.6667,3.3333,22.3333,0.1547,0.4642,100.0,100.0
ADILABAD,LOKESWARAM,0119007,Potpalle (B),Maize,Healthy,1,1,0,1,0,0,0,0,0.0,178.0,54.0,3.0,21.0,0.1108,0.1108,0.0,100.0
ADILABAD,LOKESWARAM,0119008,Yeddur,Maize,Diseased,1,1,0,0,0,1,0,1,0.8,168.0,41.0,2.0,20.0,0.2885,0.2885,100.0,100.0
ADILABAD,LOKESWARAM,0119008,Yeddur,Maize,Healthy,3,3,0,3,0,0,0,0,0.0,172.0,47.3333,3.6667,24.3333,0.1153,0.3458,0.0,100.0
ADILABAD,LOKESWARAM,0119010,Rajura,Maize,Diseased,1,1,0,0,0,1,0,1,0.8,246.0,52.0,3.0,23.0,0.3327,0.3327,100.0,100.0
ADILABAD,LOKESWARAM,0119010,Rajura,Maize,Healthy,1,1,0,1,0,0,0,0,0.0,222.0,41.0,4.0,25.0,0.1773,0.1773,0.0,100.0
ADILABAD,LOKESWARAM,0119014,Bhagapur,Maize,Diseased,1,1,0,0,0,1,0,1,0.8,110.0,54.0,5.0,21.0,0.1343,0.1343,100.0,100.0
ADILABAD,LOKESWARAM,0119014,Bhagapur,Maize,Healthy,10,10,0,10,0,0,0,0,0.0,171.3,48.3,3.1,22.3,0.3333,3.3327,0.0,100.0
ADILABAD,LOKESWARAM,0119015,Kistapur,Maize,Healthy,2,2,0,2,0,0,0,0,0.0,192.0,52.0,3.5,22.0,0.1567,0.3134,0.0,100.0
ADILABAD,LOKESWARAM,0119017,Puspur,Maize,Diseased,1,1,0,0,0,1,0,1,0.8,126.0,55.0,5.0,20.0,0.3476,0.3476,100.0,100.0
ADILABAD,LOKESWARAM,0119017,Puspur,Maize,Healthy,10,10,0,10,0,0,0,0,0.0,170.3,51.9,3.5,22.4,0.496,4.9595,0.0,100.0
ADILABAD,LOKESWARAM,0119017,Puspur,Maize,Stressed,2,2,0,0,2,0,0,2,0.5,168.0,47.0,3.0,21.0,0.6642,1.3284,100.0,100.0
ADILABAD,LOKESWARAM,0119019,New Raipur (K) R.C,Maize,Healthy,2,2,0,2,0,0,0,0,0.0,194.0,54.0,4.0,22.5,0.2746,0.5492,0.0,100.0
ADILABAD,LOKESWARAM,0119024,Wastapur,Maize,Healthy,1,1,0,1,0,0,0,0,0.0,194.0,43.0,5.0,25.0,0.2525,0.2525,0.0,100.0
ADILABAD,LOKESWARAM,0119030,Pipri,Maize,Healthy,1,1,0,1,0,0,0,0,0.0,178.0,41.0,2.0,20.0,0.0721,0.0721,0.0,100.0
ADILABAD,LOKESWARAM,0119999,SRIRAMSAGAR PROJECT,Maize,Diseased,6,6,0,0,0,6,0,6,0.8,194.0,44.0,2.3333,22.5,0.2227,1.3359,100.0,100.0
ADILABAD,LOKESWARAM,0119999,SRIRAMSAGAR PROJECT,Maize,Healthy,30,30,0,30,0,0,0,0,0.0,183.8,48.0667,3.3,22.2,0.148,4.4397,0.0,100.0
ADILABAD,LOKESWARAM,0119999,SRIRAMSAGAR PROJECT,Maize,Pests,4,4,0,0,0,0,4,4,0.9,130.0,47.75,3.75,21.75,0.096,0.3838,100.0,100.0
ADILABAD,LOKESWARAM,0119999,SRIRAMSAGAR PROJECT,Maize,Stressed,1,1,0,0,1,0,0,1,0.5,173.0,44.0,3.0,24.0,0.0788,0.0788,100.0,100.0
ADILABAD,MAMDA,0123009,Parimandal,Cotton,Healthy,1,1,0,1,0,0,0,0,0.0,94.0,57.0,6.0,17.0,0.8818,0.8818,0.0,100.0
ADILABAD,MAMDA,0123009,Parimandal,Cotton,Pests,1,1,0,0,0,0,1,1,0.9,94.0,48.0,5.0,11.0,0.3545,0.3545,100.0,100.0
ADILABAD,MAMDA,0123009,Parimandal,Maize,Healthy,1,1,0,1,0,0,0,0,0.0,135.0,54.0,3.0,24.0,0.5036,0.5036,0.0,100.0
ADILABAD,MAMDA,0123011,Lingapur,Maize,Healthy,1,1,0,1,0,0,0,0,0.0,246.0,53.0,5.0,26.0,0.228,0.228,0.0,100.0
ADILABAD,MAMDA,0123012,Raidhari,Cotton,Healthy,1,1,0,1,0,0,0,0,0.0,87.0,49.0,5.0,18.0,0.1509,0.1509,0.0,100.0
ADILABAD,MAMDA,0123012,Raidhari,Maize,Healthy,4,4,0,4,0,0,0,0,0.0,183.75,53.25,3.5,22.75,0.2637,1.0547,0.0,100.0
ADILABAD,MAMDA,0123012,Raidhari,Paddy,Healthy,1,1,0,1,0,0,0,0,0.0,51.0,99.0,4.0,22.0,0.6539,0.6539,0.0,100.0
ADILABAD,MAMDA,0123015,Dimmadurthy,Cotton,Diseased,1,1,0,0,0,1,0,1,0.8,84.0,55.0,5.0,11.0,0.0481,0.0481,100.0,100.0
ADILABAD,MAMDA,0123018,Kotha Sangvi (R.C),Maize,,4,0,4,0,0,0,0,0,,164.0,50.0,2.75,21.25,0.3917,1.5669,,0.0
ADILABAD,MAMDA,0123019,Mamda,Maize,Healthy,14,14,0,14,0,0,0,0,0.0,158.8571,51.3571,3.5714,22.7857,0.3015,4.2203,0.0,100.0
ADILABAD,MAMDA,0123019,Mamda,Maize,Stressed,3,3,0,0,3,0,0,3,0.5,181.3333,47.0,3.0,23.6667,0.2679,0.8037,100.0,100.0
ADILABAD,MAMDA,0123020,Mondepalle,Cotton,Diseased,1,1,0,0,0,1,0,1,0.8,81.0,43.0,2.0,12.0,0.9585,0.9585,100.0,100.0
ADILABAD,MAMDA,0123020,Mondepalle,Cotton,Healthy,3,3,0,3,0,0,0,0,0.0,95.6667,45.6667,3.0,14.0,0.5459,1.6378,0.0,100.0
ADILABAD,MAMDA,0123020,Mondepalle,Maize,Healthy,7,7,0,7,0,0,0,0,0.0,191.2857,48.0,3.4286,22.7143,0.3608,2.5254,0.0,100.0
ADILABAD,MAMDA,0123020,Mondepalle,Maize,Pests,1,1,0,0,0,0,1,1,0.9,153.0,51.0,5.0,25.0,0.2469,0.2469,100.0,100.0
ADILABAD,MAMDA,0123021,Kotha Lingampalle (R.C),Maize,Healthy,2,2,0,2,0,0,0,0,0.0,142.0,50.5,3.5,22.0,0.2015,0.403,0.0,100.0
ADILABAD,MAMDA,0123021,Kotha Lingampalle (R.C),Paddy,Healthy,1,1,0,1,0,0,0,0,0.0,73.0,97.0,6.0,25.0,0.2867,0.2867,0.0,100.0
ADILABAD,MAMDA,0123022,Koratikal,Maize,Healthy,6,6,0,6,0,0,0,0,0.0,192.0,51.6667,2.6667,22.5,0.3201,1.9206,0.0,100.0
ADILABAD,MAMDA,0123026,Ananthpet,Maize,,4,0,4,0,0,0,0,0,,151.0,51.5,3.75,23.0,0.3676,1.4703,,0.0
ADILABAD,MAMDA,0123030,Ponkal,Maize,,13,0,13,0,0,0,0,0,,163.5385,50.2308,3.3846,22.5385,0.2457,3.1936,,0.0
ADILABAD,MAMDA,0123F01,FOREST,Maize,Healthy,2,2,0,2,0,0,0,0,0.0,103.5,50.0,3.0,28.0,0.0939,0.1878,0.0,100.0
ADILABAD,MUDHOLE,0118001,Ramtek,Bengal Gram,Healthy,1,1,0,1,0,0,0,0,0.0,40.0,21.0,3.0,8.0,1.7137,1.7137,0.0,100.0
ADILABAD,MUDHOLE,0118001,Ramtek,Maize,Healthy,2,2,0,2,0,0,0,0,0.0,171.0,56.5,5.0,20.5,0.5037,1.0074,0.0,100.0
ADILABAD,MUDHOLE,0118001,Ramtek,Maize,Stressed,1,1,0,0,1,0,0,1,0.5,224.0,43.0,5.0,20.0,0.3588,0.3588,100.0,100.0
ADILABAD,MUDHOLE,0118002,Machkal,Bengal Gram,Healthy,1,1,0,1,0,0,0,0,0.0,41.0,26.0,1.0,12.0,0.453,0.453,0.0,100.0
ADILABAD,MUDHOLE,0118002,Machkal,Bengal Gram,Pests,1,1,0,0,0,0,1,1,0.9,33.0,25.0,2.0,10.0,0.6721,0.6721,100.0,100.0
ADILABAD,MUDHOLE,0118002,Machkal,Maize,Diseased,1,1,0,0,0,1,0,1,0.8,141.0,50.0,3.0,24.0,0.6752,0.6752,100.0,100.0
ADILABAD,MUDHOLE,0118002,Machkal,Maize,Healthy,8,8,0,8,0,0,0,0,0.0,183.625,50.75,3.625,22.5,0.3066,2.4525,0.0,100.0
ADILABAD,MUDHOLE,0118002,Machkal,Maize,Pests,2,2,0,0,0,0,2,2,0.9,183.5,54.5,4.0,20.5,0.325,0.65,100.0,100.0
ADILABAD,MUDHOLE,0118002,Machkal,Maize,Stressed,1,1,0,0,1,0,0,1,0.5,213.0,51.0,5.0,24.0,0.2451,0.2451,100.0,100.0
ADILABAD,MUDHOLE,0118003,Mudgal,Maize,Healthy,3,3,0,3,0,0,0,0,0.0,146.6667,52.0,2.6667,23.0,0.354,1.0619,0.0,100.0
ADILABAD,MUDHOLE,0118003,Mudgal,Maize,Stressed,2,2,0,0,2,0,0,2,0.5,160.5,43.0,3.5,22.0,0.9409,1.8817,100.0,100.0
ADILABAD,MUDHOLE,0118004,Taroda,Bengal Gram,Healthy,3,3,0,3,0,0,0,0,0.0,32.3333,28.3333,2.6667,9.3333,0.7677,2.303,0.0,100.0
ADILABAD,MUDHOLE,0118004,Taroda,Bengal Gram,Stressed,2,2,0,0,2,0,0,2,0.5,47.5,31.0,2.0,9.5,0.4269,0.8538,100.0,100.0
ADILABAD,MUDHOLE,0118004,Taroda,Maize,Healthy,3,3,0,3,0,0,0,0,0.0,109.0,54.0,3.6667,22.6667,0.551,1.6531,0.0,100.0
ADILABAD,MUDHOLE,0118007,Edbid,Maize,Healthy,9,9,0,9,0,0,0,0,0.0,174.0,49.0,4.3333,22.6667,0.9113,8.2021,0.0,100.0
ADILABAD,MUDHOLE,0118007,Edbid,Maize,Pests,1,1,0,0,0,0,1,1,0.9,227.0,51.0,5.0,21.0,2.3614,2.3614,100.0,100.0
ADILABAD,MUDHOLE,0118007,Edbid,Maize,Stressed,1,1,0,0,1,0,0,1,0.5,216.0,48.0,3.0,25.0,0.6468,0.6468,100.0,100.0
ADILABAD,MUDHOLE,0118013,Gudur,Maize,Healthy,2,2,0,2,0,0,0,0,0.0,168.5,48.0,2.0,24.5,0.9132,1.8265,0.0,100.0
ADILABAD,MUDHOLE,0118016,Vitholi,Bengal Gram,Healthy,2,2,0,2,0,0,0,0,0.0,44.5,29.5,1.0,8.5,0.5439,1.0877,0.0,100.0
ADILABAD,MUDHOLE,0118016,Vitholi,Maize,Diseased,1,1,0,0,0,1,0,1,0.8,190.0,43.0,3.0,25.0,0.8624,0.8624,100.0,100.0
ADILABAD,MUDHOLE,0118016,Vitholi,Maize,Healthy,3,3,0,3,0,0,0,0,0.0,191.6667,47.0,3.3333,22.6667,1.6566,4.9697,0.0,100.0
ADILABAD,MUDHOLE,0118017,Mudhole,Bengal Gram,Diseased,3,3,0,0,0,3,0,3,0.8,38.3333,27.0,2.6667,10.6667,0.4366,1.3098,100.0,100.0
ADILABAD,MUDHOLE,0118017,Mudhole,Bengal Gram,Healthy,39,39,0,39,0,0,0,0,0.0,39.8462,28.8974,2.1026,10.3077,0.8233,32.1106,0.0,100.0
ADILABAD,MUDHOLE,0118017,Mudhole,Bengal Gram,Pests,5,5,0,0,0,0,5,5,0.9,44.8,23.8,1.6,10.4,0.9698,4.8492,100.0,100.0
ADILABAD,MUDHOLE,0118017,Mudhole,Bengal Gram,Stressed,4,4,0,0,4,0,0,4,0.5,40.75,28.25,1.75,9.75,0.9832,3.9329,100.0,100.0
ADILABAD,MUDHOLE,0118017,Mudhole,Maize,Diseased,2,2,0,0,0,2,0,2,0.8,167.0,50.5,5.0,21.0,1.6538,3.3076,100.0,100.0
ADILABAD,MUDHOLE,0118017,Mudhole,Maize,Healthy,27,27,0,27,0,0,0,0,0.0,184.2222,49.7778,3.5926,22.0,1.5277,41.2469,0.0,100.0
ADILABAD,MUDHOLE,0118017,Mudhole,Maize,Stressed,3,3,0,0,3,0,0,3,0.5,206.3333,50.3333,3.0,23.0,1.1663,3.499,100.0,100.0
ADILABAD,MUDHOLE,0118018,Ganora,Bengal Gram,Healthy,1,1,0,1,0,0,0,0,0.0,39.0,29.0,3.0,10.0,0.3196,0.3196,0.0,100.0
ADILABAD,MUDHOLE,0118018,Ganora,Maize,Healthy,1,1,0,1,0,0,0,0,0.0,106.0,60.0,4.0,23.0,0.6029,0.6029,0.0,100.0
ADILABAD,MUDHOLE,0118019,Riuvi,Maize,Healthy,1,1,0,1,0,0,0,0,0.0,197.0,45.0,5.0,20.0,0.2524,0.2524,0.0,100.0
ADILABAD,MUDHOLE,0118020,Brahmangaon,Maize,Healthy,1,1,0,1,0,0,0,0,0.0,205.0,53.0,2.0,23.0,0.377,0.377,0.0,100.0
ADILABAD,MUDHOLE,0118021,Ashta,Bengal Gram,Diseased,1,1,0,0,0,1,0,1,0.8,39.0,37.0,2.0,8.0,0.6059,0.6059,100.0,100.0
ADILABAD,MUDHOLE,0118021,Ashta,Bengal Gram,Healthy,4,4,0,4,0,0,0,0,0.0,41.5,31.75,1.75,11.5,0.6732,2.6929,0.0,100.0
ADILABAD,MUDHOLE,0118021,Ashta,Maize,Healthy,11,11,0,11,0,0,0,0,0.0,153.8182,49.6364,2.9091,22.3636,1.2584,13.8419,0.0,100.0
ADILABAD,MUDHOLE,0118022,Voni,Bengal Gram,Healthy,1,1,0,1,0,0,0,0,0.0,36.0,21.0,2.0,9.0,0.4758,0.4758,0.0,100.0
ADILABAD,MUDHOLE,0118022,Voni,Maize,Diseased,1,1,0,0,0,1,0,1,0.8,117.0,51.0,2.0,20.0,1.5466,1.5466,100.0,100.0
ADILABAD,MUDHOLE,0118022,Voni,Maize,Healthy,9,9,0,9,0,0,0,0,0.0,184.0,50.4444,3.4444,22.8889,1.0905,9.8145,0.0,100.0
ADILABAD,MUDHOLE,0118022,Voni,Maize,Pests,1,1,0,0,0,0,1,1,0.9,230.0,52.0,5.0,24.0,1.0214,1.0214,100.0,100.0
ADILABAD,MUDHOLE,0118023,Kirgul (Buzurg),Bengal Gram,Healthy,8,8,0,8,0,0,0,0,0.0,44.375,34.125,2.125,10.0,1.1536,9.2285,0.0,100.0
ADILABAD,MUDHOLE,0118023,Kirgul (Buzurg),Bengal Gram,Stressed,1,1,0,0,1,0,0,1,0.5,35.0,34.0,2.0,8.0,0.6369,0.6369,100.0,100.0
ADILABAD,MUDHOLE,0118023,Kirgul (Buzurg),Maize,Healthy,2,2,0,2,0,0,0,0,0.0,200.0,52.0,3.5,22.0,0.7291,1.4582,0.0,100.0
ADILABAD,MUDHOLE,0118023,Kirgul (Buzurg),Maize,Stressed,1,1,0,0,1,0,0,1,0.5,249.0,53.0,5.0,21.0,1.5858,1.5858,100.0,100.0
ADILABAD,MUDHOLE,0118024,Shetpalle,Maize,Healthy,5,5,0,5,0,0,0,0,0.0,182.8,49.8,2.8,23.6,1.2195,6.0973,0.0,100.0
ADILABAD,MUDHOLE,0118025,Kirgul (Khurd),Bengal Gram,Healthy,2,2,0,2,0,0,0,0,0.0,32.5,29.0,2.5,9.0,0.625,1.25,0.0,100.0
ADILABAD,MUDHOLE,0118025,Kirgul (Khurd),Maize,Healthy,4,4,0,4,0,0,0,0,0.0,150.25,51.0,4.5,21.75,1.4591,5.8363,0.0,100.0
ADILABAD,MUDHOLE,0118026,Bidralli,Bengal Gram,Diseased,1,1,0,0,0,1,0,1,0.8,46.0,34.0,1.0,9.0,0.2817,0.2817,100.0,100.0
ADILABAD,MUDHOLE,0118026,Bidralli,Bengal Gram,Healthy,36,36,0,36,0,0,0,0,0.0,39.3611,28.8333,1.75,10.1667,0.8002,28.8082,0.0,100.0
ADILABAD,MUDHOLE,0118026,Bidralli,Bengal Gram,Pests,1,1,0,0,0,0,1,1,0.9,39.0,32.0,2.0,10.0,0.1814,0.1814,100.0,100.0
ADILABAD,MUDHOLE,0118026,Bidralli,Bengal Gram,Stressed,3,3,0,0,3,0,0,3,0.5,41.3333,25.6667,1.6667,10.0,0.5797,1.7392,100.0,100.0
ADILABAD,MUDHOLE,0118026,Bidralli,Maize,Healthy,11,11,0,11,0,0,0,0,0.0,188.0909,53.0909,3.0909,22.6364,0.9083,9.9917,0.0,100.0
ADILABAD,MUDHOLE,0118026,Bidralli,Maize,Pests,4,4,0,0,0,0,4,4,0.9,206.75,47.5,2.75,22.5,0.8527,3.4108,100.0,100.0
ADILABAD,MUDHOLE,0118026,Bidralli,Maize,Stressed,4,4,0,0,4,0,0,4,0.5,171.75,45.75,3.25,23.0,1.1878,4.751,100.0,100.0
ADILABAD,MUDHOLE,0118027,Takli,Bengal Gram,Healthy,11,11,0,11,0,0,0,0,0.0,42.4545,28.5455,1.9091,10.4545,0.7689,8.4581,0.0,100.0
ADILABAD,MUDHOLE,0118027,Takli,Bengal Gram,Pests,2,2,0,0,0,0,2,2,0.9,44.0,32.0,2.5,9.0,0.6904,1.3808,100.0,100.0
ADILABAD,MUDHOLE,0118027,Takli,Maize,Diseased,1,1,0,0,0,1,0,1,0.8,121.0,55.0,3.0,24.0,0.7775,0.7775,100.0,100.0
ADILABAD,MUDHOLE,0118027,Takli,Maize,Healthy,8,8,0,8,0,0,0,0,0.0,151.625,50.5,3.375,22.125,1.3936,11.1488,0.0,100.0
ADILABAD,MUDHOLE,0118027,Takli,Maize,Stressed,1,1,0,0,1,0,0,1,0.5,174.0,59.0,4.0,21.0,0.6639,0.6639,100.0,100.0
ADILABAD,MUDHOLE,0118028,Dhondapur,Bengal Gram,Healthy,1,1,0,1,0,0,0,0,0.0,33.0,31.0,3.0,8.0,0.9737,0.9737,0.0,100.0
ADILABAD,MUDHOLE,0118028,Dhondapur,Maize,Diseased,2,2,0,0,0,2,0,2,0.8,163.0,58.5,3.0,23.5,0.5489,1.0978,100.0,100.0
ADILABAD,MUDHOLE,0118028,Dhondapur,Maize,Healthy,5,5,0,5,0,0,0,0,0.0,185.2,55.0,3.0,23.0,1.1662,5.8311,0.0,100.0
ADILABAD,MUDHOLE,0118029,Labdi,Bengal Gram,Diseased,1,1,0,0,0,1,0,1,0.8,46.0,21.0,1.0,8.0,0.9233,0.9233,100.0,100.0
ADILABAD,MUDHOLE,0118029,Labdi,Bengal Gram,Healthy,5,5,0,5,0,0,0,0,0.0,38.6,29.2,1.4,10.8,0.5472,2.7358,0.0,100.0
ADILABAD,MUDHOLE,0118029,Labdi,Maize,Diseased,1,1,0,0,0,1,0,1,0.8,134.0,47.0,2.0,22.0,0.4709,0.4709,100.0,100.0
ADILABAD,MUDHOLE,0118029,Labdi,Maize,Healthy,3,3,0,3,0,0,0,0,0.0,172.3333,50.3333,3.6667,22.0,0.9596,2.8787,0.0,100.0
ADILABAD,MUDHOLE,0118030,Ratnapur,Bengal Gram,Healthy,1,1,0,1,0,0,0,0,0.0,32.0,40.0,2.0,10.0,2.758,2.758,0.0,100.0
ADILABAD,MUDHOLE,0118030,Ratnapur,Maize,Diseased,1,1,0,0,0,1,0,1,0.8,123.0,60.0,2.0,20.0,1.1234,1.1234,100.0,100.0
ADILABAD,MUDHOLE,0118030,Ratnapur,Maize,Healthy,3,3,0,3,0,0,0,0,0.0,203.6667,49.6667,4.0,24.0,2.2004,6.6013,0.0,100.0
ADILABAD,MUDHOLE,0118032,Mahadpur,Bengal Gram,Healthy,2,2,0,2,0,0,0,0,0.0,39.0,37.5,3.0,10.5,0.4773,0.9547,0.0,100.0
ADILABAD,MUDHOLE,0118032,Mahadpur,Maize,Healthy,1,1,0,1,0,0,0,0,0.0,233.0,57.0,4.0,23.0,0.4859,0.4859,0.0,100.0
ADILABAD,MUDHOLE,0118032,Mahadpur,Maize,Stressed,1,1,0,0,1,0,0,1,0.5,231.0,45.0,3.0,25.0,1.0651,1.0651,100.0,100.0
ADILABAD,MUDHOLE,0118033,Mailapur,Bengal Gram,Healthy,1,1,0,1,0,0,0,0,0.0,38.0,30.0,3.0,9.0,0.7222,0.7222,0.0,100.0
ADILABAD,MUDHOLE,0118033,Mailapur,Bengal Gram,Pests,1,1,0,0,0,0,1,1,0.9,49.0,26.0,3.0,11.0,0.4224,0.4224,100.0,100.0
ADILABAD,MUDHOLE,0118033,Mailapur,Maize,Healthy,3,3,0,3,0,0,0,0,0.0,181.3333,49.6667,3.6667,23.6667,1.3868,4.1604,0.0,100.0
ADILABAD,MUDHOLE,0118033,Mailapur,Maize,Pests,1,1,0,0,0,0,1,1,0.9,119.0,48.0,3.0,22.0,1.5296,1.5296,100.0,100.0
ADILABAD,MUDHOLE,0118034,Basar,Bengal Gram,Healthy,1,1,0,1,0,0,0,0,0.0,49.0,25.0,3.0,10.0,0.5446,0.5446,0.0,100.0
ADILABAD,MUDHOLE,0118034,Basar,Bengal Gram,Pests,1,1,0,0,0,0,1,1,0.9,48.0,29.0,1.0,12.0,1.2517,1.2517,100.0,100.0
ADILABAD,MUDHOLE,0118034,Basar,Maize,Healthy,4,4,0,4,0,0,0,0,0.0,194.0,49.5,3.25,21.5,1.5278,6.111,0.0,100.0
ADILABAD,MUDHOLE,0118035,Renukapur,Bengal Gram,Healthy,1,1,0,1,0,0,0,0,0.0,47.0,40.0,1.0,10.0,0.7116,0.7116,0.0,100.0
ADILABAD,MUDHOLE,0118035,Renukapur,Maize,Healthy,5,5,0,5,0,0,0,0,0.0,192.6,50.2,4.0,22.8,0.927,4.6352,0.0,100.0
ADILABAD,MUDHOLE,0118036,Kowtha,Bengal Gram,Diseased,1,1,0,0,0,1,0,1,0.8,45.0,39.0,2.0,12.0,0.7923,0.7923,100.0,100.0
ADILABAD,MUDHOLE,0118038,Salapur,Bengal Gram,Diseased,1,1,0,0,0,1,0,1,0.8,32.0,37.0,1.0,12.0,0.4946,0.4946,100.0,100.0
ADILABAD,MUDHOLE,0118038,Salapur,Bengal Gram,Healthy,5,5,0,5,0,0,0,0,0.0,39.0,30.8,2.0,10.2,0.7275,3.6373,0.0,100.0
ADILABAD,MUDHOLE,0118038,Salapur,Bengal Gram,Stressed,1,1,0,0,1,0,0,1,0.5,37.0,37.0,1.0,12.0,0.8074,0.8074,100.0,100.0
ADILABAD,MUDHOLE,0118038,Salapur,Maize,Healthy,3,3,0,3,0,0,0,0,0.0,161.6667,52.6667,3.0,21.6667,1.2289,3.6866,0.0,100.0
ADILABAD,MUDHOLE,0118999,SRIRAMSAGAR PROJECT,Bengal Gram,Diseased,1,1,0,0,0,1,0,1,0.8,43.0,36.0,2.0,12.0,0.6786,0.6786,100.0,100.0
ADILABAD,MUDHOLE,0118999,SRIRAMSAGAR PROJECT,Bengal Gram,Healthy,8,8,0,8,0,0,0,0,0.0,40.875,27.625,1.875,9.875,1.0341,8.2727,0.0,100.0
ADILABAD,MUDHOLE,0118999,SRIRAMSAGAR PROJECT,Bengal Gram,Pests,2,2,0,0,0,0,2,2,0.9,45.5,36.5,2.5,10.0,0.3261,0.6522,100.0,100.0
ADILABAD,MUDHOLE,0118999,SRIRAMSAGAR PROJECT,Bengal Gram,Stressed,1,1,0,0,1,0,0,1,0.5,35.0,28.0,2.0,10.0,0.3541,0.3541,100.0,100.0
ADILABAD,MUDHOLE,0118999,SRIRAMSAGAR PROJECT,Maize,Diseased,2,2,0,0,0,2,0,2,0.8,182.0,46.5,2.5,23.0,0.4571,0.9141,100.0,100.0
ADILABAD,MUDHOLE,0118999,SRIRAMSAGAR PROJECT,Maize,Healthy,9,9,0,9,0,0,0,0,0.0,176.2222,51.2222,3.1111,22.0,1.111,9.9987,0.0,100.0
ADILABAD,NARNOOR,0106002,Rampur,Cotton,Diseased,1,1,0,0,0,1,0,1,0.8,93.0,57.0,4.0,15.0,0.5065,0.5065,100.0,100.0
ADILABAD,NARNOOR,0106002,Rampur,Red Gram,Healthy,3,3,0,3,0,0,0,0,0.0,48.0,30.6667,1.6667,9.6667,0.4544,1.3633,0.0,100.0
ADILABAD,NARNOOR,0106004,Dongargaon,Red Gram,Healthy,2,2,0,2,0,0,0,0,0.0,55.5,32.5,3.0,10.0,0.3234,0.6468,0.0,100.0
ADILABAD,NARNOOR,0106005,Sedwai,Cotton,Healthy,1,1,0,1,0,0,0,0,0.0,80.0,53.0,6.0,10.0,0.7688,0.7688,0.0,100.0
ADILABAD,NARNOOR,0106007,Kouthala,Red Gram,Healthy,5,5,0,5,0,0,0,0,0.0,80.0,31.8,1.6,10.6,0.3592,1.7959,0.0,100.0
ADILABAD,NARNOOR,0106008,Kothapalle (G),Red Gram,Healthy,4,4,0,4,0,0,0,0,0.0,71.25,38.25,1.75,9.25,0.3042,1.2166,0.0,100.0
ADILABAD,NARNOOR,0106008,Kothapalle (G),Red Gram,Stressed,1,1,0,0,1,0,0,1,0.5,116.0,25.0,1.0,12.0,0.6781,0.6781,100.0,100.0
ADILABAD,NARNOOR,0106009,Kunikasa,Red Gram,Healthy,2,2,0,2,0,0,0,0,0.0,35.5,40.0,3.0,8.0,0.445,0.89,0.0,100.0
ADILABAD,NARNOOR,0106009,Kunikasa,Red Gram,Pests,1,1,0,0,0,0,1,1,0.9,111.0,49.0,2.0,11.0,0.3711,0.3711,100.0,100.0
ADILABAD,NARNOOR,0106011,Ademeyon,Cotton,Healthy,1,1,0,1,0,0,0,0,0.0,79.0,47.0,3.0,11.0,0.4173,0.4173,0.0,100.0
ADILABAD,NARNOOR,0106011,Ademeyon,Red Gram,Healthy,4,4,0,4,0,0,0,0,0.0,72.75,31.75,1.75,11.0,0.4449,1.7794,0.0,100.0
ADILABAD,NARNOOR,0106011,Ademeyon,Red Gram,Stressed,2,2,0,0,2,0,0,2,0.5,108.5,21.5,2.0,9.0,0.2739,0.5478,100.0,100.0
ADILABAD,NARNOOR,0106013,Pipri,Cotton,Healthy,1,1,0,1,0,0,0,0,0.0,61.0,48.0,2.0,14.0,0.4695,0.4695,0.0,100.0
ADILABAD,NARNOOR,0106015,Paraswada (K),Cotton,Healthy,4,4,0,4,0,0,0,0,0.0,93.0,47.5,3.25,12.25,0.4635,1.854,0.0,100.0
ADILABAD,NARNOOR,0106015,Paraswada (K),Red Gram,Healthy,1,1,0,1,0,0,0,0,0.0,79.0,32.0,3.0,9.0,0.2202,0.2202,0.0,100.0
ADILABAD,NARNOOR,0106018,Dhaba (K),Cotton,Healthy,1,1,0,1,0,0,0,0,0.0,103.0,42.0,6.0,10.0,0.8404,0.8404,0.0,100.0
ADILABAD,NARNOOR,0106018,Dhaba (K),Red Gram,Healthy,1,1,0,1,0,0,0,0,0.0,109.0,41.0,1.0,8.0,0.1138,0.1138,0.0,100.0
ADILABAD,NARNOOR,0106021,Rupapur,Red Gram,Healthy,5,5,0,5,0,0,0,0,0.0,83.2,33.8,1.8,9.4,0.4278,2.1391,0.0,100.0
ADILABAD,NARNOOR,0106022,Kolama,Cotton,Healthy,3,3,0,3,0,0,0,0,0.0,103.0,50.3333,2.6667,14.0,0.5605,1.6814,0.0,100.0
ADILABAD,NARNOOR,0106022,Kolama,Red Gram,Healthy,6,6,0,6,0,0,0,0,0.0,79.1667,38.5,2.0,10.6667,0.3291,1.9746,0.0,100.0
ADILABAD,NARNOOR,0106022,Kolama,Red Gram,Pests,1,1,0,0,0,0,1,1,0.9,107.0,38.0,2.0,9.0,0.2044,0.2044,100.0,100.0
ADILABAD,NARNOOR,0106024,Maregaon,Cotton,Healthy,1,1,0,1,0,0,0,0,0.0,60.0,51.0,2.0,15.0,0.3856,0.3856,0.0,100.0
ADILABAD,NARNOOR,0106024,Maregaon,Red Gram,Stressed,1,1,0,0,1,0,0,1,0.5,116.0,49.0,3.0,11.0,0.5987,0.5987,100.0,100.0
ADILABAD,NARNOOR,0106025,Dhaba (Buzurg),Red Gram,Healthy,2,2,0,2,0,0,0,0,0.0,78.0,33.0,3.0,9.5,0.2575,0.515,0.0,100.0
ADILABAD,NARNOOR,0106026,Lokari (B),Cotton,Diseased,1,1,0,0,0,1,0,1,0.8,80.0,53.0,3.0,19.0,0.8888,0.8888,100.0,100.0
ADILABAD,NARNOOR,0106026,Lokari (B),Cotton,Healthy,2,2,0,2,0,0,0,0,0.0,96.5,45.0,3.0,14.5,0.4599,0.9199,0.0,100.0
ADILABAD,NARNOOR,0106029,Chorgaon,Red Gram,Healthy,1,1,0,1,0,0,0,0,0.0,81.0,39.0,3.0,8.0,0.7426,0.7426,0.0,100.0
ADILABAD,NARNOOR,0106034,Sangvi,Cotton,Healthy,2,2,0,2,0,0,0,0,0.0,91.0,56.0,5.0,16.0,0.5931,1.1862,0.0,100.0
ADILABAD,NARNOOR,0106035,Pownur,Red Gram,Healthy,1,1,0,1,0,0,0,0,0.0,35.0,26.0,3.0,11.0,0.3906,0.3906,0.0,100.0
ADILABAD,NARNOOR,0106037,Umri,Cotton,,1,0,1,0,0,0,0,0,,103.0,48.0,4.0,15.0,0.6138,0.6138,,0.0
ADILABAD,NARNOOR,0106037,Umri,Cotton,Healthy,1,1,0,1,0,0,0,0,0.0,97.0,48.0,4.0,11.0,0.8056,0.8056,0.0,100.0
ADILABAD,NARNOOR,0106038,Bheempur,Cotton,,4,0,4,0,0,0,0,0,,91.0,47.5,3.0,12.25,0.7015,2.8061,,0.0
ADILABAD,NARNOOR,0106038,Bheempur,Red Gram,,4,0,4,0,0,0,0,0,,81.0,39.25,2.0,10.5,0.6559,2.6234,,0.0
ADILABAD,NARNOOR,0106039,Narnoor,Bengal Gram,,1,0,1,0,0,0,0,0,,49.0,22.0,2.0,12.0,0.1623,0.1623,,0.0
ADILABAD,NARNOOR,0106039,Narnoor,Cotton,,1,0,1,0,0,0,0,0,,105.0,42.0,4.0,14.0,0.951,0.951,,0.0
ADILABAD,NARNOOR,0106042,Mahadapur,Cotton,,2,0,2,0,0,0,0,0,,95.0,57.5,4.5,16.0,0.2898,0.5796,,0.0
ADILABAD,NARNOOR,0106044,Mahagaon,Cotton,,2,0,2,0,0,0,0,0,,69.5,40.5,5.0,16.0,1.1408,2.2816,,0.0
ADILABAD,NARNOOR,0106045,Mankapur,Cotton,,3,0,3,0,0,0,0,0,,85.6667,48.3333,4.6667,17.0,0.4742,1.4227,,0.0
ADILABAD,NARNOOR,0106046,Gangapur,Cotton,,5,0,5,0,0,0,0,0,,85.4,51.2,4.6,12.0,0.8624,4.3119,,0.0
ADILABAD,NARNOOR,0106046,Gangapur,Red Gram,,3,0,3,0,0,0,0,0,,93.6667,44.3333,2.0,10.0,0.7034,2.1103,,0.0
ADILABAD,NARNOOR,0106048,Tadihadapnur,Cotton,,1,0,1,0,0,0,0,0,,112.0,58.0,5.0,13.0,0.8343,0.8343,,0.0
ADILABAD,NARNOOR,0106049,Balanpur,Cotton,,3,0,3,0,0,0,0,0,,83.6667,47.0,3.3333,12.0,0.7591,2.2772,,0.0
ADILABAD,NARNOOR,0106051,Nagolkonda,Cotton,,4,0,4,0,0,0,0,0,,88.25,51.25,4.25,11.75,1.442,5.7681,,0.0
ADILABAD,NARNOOR,0106052,Malangi,Cotton,,3,0,3,0,0,0,0,0,,89.3333,51.0,3.3333,13.0,1.0979,3.2936,,0.0
ADILABAD,NARNOOR,0106053,Malepur,Cotton,,6,0,6,0,0,0,0,0,,88.3333,49.5,4.5,15.8333,0.5646,3.3874,,0.0
ADILABAD,NARNOOR,0106F01,FOREST,Cotton,,1,0,1,0,0,0,0,0,,79.0,51.0,5.0,11.0,0.1665,0.1665,,0.0
ADILABAD,NARNOOR,0106F01,FOREST,Cotton,Healthy,5,5,0,5,0,0,0,0,0.0,108.8,52.6,4.4,12.8,0.6414,3.2069,0.0,100.0
ADILABAD,NARNOOR,0106F01,FOREST,Cotton,Pests,1,1,0,0,0,0,1,1,0.9,65.0,59.0,5.0,13.0,0.8134,0.8134,100.0,100.0
ADILABAD,NARNOOR,0106F01,FOREST,Cotton,Stressed,1,1,0,0,1,0,0,1,0.5,108.0,49.0,5.0,15.0,0.4898,0.4898,100.0,100.0
ADILABAD,NARNOOR,0106F01,FOREST,Red Gram,,1,0,1,0,0,0,0,0,,100.0,37.0,1.0,11.0,0.1991,0.1991,,0.0
ADILABAD,NARNOOR,0106F01,FOREST,Red Gram,Diseased,2,2,0,0,0,2,0,2,0.8,85.5,40.5,2.0,10.0,0.2758,0.5515,100.0,100.0
ADILABAD,NARNOOR,0106F01,FOREST,Red Gram,Healthy,16,16,0,16,0,0,0,0,0.0,66.625,34.9375,1.875,10.4375,0.3776,6.0408,0.0,100.0
ADILABAD,NARNOOR,0106F01,FOREST,Red Gram,Pests,1,1,0,0,0,0,1,1,0.9,58.0,33.0,2.0,9.0,0.5108,0.5108,100.0,100.0
ADILABAD,NERADIGONDA,0112004,Tarnam (Buzurg),Bengal Gram,Healthy,1,1,0,1,0,0,0,0,0.0,37.0,24.0,2.0,10.0,0.0907,0.0907,0.0,100.0
ADILABAD,NERADIGONDA,0112004,Tarnam (Buzurg),Bengal Gram,Stressed,1,1,0,0,1,0,0,1,0.5,39.0,27.0,2.0,10.0,0.0884,0.0884,100.0,100.0
ADILABAD,NERADIGONDA,0112011,Tarnam (Khurd),Cotton,Healthy,1,1,0,1,0,0,0,0,0.0,78.0,46.0,4.0,11.0,0.4031,0.4031,0.0,100.0
ADILABAD,NERADIGONDA,0112011,Tarnam (Khurd),Cotton,Pests,1,1,0,0,0,0,1,1,0.9,108.0,44.0,2.0,19.0,0.5491,0.5491,100.0,100.0
ADILABAD,NERADIGONDA,0112012,Kupti (Khurd),Cotton,Stressed,1,1,0,0,1,0,0,1,0.5,94.0,58.0,2.0,18.0,0.5404,0.5404,100.0,100.0
ADILABAD,NERADIGONDA,0112016,Tejapur,Bengal Gram,Pests,1,1,0,0,0,0,1,1,0.9,31.0,38.0,2.0,11.0,0.1658,0.1658,100.0,100.0
ADILABAD,NERADIGONDA,0112016,Tejapur,Bengal Gram,Stressed,1,1,0,0,1,0,0,1,0.5,43.0,23.0,3.0,10.0,0.1046,0.1046,100.0,100.0
ADILABAD,NERADIGONDA,0112016,Tejapur,Cotton,Healthy,1,1,0,1,0,0,0,0,0.0,89.0,51.0,2.0,15.0,0.2068,0.2068,0.0,100.0
ADILABAD,NERADIGONDA,0112018,Lokhampur,Cotton,Healthy,1,1,0,1,0,0,0,0,0.0,87.0,51.0,4.0,14.0,0.5205,0.5205,0.0,100.0
ADILABAD,NERADIGONDA,0112019,Sowergaon,Bengal Gram,Healthy,3,3,0,3,0,0,0,0,0.0,38.6667,27.3333,3.0,9.3333,0.0307,0.092,0.0,100.0
ADILABAD,NERADIGONDA,0112022,Peechra,Cotton,Healthy,4,4,0,4,0,0,0,0,0.0,95.75,52.5,4.75,14.25,0.5086,2.0344,0.0,100.0
ADILABAD,NERADIGONDA,0112024,Neradigonda,Bengal Gram,Healthy,3,3,0,3,0,0,0,0,0.0,42.0,22.0,1.3333,10.0,0.1396,0.4188,0.0,100.0
ADILABAD,NERADIGONDA,0112025,Buddikonda,Bengal Gram,Diseased,1,1,0,0,0,1,0,1,0.8,37.0,30.0,2.0,12.0,0.1959,0.1959,100.0,100.0
ADILABAD,NERADIGONDA,0112025,Buddikonda,Bengal Gram,Healthy,5,5,0,5,0,0,0,0,0.0,38.6,31.2,1.2,10.6,0.5234,2.6169,0.0,100.0
ADILABAD,NERADIGONDA,0112025,Buddikonda,Bengal Gram,Stressed,1,1,0,0,1,0,0,1,0.5,45.0,31.0,2.0,12.0,1.1963,1.1963,100.0,100.0
ADILABAD,NERADIGONDA,0112026,Darba,Bengal Gram,Healthy,4,4,0,4,0,0,0,0,0.0,39.25,29.25,1.75,11.25,0.5746,2.2984,0.0,100.0
ADILABAD,NERADIGONDA,0112027,Bondadi,Bengal Gram,Healthy,2,2,0,2,0,0,0,0,0.0,38.0,37.5,2.5,11.0,0.3183,0.6367,0.0,100.0
ADILABAD,NERADIGONDA,0112027,Bondadi,Bengal Gram,Pests,1,1,0,0,0,0,1,1,0.9,36.0,25.0,3.0,11.0,0.2132,0.2132,100.0,100.0
ADILABAD,NERADIGONDA,0112028,Surdapur,Bengal Gram,Healthy,1,1,0,1,0,0,0,0,0.0,32.0,24.0,1.0,10.0,0.0739,0.0739,0.0,100.0
ADILABAD,NERADIGONDA,0112029,Waddur,Bengal Gram,Healthy,1,1,0,1,0,0,0,0,0.0,49.0,27.0,1.0,9.0,0.1707,0.1707,0.0,100.0
ADILABAD,NERADIGONDA,0112043,Arepalle,Cotton,Healthy,1,1,0,1,0,0,0,0,0.0,83.0,42.0,6.0,11.0,0.7062,0.7062,0.0,100.0
ADILABAD,NERADIGONDA,0112F01,FOREST,Cotton,Pests,1,1,0,0,0,0,1,1,0.9,72.0,56.0,2.0,10.0,0.3463,0.3463,100.0,100.0
ADILABAD,NERADIGONDA,0112F02,FOREST,Cotton,Healthy,4,4,0,4,0,0,0,0,0.0,104.5,52.5,3.0,15.5,0.7065,2.8261,0.0,100.0
ADILABAD,NERADIGONDA,0112F02,FOREST,Cotton,Pests,1,1,0,0,0,0,1,1,0.9,114.0,42.0,6.0,12.0,0.9238,0.9238,100.0,100.0
ADILABAD,NIRMAL,0121002,Vengvapet,Paddy,,5,0,5,0,0,0,0,0,,78.8,92.8,3.8,16.2,0.13,0.65,,0.0
ADILABAD,NIRMAL,0121004,Dyangapur,Paddy,,13,0,13,0,0,0,0,0,,77.0,91.5385,4.3077,19.0769,0.2556,3.3225,,0.0
ADILABAD,NIRMAL,0121014,New Pochampad,Maize,,1,0,1,0,0,0,0,0,,127.0,55.0,2.0,25.0,0.056,0.056,,0.0
ADILABAD,NIRMAL,0121016,Ratnapur Kondli,Cotton,Healthy,1,1,0,1,0,0,0,0,0.0,116.0,54.0,2.0,11.0,0.1966,0.1966,0.0,100.0
ADILABAD,NIRMAL,0121024,New Mujgi,Maize,,2,0,2,0,0,0,0,0,,222.0,43.5,3.0,22.5,0.1356,0.2712,,0.0
ADILABAD,NIRMAL,0121024,New Mujgi,Maize,Diseased,1,1,0,0,0,1,0,1,0.8,178.0,57.0,4.0,22.0,0.0681,0.0681,100.0,100.0
ADILABAD,NIRMAL,0121024,New Mujgi,Maize,Healthy,1,1,0,1,0,0,0,0,0.0,146.0,43.0,5.0,22.0,0.117,0.117,0.0,100.0
ADILABAD,NIRMAL,0121025,Manjlapur (Rural),Maize,,2,0,2,0,0,0,0,0,,174.5,46.5,2.5,22.5,0.219,0.4381,,0.0
ADILABAD,NIRMAL,0121033,Siddankunta (New),Maize,,1,0,1,0,0,0,0,0,,229.0,40.0,4.0,23.0,0.0999,0.0999,,0.0
ADILABAD,NIRMAL,0121034,Jafrapur,Maize,Healthy,1,1,0,1,0,0,0,0,0.0,156.0,50.0,2.0,25.0,0.1488,0.1488,0.0,100.0
ADILABAD,NIRMAL,0121036,Soan,Maize,Diseased,1,1,0,0,0,1,0,1,0.8,228.0,54.0,5.0,20.0,0.0998,0.0998,100.0,100.0
ADILABAD,NIRMAL,0121040,Lolam,Maize,Diseased,1,1,0,0,0,1,0,1,0.8,181.0,53.0,5.0,23.0,0.05,0.05,100.0,100.0
ADILABAD,SARANGAPUR,0113002,Potia,Maize,,2,0,2,0,0,0,0,0,,163.5,52.0,3.0,21.5,0.2802,0.5604,,0.0
ADILABAD,SARANGAPUR,0113004,Ponkur,Maize,,1,0,1,0,0,0,0,0,,141.0,42.0,4.0,21.0,0.1253,0.1253,,0.0
ADILABAD,SARANGAPUR,0113006,Kharji,Maize,,1,0,1,0,0,0,0,0,,215.0,53.0,3.0,20.0,0.4239,0.4239,,0.0
ADILABAD,SARANGAPUR,0113007,Adelli,Groundnut,,1,0,1,0,0,0,0,0,,25.0,30.0,2.0,10.0,0.9276,0.9276,,0.0
ADILABAD,SARANGAPUR,0113007,Adelli,Maize,,40,0,40,0,0,0,0,0,,188.625,49.075,3.55,24.325,0.5627,22.5061,,0.0
ADILABAD,SARANGAPUR,0113008,Nagapur,Maize,,39,0,39,0,0,0,0,0,,161.0256,49.0256,3.5385,35.0256,0.3494,13.6254,,0.0
ADILABAD,SARANGAPUR,0113009,Jam,Cotton,,4,0,4,0,0,0,0,0,,90.25,46.0,5.0,15.5,0.6007,2.4028,,0.0
ADILABAD,SARANGAPUR,0113009,Jam,Groundnut,,1,0,1,0,0,0,0,0,,32.0,30.0,1.0,13.0,0.4863,0.4863,,0.0
ADILABAD,SARANGAPUR,0113009,Jam,Maize,,18,0,18,0,0,0,0,0,,171.0556,49.0556,3.3889,22.8889,0.495,8.9096,,0.0
ADILABAD,SARANGAPUR,0113009,Jam,Paddy,,30,0,30,0,0,0,0,0,,78.1667,90.4667,4.4333,18.1333,0.1545,4.636,,0.0
ADILABAD,SARANGAPUR,0113010,Sarangpur,Maize,,9,0,9,0,0,0,0,0,,183.1111,51.5556,3.8889,22.6667,0.2439,2.1955,,0.0
ADILABAD,SARANGAPUR,0113011,Kowtla (Buzurg),Chillies,,1,0,1,0,0,0,0,0,,84.0,41.0,4.0,10.0,1.3545,1.3545,,0.0
ADILABAD,SARANGAPUR,0113011,Kowtla (Buzurg),Cotton,,2,0,2,0,0,0,0,0,,86.0,52.0,4.0,14.0,0.7622,1.5243,,0.0
ADILABAD,SARANGAPUR,0113011,Kowtla (Buzurg),Cotton,Healthy,2,2,0,2,0,0,0,0,0.0,91.0,50.0,4.0,18.0,1.5513,3.1027,0.0,100.0
ADILABAD,SARANGAPUR,0113011,Kowtla (Buzurg),Paddy,,3,0,3,0,0,0,0,0,,78.3333,93.3333,4.0,20.6667,0.2908,0.8724,,0.0
ADILABAD,SARANGAPUR,0113012,Chincholi (Malak),Cotton,Healthy,2,2,0,2,0,0,0,0,0.0,75.5,54.0,4.0,12.5,0.3638,0.7277,0.0,100.0
ADILABAD,SARANGAPUR,0113017,Beervelli,Maize,Diseased,1,1,0,0,0,1,0,1,0.8,143.0,56.0,2.0,23.0,0.6351,0.6351,100.0,100.0
ADILABAD,SARANGAPUR,0113017,Beervelli,Maize,Healthy,6,6,0,6,0,0,0,0,0.0,138.5,53.8333,3.1667,23.0,0.631,3.786,0.0,100.0
ADILABAD,SARANGAPUR,0113018,Vanjar,Cotton,Healthy,1,1,0,1,0,0,0,0,0.0,83.0,54.0,2.0,12.0,0.7893,0.7893,0.0,100.0
ADILABAD,SARANGAPUR,0113018,Vanjar,Maize,Diseased,2,2,0,0,0,2,0,2,0.8,182.0,51.5,2.5,23.5,0.3669,0.7338,100.0,100.0
ADILABAD,SARANGAPUR,0113018,Vanjar,Maize,Healthy,4,4,0,4,0,0,0,0,0.0,169.5,47.5,3.25,22.75,0.2982,1.1929,0.0,100.0
ADILABAD,SARANGAPUR,0113018,Vanjar,Maize,Pests,1,1,0,0,0,0,1,1,0.9,212.0,60.0,2.0,23.0,0.473,0.473,100.0,100.0
ADILABAD,SARANGAPUR,0113018,Vanjar,Maize,Stressed,1,1,0,0,1,0,0,1,0.5,248.0,40.0,5.0,21.0,0.0875,0.0875,100.0,100.0
ADILABAD,SARANGAPUR,0113019,Godsera,Maize,,47,0,47,0,0,0,0,0,,170.383,50.0426,3.383,22.2766,0.501,23.549,,0.0
ADILABAD,SARANGAPUR,0113020,Yakarpalle,Maize,,35,0,35,0,0,0,0,0,,170.0,48.4286,3.6,23.7429,0.392,13.7186,,0.0
ADILABAD,SARANGAPUR,0113021,Boregaon,Chillies,,2,0,2,0,0,0,0,0,,79.0,41.5,4.0,8.0,0.197,0.3939,,0.0
ADILABAD,SARANGAPUR,0113021,Boregaon,Cotton,,2,0,2,0,0,0,0,0,,88.5,52.5,2.5,11.0,0.6412,1.2824,,0.0
ADILABAD,SARANGAPUR,0113021,Boregaon,Maize,,53,0,53,0,0,0,0,0,,170.3774,51.2264,3.8113,22.4151,0.5221,27.6719,,0.0
ADILABAD,SARANGAPUR,0113021,Boregaon,Paddy,,5,0,5,0,0,0,0,0,,71.6,87.8,5.2,21.4,0.4707,2.3533,,0.0
ADILABAD,SARANGAPUR,0113022,Dhani,Cotton,,3,0,3,0,0,0,0,0,,111.3333,49.0,4.3333,13.0,0.7215,2.1646,,0.0
ADILABAD,SARANGAPUR,0113022,Dhani,Maize,,10,0,10,0,0,0,0,0,,157.9,47.2,3.6,22.9,0.5277,5.2766,,0.0
ADILABAD,SARANGAPUR,0113022,Dhani,Paddy,,20,0,20,0,0,0,0,0,,74.7,88.95,4.35,17.85,0.2002,4.0034,,0.0
ADILABAD,SARANGAPUR,0113023,Gopalpet,Cotton,,11,0,11,0,0,0,0,0,,86.0909,49.2727,4.0,13.0,0.6052,6.6575,,0.0
ADILABAD,SARANGAPUR,0113023,Gopalpet,Maize,,13,0,13,0,0,0,0,0,,197.4615,47.1538,3.3846,22.4615,0.5769,7.4998,,0.0
ADILABAD,SARANGAPUR,0113023,Gopalpet,Paddy,,5,0,5,0,0,0,0,0,,66.8,95.4,4.6,23.8,0.7212,3.6062,,0.0
ADILABAD,SARANGAPUR,0113024,Alur,Chillies,,1,0,1,0,0,0,0,0,,66.0,59.0,5.0,12.0,2.0739,2.0739,,0.0
ADILABAD,SARANGAPUR,0113024,Alur,Cotton,,2,0,2,0,0,0,0,0,,76.5,48.0,4.5,12.5,0.4829,0.9659,,0.0
ADILABAD,SARANGAPUR,0113024,Alur,Maize,,21,0,21,0,0,0,0,0,,167.7143,48.2857,3.4762,22.1905,0.6267,13.1598,,0.0
ADILABAD,SARANGAPUR,0113024,Alur,Paddy,,12,0,12,0,0,0,0,0,,74.5,88.9167,4.4167,19.0833,0.3268,3.922,,0.0
ADILABAD,SARANGAPUR,0113025,Lakshmipur,Paddy,,2,0,2,0,0,0,0,0,,59.5,81.0,4.5,18.5,0.0841,0.1681,,0.0
ADILABAD,SARANGAPUR,0113026,Chincholi (Buzurg),Cotton,,11,0,11,0,0,0,0,0,,95.1818,50.1818,4.4545,13.0909,0.5957,6.5531,,0.0
ADILABAD,SARANGAPUR,0113026,Chincholi (Buzurg),Paddy,,31,0,31,0,0,0,0,0,,76.129,89.4516,4.5484,19.0,0.2002,6.2067,,0.0
ADILABAD,SARANGAPUR,0113028,Ranapur,Maize,,1,0,1,0,0,0,0,0,,158.0,59.0,5.0,23.0,0.1131,0.1131,,0.0
ADILABAD,SARANGAPUR,0113028,Ranapur,Paddy,,1,0,1,0,0,0,0,0,,70.0,83.0,3.0,22.0,0.1406,0.1406,,0.0
ADILABAD,SARANGAPUR,0113F02,FOREST,Cotton,,1,0,1,0,0,0,0,0,,119.0,51.0,6.0,16.0,0.5462,0.5462,,0.0
ADILABAD,SARANGAPUR,0113F02,FOREST,Maize,,4,0,4,0,0,0,0,0,,200.25,48.0,2.75,35.0,0.5083,2.0331,,0.0
ADILABAD,TALAMADUGU,0101003,Palasi (Khurd),Cotton,,1,0,1,0,0,0,0,0,,99.0,52.0,3.0,12.0,0.9057,0.9057,,0.0
ADILABAD,TALAMADUGU,0101004,Kuchalapoor,Cotton,,3,0,3,0,0,0,0,0,,115.0,49.3333,5.6667,12.6667,0.5601,1.6804,,0.0
ADILABAD,TALAMADUGU,0101005,Lingi,Cotton,,2,0,2,0,0,0,0,0,,73.5,49.0,5.0,13.0,0.7826,1.5653,,0.0
ADILABAD,TALAMADUGU,0101006,Sunkidi,Cotton,,1,0,1,0,0,0,0,0,,72.0,46.0,4.0,15.0,0.8163,0.8163,,0.0
ADILABAD,TALAMADUGU,0101008,Khodad,Cotton,,4,0,4,0,0,0,0,0,,90.75,49.0,2.5,16.0,0.6287,2.5147,,0.0
ADILABAD,TALAMADUGU,0101009,Kajjarla,Cotton,,14,0,14,0,0,0,0,0,,85.7143,49.4286,4.2857,16.7857,0.4874,6.8229,,0.0
ADILABAD,TALAMADUGU,0101009,Kajjarla,Red Gram,,3,0,3,0,0,0,0,0,,111.6667,36.6667,2.6667,11.0,1.3472,4.0417,,0.0
ADILABAD,TALAMADUGU,0101010,Ruyyadi,Cotton,,1,0,1,0,0,0,0,0,,93.0,52.0,5.0,13.0,0.5483,0.5483,,0.0
ADILABAD,TALAMADUGU,0101011,Kothur,Cotton,,1,0,1,0,0,0,0,0,,71.0,49.0,3.0,16.0,0.4509,0.4509,,0.0
ADILABAD,TALAMADUGU,0101012,Talamadugu,Cotton,,3,0,3,0,0,0,0,0,,87.3333,50.3333,5.0,17.3333,0.5749,1.7248,,0.0
ADILABAD,TALAMADUGU,0101013,Dorli,Cotton,,4,0,4,0,0,0,0,0,,97.25,48.75,2.5,12.0,1.0936,4.3743,,0.0
ADILABAD,TALAMADUGU,0101018,Jhari,Cotton,,6,0,6,0,0,0,0,0,,89.3333,49.6667,4.0,15.8333,1.0214,6.1286,,0.0
ADILABAD,TALAMADUGU,0101019,Saknapoor,Cotton,,2,0,2,0,0,0,0,0,,100.5,43.5,6.0,11.5,0.2268,0.4537,,0.0
ADILABAD,TALAMADUGU,0101020,Arli  (Khurd),Cotton,,5,0,5,0,0,0,0,0,,85.0,49.8,3.4,12.0,0.5256,2.628,,0.0
ADILABAD,TALAMADUGU,0101021,Devapur,Cotton,Healthy,1,1,0,1,0,0,0,0,0.0,91.0,47.0,6.0,10.0,0.8325,0.8325,0.0,100.0
ADILABAD,TALAMADUGU,0101022,Pangadpipri,Bengal Gram,,1,0,1,0,0,0,0,0,,30.0,31.0,2.0,9.0,1.2412,1.2412,,0.0
ADILABAD,TALAMADUGU,0101022,Pangadpipri,Cotton,,4,0,4,0,0,0,0,0,,91.0,49.75,3.5,15.25,0.7052,2.8206,,0.0
ADILABAD,TALAMADUGU,0101022,Pangadpipri,Cotton,Healthy,3,3,0,3,0,0,0,0,0.0,83.3333,48.3333,4.3333,15.6667,1.3266,3.9799,0.0,100.0
ADILABAD,TALAMADUGU,0101022,Pangadpipri,Red Gram,,3,0,3,0,0,0,0,0,,82.3333,36.6667,1.6667,10.0,1.2021,3.6064,,0.0
ADILABAD,TALAMADUGU,0101023,Lachampur,Cotton,,1,0,1,0,0,0,0,0,,103.0,59.0,2.0,11.0,0.2704,0.2704,,0.0
ADILABAD,TALAMADUGU,0101023,Lachampur,Cotton,Healthy,1,1,0,1,0,0,0,0,0.0,95.0,51.0,3.0,12.0,0.7343,0.7343,0.0,100.0
ADILABAD,TALAMADUGU,0101025,Madnapoor,Cotton,,2,0,2,0,0,0,0,0,,90.5,52.5,4.0,12.5,1.7395,3.479,,0.0
ADILABAD,TALAMADUGU,0101026,Bharampur,Cotton,,2,0,2,0,0,0,0,0,,74.0,51.0,3.5,13.5,0.8482,1.6964,,0.0
ADILABAD,TALAMADUGU,0101027,Nandigaon,Cotton,,4,0,4,0,0,0,0,0,,86.75,49.5,4.5,13.75,0.9389,3.7557,,0.0
ADILABAD,TALAMADUGU,0101028,Palle (Khurd),Cotton,,2,0,2,0,0,0,0,0,,71.0,48.0,4.0,15.5,0.2494,0.4989,,0.0
ADILABAD,TAMSI,0102001,Karanji (T),Cotton,Healthy,1,1,0,1,0,0,0,0,0.0,63.0,59.0,5.0,14.0,2.2928,2.2928,0.0,100.0
ADILABAD,TAMSI,0102002,Guledi,Cotton,Healthy,1,1,0,1,0,0,0,0,0.0,72.0,50.0,3.0,10.0,0.8821,0.8821,0.0,100.0
ADILABAD,TAMSI,0102003,Gomutri,Cotton,Healthy,1,1,0,1,0,0,0,0,0.0,77.0,43.0,4.0,12.0,0.5254,0.5254,0.0,100.0
ADILABAD,TAMSI,0102004,Antargaon,Cotton,Healthy,1,1,0,1,0,0,0,0,0.0,104.0,52.0,3.0,12.0,0.5765,0.5765,0.0,100.0
ADILABAD,TAMSI,0102005,Arli (T),Cotton,Healthy,2,2,0,2,0,0,0,0,0.0,109.0,55.0,5.5,12.0,0.6012,1.2024,0.0,100.0
ADILABAD,TAMSI,0102008,Gollaghat,Cotton,Healthy,1,1,0,1,0,0,0,0,0.0,71.0,52.0,6.0,12.0,0.7552,0.7552,0.0,100.0
ADILABAD,TAMSI,0102016,Belsari Rampur,Cotton,Diseased,1,1,0,0,0,1,0,1,0.8,63.0,58.0,6.0,14.0,1.2501,1.2501,100.0,100.0
ADILABAD,TAMSI,0102016,Belsari Rampur,Cotton,Pests,1,1,0,0,0,0,1,1,0.9,72.0,49.0,6.0,14.0,0.7465,0.7465,100.0,100.0
ADILABAD,TAMSI,0102017,Anderband,Cotton,Healthy,1,1,0,1,0,0,0,0,0.0,86.0,58.0,5.0,14.0,0.8796,0.8796,0.0,100.0
ADILABAD,TAMSI,0102018,Wadgaon,Cotton,Healthy,1,1,0,1,0,0,0,0,0.0,92.0,51.0,6.0,15.0,2.8724,2.8724,0.0,100.0
ADILABAD,TAMSI,0102020,Pippalkhoti,Cotton,Healthy,2,2,0,2,0,0,0,0,0.0,72.0,57.5,5.0,12.0,1.3546,2.7091,0.0,100.0
ADILABAD,TAMSI,0102024,Jamdi,Bengal Gram,Healthy,1,1,0,1,0,0,0,0,0.0,50.0,25.0,2.0,12.0,0.9626,0.9626,0.0,100.0
ADILABAD,TAMSI,0102026,Girgaon,Cotton,Healthy,5,5,0,5,0,0,0,0,0.0,92.0,45.8,4.4,12.8,0.4865,2.4323,0.0,100.0
ADILABAD,TAMSI,0102027,Ambugaon,Cotton,Stressed,1,1,0,0,1,0,0,1,0.5,106.0,43.0,4.0,11.0,0.41,0.41,100.0,100.0
ADILABAD,TAMSI,0102031,Ponnari,Cotton,Healthy,4,4,0,4,0,0,0,0,0.0,82.5,53.0,4.25,14.5,0.4319,1.7274,0.0,100.0
ADILABAD,TAMSI,0102031,Ponnari,Cotton,Stressed,1,1,0,0,1,0,0,1,0.5,61.0,48.0,2.0,13.0,0.1392,0.1392,100.0,100.0
ADILABAD,TANOOR,0117001,Jhari (Buzurg),Bengal Gram,Healthy,5,5,0,5,0,0,0,0,0.0,37.6,33.2,2.2,11.2,0.2036,1.0182,0.0,100.0
ADILABAD,TANOOR,0117001,Jhari (Buzurg),Bengal Gram,Stressed,1,1,0,0,1,0,0,1,0.5,46.0,20.0,2.0,8.0,0.2047,0.2047,100.0,100.0
ADILABAD,TANOOR,0117002,Jhari (Khurd),Bengal Gram,Healthy,1,1,0,1,0,0,0,0,0.0,47.0,31.0,1.0,11.0,0.6395,0.6395,0.0,100.0
ADILABAD,TANOOR,0117003,Wadjhari,Bengal Gram,Healthy,2,2,0,2,0,0,0,0,0.0,39.0,36.0,1.5,10.5,0.3994,0.7988,0.0,100.0
ADILABAD,TANOOR,0117003,Wadjhari,Bengal Gram,Stressed,1,1,0,0,1,0,0,1,0.5,34.0,28.0,2.0,9.0,0.1896,0.1896,100.0,100.0
ADILABAD,TANOOR,0117005,Bhosi,Bengal Gram,Healthy,1,1,0,1,0,0,0,0,0.0,34.0,33.0,1.0,11.0,0.4277,0.4277,0.0,100.0
ADILABAD,TANOOR,0117006,Mahalingi,Bengal Gram,Healthy,4,4,0,4,0,0,0,0,0.0,41.25,25.5,2.5,11.5,0.3014,1.2054,0.0,100.0
ADILABAD,TANOOR,0117007,Bamni,Bengal Gram,,2,0,2,0,0,0,0,0,,43.0,32.0,1.5,10.0,0.581,1.162,,0.0
ADILABAD,TANOOR,0117007,Bamni,Bengal Gram,Healthy,3,3,0,3,0,0,0,0,0.0,34.3333,27.6667,3.0,10.6667,0.4522,1.3565,0.0,100.0
ADILABAD,TANOOR,0117007,Bamni,Bengal Gram,Pests,2,2,0,0,0,0,2,2,0.9,37.5,31.5,2.0,10.0,0.611,1.222,100.0,100.0
ADILABAD,TANOOR,0117007,Bamni,Maize,Diseased,1,1,0,0,0,1,0,1,0.8,136.0,50.0,4.0,21.0,0.7768,0.7768,100.0,100.0
ADILABAD,TANOOR,0117007,Bamni,Maize,Healthy,3,3,0,3,0,0,0,0,0.0,201.0,51.6667,3.3333,23.6667,0.5565,1.6694,0.0,100.0
ADILABAD,TANOOR,0117007,Bamni,Maize,Stressed,1,1,0,0,1,0,0,1,0.5,184.0,60.0,3.0,20.0,0.4088,0.4088,100.0,100.0
ADILABAD,TANOOR,0117008,Bondrat,Bengal Gram,Healthy,1,1,0,1,0,0,0,0,0.0,33.0,25.0,2.0,9.0,0.2812,0.2812,0.0,100.0
ADILABAD,TANOOR,0117008,Bondrat,Bengal Gram,Pests,1,1,0,0,0,0,1,1,0.9,44.0,21.0,1.0,11.0,0.0623,0.0623,100.0,100.0
ADILABAD,TANOOR,0117008,Bondrat,Maize,Healthy,3,3,0,3,0,0,0,0,0.0,111.6667,51.6667,2.3333,22.6667,0.5223,1.5668,0.0,100.0
ADILABAD,TANOOR,0117008,Bondrat,Maize,Stressed,1,1,0,0,1,0,0,1,0.5,159.0,56.0,3.0,23.0,0.7682,0.7682,100.0,100.0
ADILABAD,TANOOR,0117009,Bolsa,Bengal Gram,Diseased,1,1,0,0,0,1,0,1,0.8,37.0,38.0,3.0,10.0,0.2907,0.2907,100.0,100.0
ADILABAD,TANOOR,0117010,Dhagaon,Bengal Gram,Healthy,2,2,0,2,0,0,0,0,0.0,41.0,32.5,1.5,9.5,0.2422,0.4845,0.0,100.0
ADILABAD,TANOOR,0117011,Hangirga,Bengal Gram,Healthy,4,4,0,4,0,0,0,0,0.0,38.75,31.0,2.5,10.5,0.4422,1.769,0.0,100.0
ADILABAD,TANOOR,0117012,Elvi,Bengal Gram,Healthy,6,6,0,6,0,0,0,0,0.0,38.6667,29.6667,2.3333,10.0,0.3687,2.2125,0.0,100.0
ADILABAD,TANOOR,0117012,Elvi,Maize,Healthy,3,3,0,3,0,0,0,0,0.0,157.0,46.3333,4.0,21.0,0.4749,1.4247,0.0,100.0
ADILABAD,TANOOR,0117012,Elvi,Maize,Pests,1,1,0,0,0,0,1,1,0.9,246.0,51.0,4.0,24.0,0.214,0.214,100.0,100.0
ADILABAD,TANOOR,0117014,Boregaon (Khurd),Bengal Gram,Healthy,1,1,0,1,0,0,0,0,0.0,39.0,34.0,2.0,8.0,0.2331,0.2331,0.0,100.0
ADILABAD,TANOOR,0117014,Boregaon (Khurd),Maize,Healthy,1,1,0,1,0,0,0,0,0.0,226.0,47.0,4.0,24.0,1.1458,1.1458,0.0,100.0
ADILABAD,TANOOR,0117015,Bember,Bengal Gram,Stressed,2,2,0,0,2,0,0,2,0.5,35.0,30.5,2.0,12.0,0.4342,0.8684,100.0,100.0
ADILABAD,TANOOR,0117015,Bember,Maize,Healthy,2,2,0,2,0,0,0,0,0.0,198.0,56.5,4.5,23.0,0.4953,0.9906,0.0,100.0
ADILABAD,TANOOR,0117016,Hipnally,Bengal Gram,Diseased,1,1,0,0,0,1,0,1,0.8,48.0,40.0,2.0,11.0,0.5116,0.5116,100.0,100.0
ADILABAD,TANOOR,0117016,Hipnally,Bengal Gram,Healthy,8,8,0,8,0,0,0,0,0.0,42.0,29.125,2.0,10.375,0.4646,3.7166,0.0,100.0
ADILABAD,TANOOR,0117016,Hipnally,Bengal Gram,Pests,2,2,0,0,0,0,2,2,0.9,44.5,28.5,2.0,10.5,0.1726,0.3452,100.0,100.0
ADILABAD,TANOOR,0117016,Hipnally,Maize,Healthy,1,1,0,1,0,0,0,0,0.0,249.0,58.0,3.0,21.0,0.3265,0.3265,0.0,100.0
ADILABAD,TANOOR,0117017,Kolur,Bengal Gram,Diseased,1,1,0,0,0,1,0,1,0.8,33.0,32.0,2.0,11.0,0.4822,0.4822,100.0,100.0
ADILABAD,TANOOR,0117017,Kolur,Bengal Gram,Healthy,13,13,0,13,0,0,0,0,0.0,40.6923,31.4615,1.9231,9.9231,0.3955,5.1417,0.0,100.0
ADILABAD,TANOOR,0117017,Kolur,Bengal Gram,Pests,2,2,0,0,0,0,2,2,0.9,39.5,27.5,2.5,12.0,0.649,1.2979,100.0,100.0
ADILABAD,TANOOR,0117017,Kolur,Maize,Diseased,1,1,0,0,0,1,0,1,0.8,187.0,52.0,4.0,24.0,0.2518,0.2518,100.0,100.0
ADILABAD,TANOOR,0117017,Kolur,Maize,Healthy,4,4,0,4,0,0,0,0,0.0,221.75,48.75,3.0,21.5,0.6384,2.5537,0.0,100.0
ADILABAD,TANOOR,0117018,Masalga,Bengal Gram,Healthy,1,1,0,1,0,0,0,0,0.0,40.0,25.0,3.0,12.0,0.3004,0.3004,0.0,100.0
ADILABAD,TANOOR,0117021,Wadgaon,Bengal Gram,Healthy,1,1,0,1,0,0,0,0,0.0,46.0,34.0,3.0,9.0,1.2999,1.2999,0.0,100.0
ADILABAD,TANOOR,0117021,Wadgaon,Maize,Healthy,1,1,0,1,0,0,0,0,0.0,124.0,57.0,3.0,21.0,0.8084,0.8084,0.0,100.0
ADILABAD,TANOOR,0117022,Kalyani,Maize,Healthy,1,1,0,1,0,0,0,0,0.0,111.0,48.0,2.0,24.0,0.77,0.77,0.0,100.0
ADILABAD,TANOOR,0117023,Jewla (Khurd),Bengal Gram,Healthy,5,5,0,5,0,0,0,0,0.0,44.6,30.8,2.0,9.2,0.3834,1.9169,0.0,100.0
ADILABAD,TANOOR,0117023,Jewla (Khurd),Bengal Gram,Pests,1,1,0,0,0,0,1,1,0.9,44.0,20.0,1.0,10.0,0.2327,0.2327,100.0,100.0
ADILABAD,TANOOR,0117023,Jewla (Khurd),Bengal Gram,Stressed,1,1,0,0,1,0,0,1,0.5,40.0,28.0,1.0,11.0,0.3908,0.3908,100.0,100.0
ADILABAD,TANOOR,0117023,Jewla (Khurd),Maize,Healthy,2,2,0,2,0,0,0,0,0.0,226.0,41.5,2.5,23.0,0.5301,1.0602,0.0,100.0
ADILABAD,TANOOR,0117023,Jewla (Khurd),Maize,Pests,2,2,0,0,0,0,2,2,0.9,165.0,51.5,2.5,23.5,0.4519,0.9038,100.0,100.0
ADILABAD,TANOOR,0117024,Tanoor,Bengal Gram,Diseased,2,2,0,0,0,2,0,2,0.8,35.5,30.5,2.0,12.0,0.5206,1.0412,100.0,100.0
ADILABAD,TANOOR,0117024,Tanoor,Bengal Gram,Healthy,19,19,0,19,0,0,0,0,0.0,40.3684,26.1579,1.6842,10.1579,0.4836,9.1879,0.0,100.0
ADILABAD,TANOOR,0117024,Tanoor,Maize,Diseased,1,1,0,0,0,1,0,1,0.8,208.0,53.0,5.0,21.0,0.4691,0.4691,100.0,100.0
ADILABAD,TANOOR,0117024,Tanoor,Maize,Healthy,9,9,0,9,0,0,0,0,0.0,164.6667,50.8889,3.6667,22.0,1.0538,9.4845,0.0,100.0
ADILABAD,TANOOR,0117024,Tanoor,Maize,Pests,1,1,0,0,0,0,1,1,0.9,162.0,59.0,2.0,21.0,1.1004,1.1004,100.0,100.0
ADILABAD,TANOOR,0117025,Singangam,Bengal Gram,Diseased,1,1,0,0,0,1,0,1,0.8,46.0,22.0,3.0,8.0,0.5238,0.5238,100.0,100.0
ADILABAD,TANOOR,0117025,Singangam,Bengal Gram,Healthy,4,4,0,4,0,0,0,0,0.0,39.25,32.0,1.25,10.0,0.543,2.172,0.0,100.0
ADILABAD,TANOOR,0117025,Singangam,Bengal Gram,Stressed,1,1,0,0,1,0,0,1,0.5,41.0,34.0,3.0,12.0,0.1624,0.1624,100.0,100.0
ADILABAD,TANOOR,0117025,Singangam,Maize,Healthy,2,2,0,2,0,0,0,0,0.0,171.0,52.0,4.0,24.0,0.7709,1.5418,0.0,100.0
ADILABAD,TANOOR,0117026,Nandgam,Bengal Gram,Diseased,1,1,0,0,0,1,0,1,0.8,46.0,27.0,1.0,9.0,0.6138,0.6138,100.0,100.0
ADILABAD,TANOOR,0117026,Nandgam,Bengal Gram,Healthy,2,2,0,2,0,0,0,0,0.0,41.0,28.5,2.0,8.0,0.754,1.5079,0.0,100.0
ADILABAD,TANOOR,0117026,Nandgam,Bengal Gram,Stressed,1,1,0,0,1,0,0,1,0.5,46.0,30.0,3.0,9.0,0.613,0.613,100.0,100.0
ADILABAD,TANOOR,0117027,Doultabad,Bengal Gram,Diseased,2,2,0,0,0,2,0,2,0.8,39.0,33.0,2.0,9.5,0.712,1.4241,100.0,100.0
ADILABAD,TANOOR,0117027,Doultabad,Bengal Gram,Healthy,15,15,0,15,0,0,0,0,0.0,39.4667,29.8,2.0,10.6,0.5936,8.9034,0.0,100.0
ADILABAD,TANOOR,0117027,Doultabad,Bengal Gram,Pests,1,1,0,0,0,0,1,1,0.9,41.0,32.0,2.0,12.0,0.5283,0.5283,100.0,100.0
ADILABAD,TANOOR,0117027,Doultabad,Maize,Healthy,6,6,0,6,0,0,0,0,0.0,210.1667,49.6667,3.5,22.1667,0.9144,5.4866,0.0,100.0
ADILABAD,TANOOR,0117027,Doultabad,Maize,Pests,1,1,0,0,0,0,1,1,0.9,193.0,48.0,2.0,20.0,1.4115,1.4115,100.0,100.0
ADILABAD,TANOOR,0117028,Kharbala,Bengal Gram,Healthy,6,6,0,6,0,0,0,0,0.0,41.6667,29.6667,1.3333,10.5,0.6464,3.8782,0.0,100.0
ADILABAD,TANOOR,0117028,Kharbala,Bengal Gram,Pests,1,1,0,0,0,0,1,1,0.9,48.0,26.0,1.0,12.0,0.7238,0.7238,100.0,100.0
ADILABAD,TANOOR,0117028,Kharbala,Maize,Healthy,6,6,0,6,0,0,0,0,0.0,188.1667,48.3333,3.6667,23.1667,0.304,1.8239,0.0,100.0
ADILABAD,TANOOR,0117029,Jewla (Buzurg),Bengal Gram,Diseased,2,2,0,0,0,2,0,2,0.8,38.5,25.5,2.0,10.0,1.298,2.596,100.0,100.0
ADILABAD,TANOOR,0117029,Jewla (Buzurg),Bengal Gram,Healthy,8,8,0,8,0,0,0,0,0.0,44.0,27.75,1.875,10.0,0.6112,4.8895,0.0,100.0
ADILABAD,TANOOR,0117029,Jewla (Buzurg),Bengal Gram,Stressed,1,1,0,0,1,0,0,1,0.5,47.0,21.0,2.0,12.0,0.4166,0.4166,100.0,100.0
ADILABAD,TANOOR,0117029,Jewla (Buzurg),Maize,Diseased,2,2,0,0,0,2,0,2,0.8,202.5,55.0,4.0,24.5,0.9443,1.8887,100.0,100.0
ADILABAD,TANOOR,0117029,Jewla (Buzurg),Maize,Healthy,6,6,0,6,0,0,0,0,0.0,139.8333,45.6667,3.1667,22.8333,0.6398,3.839,0.0,100.0
ADILABAD,TANOOR,0117029,Jewla (Buzurg),Maize,Stressed,1,1,0,0,1,0,0,1,0.5,178.0,46.0,3.0,21.0,0.3107,0.3107,100.0,100.0
ADILABAD,TANOOR,0117030,Tondala,Bengal Gram,Diseased,1,1,0,0,0,1,0,1,0.8,41.0,26.0,2.0,9.0,1.4517,1.4517,100.0,100.0
ADILABAD,TANOOR,0117030,Tondala,Bengal Gram,Healthy,7,7,0,7,0,0,0,0,0.0,40.4286,30.5714,2.0,9.8571,0.4092,2.8644,0.0,100.0
ADILABAD,TANOOR,0117030,Tondala,Bengal Gram,Stressed,3,3,0,0,3,0,0,3,0.5,41.6667,34.3333,2.3333,11.3333,0.8116,2.4349,100.0,100.0
ADILABAD,TANOOR,0117030,Tondala,Maize,Diseased,1,1,0,0,0,1,0,1,0.8,124.0,54.0,4.0,23.0,1.9946,1.9946,100.0,100.0
ADILABAD,TANOOR,0117030,Tondala,Maize,Healthy,5,5,0,5,0,0,0,0,0.0,196.4,54.0,3.4,21.8,1.552,7.76,0.0,100.0
ADILABAD,TANOOR,0117031,Kesarelly,Bengal Gram,Healthy,4,4,0,4,0,0,0,0,0.0,41.5,33.25,1.5,10.25,0.6884,2.7535,0.0,100.0
ADILABAD,TANOOR,0117032,Wadhone,Bengal Gram,Healthy,10,10,0,10,0,0,0,0,0.0,37.6,31.0,1.9,9.4,0.8718,8.718,0.0,100.0
ADILABAD,TANOOR,0117032,Wadhone,Bengal Gram,Stressed,3,3,0,0,3,0,0,3,0.5,38.3333,31.3333,2.0,9.3333,1.2899,3.8697,100.0,100.0
ADILABAD,TANOOR,0117032,Wadhone,Maize,Healthy,5,5,0,5,0,0,0,0,0.0,167.4,54.4,4.0,21.8,0.8007,4.0037,0.0,100.0
ADILABAD,TANOOR,0117033,Yellawat,Bengal Gram,Diseased,4,4,0,0,0,4,0,4,0.8,36.75,29.5,2.25,9.5,1.0644,4.2575,100.0,100.0
ADILABAD,TANOOR,0117033,Yellawat,Bengal Gram,Healthy,21,21,0,21,0,0,0,0,0.0,40.7143,31.0952,2.1429,9.9048,0.8436,17.7155,0.0,100.0
ADILABAD,TANOOR,0117033,Yellawat,Bengal Gram,Pests,1,1,0,0,0,0,1,1,0.9,31.0,26.0,1.0,10.0,1.0914,1.0914,100.0,100.0
ADILABAD,TANOOR,0117033,Yellawat,Bengal Gram,Stressed,2,2,0,0,2,0,0,2,0.5,42.0,20.5,2.5,10.0,0.8639,1.7279,100.0,100.0
ADILABAD,TANOOR,0117033,Yellawat,Maize,Healthy,12,12,0,12,0,0,0,0,0.0,202.6667,50.0833,3.9167,22.5,1.5464,18.5573,0.0,100.0
ADILABAD,TANOOR,0117033,Yellawat,Maize,Stressed,1,1,0,0,1,0,0,1,0.5,199.0,47.0,2.0,20.0,1.9724,1.9724,100.0,100.0
ADILABAD,UTNOOR,0126001,Chintakarra,Cotton,Healthy,2,2,0,2,0,0,0,0,0.0,91.0,44.0,4.5,12.0,0.334,0.6679,0.0,100.0
ADILABAD,UTNOOR,0126003,Ghatti,Cotton,Diseased,1,1,0,0,0,1,0,1,0.8,84.0,42.0,6.0,14.0,0.4498,0.4498,100.0,100.0
ADILABAD,UTNOOR,0126003,Ghatti,Cotton,Healthy,4,4,0,4,0,0,0,0,0.0,89.75,53.25,3.0,14.0,0.4277,1.7108,0.0,100.0
ADILABAD,UTNOOR,0126003,Ghatti,Cotton,Pests,1,1,0,0,0,0,1,1,0.9,115.0,47.0,4.0,19.0,0.2528,0.2528,100.0,100.0
ADILABAD,UTNOOR,0126003,Ghatti,Cotton,Stressed,1,1,0,0,1,0,0,1,0.5,96.0,57.0,4.0,14.0,0.2676,0.2676,100.0,100.0
ADILABAD,UTNOOR,0126004,Wadoni,Cotton,Healthy,2,2,0,2,0,0,0,0,0.0,85.5,44.5,4.5,15.0,0.4944,0.9887,0.0,100.0
ADILABAD,UTNOOR,0126004,Wadoni,Cotton,Pests,1,1,0,0,0,0,1,1,0.9,71.0,48.0,6.0,12.0,0.4868,0.4868,100.0,100.0
ADILABAD,UTNOOR,0126004,Wadoni,Red Gram,Healthy,1,1,0,1,0,0,0,0,0.0,96.0,28.0,1.0,11.0,0.5069,0.5069,0.0,100.0
ADILABAD,UTNOOR,0126005,Chandur,Cotton,Healthy,1,1,0,1,0,0,0,0,0.0,94.0,54.0,6.0,15.0,0.3013,0.3013,0.0,100.0
ADILABAD,UTNOOR,0126005,Chandur,Cotton,Pests,1,1,0,0,0,0,1,1,0.9,115.0,48.0,3.0,10.0,0.3802,0.3802,100.0,100.0
ADILABAD,UTNOOR,0126005,Chandur,Red Gram,,1,0,1,0,0,0,0,0,,61.0,37.0,2.0,12.0,0.2638,0.2638,,0.0
ADILABAD,UTNOOR,0126006,Hasnapur,Cotton,Healthy,4,4,0,4,0,0,0,0,0.0,98.25,51.0,3.75,11.0,0.7498,2.9992,0.0,100.0
ADILABAD,UTNOOR,0126006,Hasnapur,Red Gram,Healthy,1,1,0,1,0,0,0,0,0.0,110.0,22.0,3.0,8.0,0.1753,0.1753,0.0,100.0
ADILABAD,UTNOOR,0126007,Yenka,Bengal Gram,Healthy,4,4,0,4,0,0,0,0,0.0,40.5,28.75,1.5,10.75,0.2533,1.0133,0.0,100.0
ADILABAD,UTNOOR,0126007,Yenka,Cotton,Diseased,1,1,0,0,0,1,0,1,0.8,84.0,59.0,2.0,12.0,0.5972,0.5972,100.0,100.0
ADILABAD,UTNOOR,0126007,Yenka,Cotton,Healthy,18,18,0,18,0,0,0,0,0.0,87.1111,50.2222,3.8333,12.6111,0.6162,11.0925,0.0,100.0
ADILABAD,UTNOOR,0126007,Yenka,Cotton,Stressed,1,1,0,0,1,0,0,1,0.5,91.0,54.0,6.0,13.0,0.6903,0.6903,100.0,100.0
ADILABAD,UTNOOR,0126007,Yenka,Maize,Healthy,1,1,0,1,0,0,0,0,0.0,209.0,43.0,3.0,25.0,0.3096,0.3096,0.0,100.0
ADILABAD,UTNOOR,0126007,Yenka,Red Gram,Diseased,3,3,0,0,0,3,0,3,0.8,68.0,35.6667,2.0,8.0,0.2893,0.8678,100.0,100.0
ADILABAD,UTNOOR,0126007,Yenka,Red Gram,Healthy,8,8,0,8,0,0,0,0,0.0,70.25,37.25,2.25,9.625,0.4761,3.8087,0.0,100.0
ADILABAD,UTNOOR,0126007,Yenka,Red Gram,Pests,3,3,0,0,0,0,3,3,0.9,87.0,36.6667,1.0,10.0,0.4022,1.2065,100.0,100.0
ADILABAD,UTNOOR,0126007,Yenka,Red Gram,Stressed,1,1,0,0,1,0,0,1,0.5,120.0,42.0,2.0,12.0,1.4627,1.4627,100.0,100.0
ADILABAD,UTNOOR,0126008,Umri,Cotton,Healthy,12,12,0,12,0,0,0,0,0.0,84.5833,51.0833,3.5833,14.3333,0.5085,6.1016,0.0,100.0
ADILABAD,UTNOOR,0126008,Umri,Cotton,Pests,2,2,0,0,0,0,2,2,0.9,91.5,55.0,5.0,14.5,0.5746,1.1492,100.0,100.0
ADILABAD,UTNOOR,0126008,Umri,Maize,Healthy,1,1,0,1,0,0,0,0,0.0,244.0,51.0,5.0,24.0,0.3289,0.3289,0.0,100.0
ADILABAD,UTNOOR,0126009,Narsapur (Khurd),Cotton,Diseased,1,1,0,0,0,1,0,1,0.8,102.0,49.0,3.0,12.0,0.4416,0.4416,100.0,100.0
ADILABAD,UTNOOR,0126009,Narsapur (Khurd),Cotton,Healthy,4,4,0,4,0,0,0,0,0.0,69.25,50.75,3.75,12.0,0.502,2.0079,0.0,100.0
ADILABAD,UTNOOR,0126009,Narsapur (Khurd),Cotton,Stressed,1,1,0,0,1,0,0,1,0.5,71.0,50.0,3.0,14.0,0.1567,0.1567,100.0,100.0
ADILABAD,UTNOOR,0126010,Sakhera,Bengal Gram,Pests,1,1,0,0,0,0,1,1,0.9,48.0,36.0,3.0,12.0,0.505,0.505,100.0,100.0
ADILABAD,UTNOOR,0126010,Sakhera,Cotton,Diseased,3,3,0,0,0,3,0,3,0.8,101.3333,57.6667,4.3333,12.6667,0.4322,1.2967,100.0,100.0
ADILABAD,UTNOOR,0126010,Sakhera,Cotton,Healthy,30,30,0,30,0,0,0,0,0.0,89.7667,48.6333,4.3667,12.7667,0.737,22.111,0.0,100.0
ADILABAD,UTNOOR,0126010,Sakhera,Cotton,Pests,4,4,0,0,0,0,4,4,0.9,93.0,56.0,4.0,12.75,0.748,2.9922,100.0,100.0
ADILABAD,UTNOOR,0126010,Sakhera,Cotton,Stressed,2,2,0,0,2,0,0,2,0.5,77.0,56.0,3.5,12.0,0.5048,1.0096,100.0,100.0
ADILABAD,UTNOOR,0126010,Sakhera,Maize,Healthy,2,2,0,2,0,0,0,0,0.0,153.0,49.0,3.5,23.5,0.8321,1.6642,0.0,100.0
ADILABAD,UTNOOR,0126011,Andholi,Bengal Gram,Pests,1,1,0,0,0,0,1,1,0.9,39.0,24.0,2.0,8.0,0.2957,0.2957,100.0,100.0
ADILABAD,UTNOOR,0126011,Andholi,Cotton,Healthy,22,22,0,22,0,0,0,0,0.0,88.1818,53.0,4.2727,14.5,0.7069,15.551,0.0,100.0
ADILABAD,UTNOOR,0126011,Andholi,Cotton,Pests,1,1,0,0,0,0,1,1,0.9,108.0,46.0,4.0,13.0,0.3249,0.3249,100.0,100.0
ADILABAD,UTNOOR,0126011,Andholi,Cotton,Stressed,1,1,0,0,1,0,0,1,0.5,61.0,47.0,5.0,10.0,0.3168,0.3168,100.0,100.0
ADILABAD,UTNOOR,0126011,Andholi,Maize,Healthy,6,6,0,6,0,0,0,0,0.0,195.5,54.0,3.3333,23.5,0.4144,2.4864,0.0,100.0
ADILABAD,UTNOOR,0126011,Andholi,Red Gram,Healthy,3,3,0,3,0,0,0,0,0.0,79.3333,31.3333,2.0,10.3333,0.3723,1.1169,0.0,100.0
ADILABAD,UTNOOR,0126011,Andholi,Red Gram,Pests,1,1,0,0,0,0,1,1,0.9,64.0,39.0,2.0,11.0,0.404,0.404,100.0,100.0
ADILABAD,UTNOOR,0126012,Pulimadgu,Cotton,Diseased,1,1,0,0,0,1,0,1,0.8,82.0,41.0,6.0,13.0,0.2501,0.2501,100.0,100.0
ADILABAD,UTNOOR,0126012,Pulimadgu,Cotton,Healthy,29,29,0,29,0,0,0,0,0.0,90.0,50.6552,4.2069,14.8621,0.6302,18.2752,0.0,100.0
ADILABAD,UTNOOR,0126012,Pulimadgu,Cotton,Pests,2,2,0,0,0,0,2,2,0.9,106.0,50.0,3.0,14.0,0.4233,0.8466,100.0,100.0
ADILABAD,UTNOOR,0126012,Pulimadgu,Cotton,Stressed,2,2,0,0,2,0,0,2,0.5,75.5,48.5,5.0,11.5,0.7784,1.5567,100.0,100.0
ADILABAD,UTNOOR,0126012,Pulimadgu,Maize,Healthy,3,3,0,3,0,0,0,0,0.0,226.0,46.3333,2.3333,26.0,0.3404,1.0213,0.0,100.0
ADILABAD,UTNOOR,0126012,Pulimadgu,Red Gram,Healthy,1,1,0,1,0,0,0,0,0.0,112.0,48.0,2.0,8.0,0.2602,0.2602,0.0,100.0
ADILABAD,UTNOOR,0126013,Yenda,Bengal Gram,Healthy,1,1,0,1,0,0,0,0,0.0,36.0,29.0,1.0,12.0,0.4876,0.4876,0.0,100.0
ADILABAD,UTNOOR,0126013,Yenda,Chillies,Healthy,1,1,0,1,0,0,0,0,0.0,71.0,44.0,5.0,9.0,0.4329,0.4329,0.0,100.0
ADILABAD,UTNOOR,0126013,Yenda,Cotton,Diseased,2,2,0,0,0,2,0,2,0.8,76.0,45.5,4.5,11.5,0.4939,0.9878,100.0,100.0
ADILABAD,UTNOOR,0126013,Yenda,Cotton,Healthy,22,22,0,22,0,0,0,0,0.0,88.8636,49.3182,3.3636,13.3182,0.6262,13.7771,0.0,100.0
ADILABAD,UTNOOR,0126013,Yenda,Cotton,Pests,1,1,0,0,0,0,1,1,0.9,87.0,55.0,5.0,15.0,0.4391,0.4391,100.0,100.0
ADILABAD,UTNOOR,0126013,Yenda,Cotton,Stressed,2,2,0,0,2,0,0,2,0.5,64.0,51.0,4.0,13.0,0.612,1.2241,100.0,100.0
ADILABAD,UTNOOR,0126013,Yenda,Maize,Healthy,10,10,0,10,0,0,0,0,0.0,191.6,50.5,3.2,22.4,0.5142,5.1418,0.0,100.0
ADILABAD,UTNOOR,0126013,Yenda,Paddy,Healthy,1,1,0,1,0,0,0,0,0.0,91.0,90.0,6.0,24.0,0.2165,0.2165,0.0,100.0
ADILABAD,UTNOOR,0126013,Yenda,Red Gram,Healthy,1,1,0,1,0,0,0,0,0.0,88.0,37.0,2.0,8.0,0.2572,0.2572,0.0,100.0
ADILABAD,UTNOOR,0126014,Shampur,Bengal Gram,Healthy,5,5,0,5,0,0,0,0,0.0,37.8,28.0,2.4,10.4,0.612,3.0601,0.0,100.0
ADILABAD,UTNOOR,0126014,Shampur,Cotton,Diseased,1,1,0,0,0,1,0,1,0.8,114.0,50.0,6.0,11.0,0.2136,0.2136,100.0,100.0
ADILABAD,UTNOOR,0126014,Shampur,Cotton,Healthy,30,30,0,30,0,0,0,0,0.0,92.2,52.0667,3.9667,13.4667,0.6324,18.9709,0.0,100.0
ADILABAD,UTNOOR,0126014,Shampur,Cotton,Pests,1,1,0,0,0,0,1,1,0.9,110.0,56.0,6.0,13.0,1.5412,1.5412,100.0,100.0
ADILABAD,UTNOOR,0126014,Shampur,Maize,Healthy,4,4,0,4,0,0,0,0,0.0,184.25,47.25,3.5,28.5,0.6649,2.6595,0.0,100.0
ADILABAD,UTNOOR,0126014,Shampur,Maize,Stressed,1,1,0,0,1,0,0,1,0.5,145.0,57.0,2.0,26.0,0.2518,0.2518,100.0,100.0
ADILABAD,UTNOOR,0126014,Shampur,Paddy,Healthy,1,1,0,1,0,0,0,0,0.0,75.0,85.0,6.0,23.0,0.2278,0.2278,0.0,100.0
ADILABAD,UTNOOR,0126014,Shampur,Paddy,Pests,1,1,0,0,0,0,1,1,0.9,55.0,95.0,6.0,17.0,0.2083,0.2083,100.0,100.0
ADILABAD,UTNOOR,0126014,Shampur,Red Gram,Healthy,3,3,0,3,0,0,0,0,0.0,61.6667,31.3333,2.0,9.6667,0.5834,1.7502,0.0,100.0
ADILABAD,UTNOOR,0126014,Shampur,Red Gram,Pests,1,1,0,0,0,0,1,1,0.9,99.0,41.0,3.0,9.0,1.0011,1.0011,100.0,100.0
ADILABAD,UTNOOR,0126014,Shampur,Red Gram,Stressed,2,2,0,0,2,0,0,2,0.5,94.5,33.0,1.0,12.0,0.4993,0.9987,100.0,100.0
ADILABAD,UTNOOR,0126015,Salewada (Buzurg),Bengal Gram,Healthy,4,4,0,4,0,0,0,0,0.0,40.25,27.75,1.5,10.25,0.4926,1.9706,0.0,100.0
ADILABAD,UTNOOR,0126015,Salewada (Buzurg),Chillies,Healthy,1,1,0,1,0,0,0,0,0.0,75.0,47.0,5.0,6.0,0.789,0.789,0.0,100.0
ADILABAD,UTNOOR,0126015,Salewada (Buzurg),Cotton,Healthy,19,19,0,19,0,0,0,0,0.0,89.2105,51.7895,3.6842,12.2105,0.5375,10.2123,0.0,100.0
ADILABAD,UTNOOR,0126015,Salewada (Buzurg),Cotton,Pests,1,1,0,0,0,0,1,1,0.9,106.0,47.0,4.0,12.0,0.3735,0.3735,100.0,100.0
ADILABAD,UTNOOR,0126015,Salewada (Buzurg),Cotton,Stressed,1,1,0,0,1,0,0,1,0.5,117.0,46.0,2.0,15.0,0.4651,0.4651,100.0,100.0
ADILABAD,UTNOOR,0126015,Salewada (Buzurg),Maize,Diseased,1,1,0,0,0,1,0,1,0.8,199.0,41.0,5.0,20.0,0.5262,0.5262,100.0,100.0
ADILABAD,UTNOOR,0126015,Salewada (Buzurg),Maize,Healthy,3,3,0,3,0,0,0,0,0.0,177.3333,55.3333,4.0,23.6667,0.4687,1.4062,0.0,100.0
ADILABAD,UTNOOR,0126015,Salewada (Buzurg),Red Gram,Diseased,1,1,0,0,0,1,0,1,0.8,88.0,22.0,1.0,12.0,0.4193,0.4193,100.0,100.0
ADILABAD,UTNOOR,0126015,Salewada (Buzurg),Red Gram,Healthy,3,3,0,3,0,0,0,0,0.0,95.6667,26.0,2.0,10.6667,0.5731,1.7193,0.0,100.0
ADILABAD,UTNOOR,0126016,Salewada (Khurd),Chillies,Healthy,1,1,0,1,0,0,0,0,0.0,72.0,55.0,4.0,7.0,0.31,0.31,0.0,100.0
ADILABAD,UTNOOR,0126016,Salewada (Khurd),Cotton,Diseased,2,2,0,0,0,2,0,2,0.8,100.5,50.0,4.5,13.5,0.3554,0.7109,100.0,100.0
ADILABAD,UTNOOR,0126016,Salewada (Khurd),Cotton,Healthy,14,14,0,14,0,0,0,0,0.0,86.9286,48.9286,4.5714,12.2143,0.4314,6.04,0.0,100.0
ADILABAD,UTNOOR,0126016,Salewada (Khurd),Cotton,Pests,2,2,0,0,0,0,2,2,0.9,110.5,49.0,3.0,13.5,0.3807,0.7613,100.0,100.0
ADILABAD,UTNOOR,0126016,Salewada (Khurd),Cotton,Stressed,2,2,0,0,2,0,0,2,0.5,69.0,54.5,2.5,15.5,0.7547,1.5094,100.0,100.0
ADILABAD,UTNOOR,0126016,Salewada (Khurd),Maize,Healthy,7,7,0,7,0,0,0,0,0.0,191.7143,49.5714,3.4286,22.1429,0.4141,2.899,0.0,100.0
ADILABAD,UTNOOR,0126016,Salewada (Khurd),Red Gram,Healthy,3,3,0,3,0,0,0,0,0.0,78.6667,32.6667,1.6667,9.0,0.5695,1.7085,0.0,100.0
ADILABAD,UTNOOR,0126019,Wadgalpur (Buzurg),Bengal Gram,Healthy,2,2,0,2,0,0,0,0,0.0,35.5,23.5,1.5,11.0,1.0745,2.1489,0.0,100.0
ADILABAD,UTNOOR,0126019,Wadgalpur (Buzurg),Cotton,Diseased,3,3,0,0,0,3,0,3,0.8,97.0,44.6667,4.3333,13.0,0.3387,1.016,100.0,100.0
ADILABAD,UTNOOR,0126019,Wadgalpur (Buzurg),Cotton,Healthy,32,32,0,32,0,0,0,0,0.0,95.2812,47.7812,3.7812,13.0625,0.4417,14.1328,0.0,100.0
ADILABAD,UTNOOR,0126019,Wadgalpur (Buzurg),Cotton,Pests,4,4,0,0,0,0,4,4,0.9,79.25,50.25,3.25,12.75,0.3633,1.4534,100.0,100.0
ADILABAD,UTNOOR,0126019,Wadgalpur (Buzurg),Maize,Diseased,2,2,0,0,0,2,0,2,0.8,164.0,43.5,4.5,20.5,0.8259,1.6519,100.0,100.0
ADILABAD,UTNOOR,0126019,Wadgalpur (Buzurg),Maize,Healthy,6,6,0,6,0,0,0,0,0.0,172.0,50.8333,3.5,23.3333,0.7245,4.3471,0.0,100.0
ADILABAD,UTNOOR,0126019,Wadgalpur (Buzurg),Maize,Pests,1,1,0,0,0,0,1,1,0.9,126.0,42.0,4.0,21.0,0.6387,0.6387,100.0,100.0
ADILABAD,UTNOOR,0126019,Wadgalpur (Buzurg),Red Gram,Healthy,2,2,0,2,0,0,0,0,0.0,71.5,33.0,2.0,9.0,0.3458,0.6915,0.0,100.0
ADILABAD,UTNOOR,0126019,Wadgalpur (Buzurg),Red Gram,Pests,1,1,0,0,0,0,1,1,0.9,79.0,20.0,1.0,9.0,0.171,0.171,100.0,100.0
ADILABAD,UTNOOR,0126020,Tandra,Cotton,Healthy,4,4,0,4,0,0,0,0,0.0,83.25,49.25,2.5,13.25,0.3783,1.5133,0.0,100.0
ADILABAD,UTNOOR,0126020,Tandra,Red Gram,Healthy,1,1,0,1,0,0,0,0,0.0,110.0,30.0,2.0,10.0,0.7621,0.7621,0.0,100.0
ADILABAD,UTNOOR,0126021,Luxettipet,Cotton,Healthy,4,4,0,4,0,0,0,0,0.0,98.0,51.5,4.25,12.25,1.0547,4.2186,0.0,100.0
ADILABAD,UTNOOR,0126022,Nagapur,Bengal Gram,Healthy,3,3,0,3,0,0,0,0,0.0,41.6667,34.3333,1.6667,9.3333,1.2795,3.8385,0.0,100.0
ADILABAD,UTNOOR,0126022,Nagapur,Cotton,Healthy,8,8,0,8,0,0,0,0,0.0,90.0,50.0,3.375,13.75,0.6012,4.8092,0.0,100.0
ADILABAD,UTNOOR,0126022,Nagapur,Cotton,Stressed,2,2,0,0,2,0,0,2,0.5,81.0,49.5,4.0,14.0,1.1955,2.391,100.0,100.0
ADILABAD,UTNOOR,0126022,Nagapur,Maize,Diseased,1,1,0,0,0,1,0,1,0.8,219.0,46.0,4.0,23.0,0.2533,0.2533,100.0,100.0
ADILABAD,UTNOOR,0126022,Nagapur,Red Gram,Healthy,12,12,0,12,0,0,0,0,0.0,71.3333,36.8333,2.0833,10.5,0.4178,5.0141,0.0,100.0
ADILABAD,UTNOOR,0126022,Nagapur,Red Gram,Pests,1,1,0,0,0,0,1,1,0.9,39.0,33.0,1.0,10.0,0.6117,0.6117,100.0,100.0
ADILABAD,UTNOOR,0126022,Nagapur,Red Gram,Stressed,1,1,0,0,1,0,0,1,0.5,109.0,28.0,1.0,12.0,0.3442,0.3442,100.0,100.0
ADILABAD,UTNOOR,0126024,Ramlingampet,Cotton,Healthy,1,1,0,1,0,0,0,0,0.0,64.0,60.0,5.0,12.0,0.2922,0.2922,0.0,100.0
ADILABAD,UTNOOR,0126025,Durgapur,Chillies,Healthy,1,1,0,1,0,0,0,0,0.0,76.0,54.0,3.0,7.0,1.2751,1.2751,0.0,100.0
ADILABAD,UTNOOR,0126025,Durgapur,Cotton,Diseased,2,2,0,0,0,2,0,2,0.8,103.5,46.0,4.5,15.0,0.4057,0.8114,100.0,100.0
ADILABAD,UTNOOR,0126025,Durgapur,Cotton,Healthy,10,10,0,10,0,0,0,0,0.0,91.0,47.9,4.5,12.2,0.8028,8.0278,0.0,100.0
ADILABAD,UTNOOR,0126025,Durgapur,Cotton,Stressed,4,4,0,0,4,0,0,4,0.5,81.5,52.5,4.0,12.0,0.9096,3.6385,100.0,100.0
ADILABAD,UTNOOR,0126025,Durgapur,Maize,Healthy,1,1,0,1,0,0,0,0,0.0,227.0,58.0,3.0,21.0,0.5108,0.5108,0.0,100.0
ADILABAD,UTNOOR,0126025,Durgapur,Red Gram,Healthy,3,3,0,3,0,0,0,0,0.0,81.3333,36.3333,1.6667,10.0,0.477,1.4311,0.0,100.0
ADILABAD,UTNOOR,0126028,Gangamapet,Paddy,Healthy,2,2,0,2,0,0,0,0,0.0,71.0,87.5,4.0,22.0,0.1707,0.3415,0.0,100.0
ADILABAD,UTNOOR,0126029,Utnur,Paddy,Healthy,2,2,0,2,0,0,0,0,0.0,85.0,91.0,3.0,20.5,0.5048,1.0095,0.0,100.0
ADILABAD,UTNOOR,0126029,Utnur,Paddy,Stressed,1,1,0,0,1,0,0,1,0.5,90.0,93.0,6.0,25.0,0.5402,0.5402,100.0,100.0
ADILABAD,UTNOOR,0126030,Gangapur,Cotton,Healthy,6,6,0,6,0,0,0,0,0.0,77.1667,49.6667,4.0,13.1667,0.3959,2.3752,0.0,100.0
ADILABAD,UTNOOR,0126030,Gangapur,Cotton,Stressed,1,1,0,0,1,0,0,1,0.5,86.0,44.0,3.0,13.0,0.3833,0.3833,100.0,100.0
ADILABAD,UTNOOR,0126030,Gangapur,Paddy,Diseased,1,1,0,0,0,1,0,1,0.8,91.0,96.0,3.0,15.0,0.3043,0.3043,100.0,100.0
ADILABAD,UTNOOR,0126030,Gangapur,Paddy,Healthy,7,7,0,7,0,0,0,0,0.0,77.2857,88.4286,4.1429,17.1429,0.2305,1.6138,0.0,100.0
ADILABAD,UTNOOR,0126030,Gangapur,Paddy,Pests,1,1,0,0,0,0,1,1,0.9,90.0,89.0,3.0,17.0,0.2146,0.2146,100.0,100.0
ADILABAD,UTNOOR,0126030,Gangapur,Paddy,Stressed,1,1,0,0,1,0,0,1,0.5,52.0,90.0,5.0,19.0,0.2661,0.2661,100.0,100.0
ADILABAD,UTNOOR,0126030,Gangapur,Red Gram,Diseased,1,1,0,0,0,1,0,1,0.8,97.0,32.0,1.0,9.0,0.4725,0.4725,100.0,100.0
ADILABAD,UTNOOR,0126031,Kamnipet,Cotton,Healthy,1,1,0,1,0,0,0,0,0.0,110.0,42.0,2.0,14.0,0.7858,0.7858,0.0,100.0
ADILABAD,UTNOOR,0126032,Heerapur,Cotton,Diseased,1,1,0,0,0,1,0,1,0.8,73.0,57.0,5.0,11.0,0.4656,0.4656,100.0,100.0
ADILABAD,UTNOOR,0126032,Heerapur,Cotton,Healthy,11,11,0,11,0,0,0,0,0.0,99.5455,49.8182,4.9091,14.0909,0.7968,8.765,0.0,100.0
ADILABAD,UTNOOR,0126032,Heerapur,Cotton,Pests,1,1,0,0,0,0,1,1,0.9,62.0,53.0,3.0,11.0,1.5301,1.5301,100.0,100.0
ADILABAD,UTNOOR,0126032,Heerapur,Maize,Healthy,1,1,0,1,0,0,0,0,0.0,189.0,57.0,2.0,24.0,0.344,0.344,0.0,100.0
ADILABAD,UTNOOR,0126032,Heerapur,Red Gram,Healthy,1,1,0,1,0,0,0,0,0.0,66.0,27.0,2.0,12.0,0.5021,0.5021,0.0,100.0
ADILABAD,UTNOOR,0126F01,FOREST,Cotton,Healthy,5,5,0,5,0,0,0,0,0.0,84.0,49.2,3.8,12.0,0.4209,2.1045,0.0,100.0
ADILABAD,UTNOOR,0126F01,FOREST,Cotton,Pests,2,2,0,0,0,0,2,2,0.9,100.5,53.5,2.5,12.5,0.3828,0.7657,100.0,100.0
ADILABAD,UTNOOR,0126F01,FOREST,Red Gram,Pests,1,1,0,0,0,0,1,1,0.9,55.0,40.0,2.0,10.0,0.6729,0.6729,100.0,100.0
KHAMMAM,BAYYARAM,1021001,Gurimella,Paddy,Healthy,1,1,0,1,0,0,0,0,0.0,59.0,80.0,6.0,23.0,0.012,0.012,0.0,100.0
KHAMMAM,BAYYARAM,1021002,Motlathimma Puram,Maize,Healthy,14,14,0,14,0,0,0,0,0.0,170.5714,47.0714,3.9286,27.4286,0.0258,0.3614,0.0,100.0
KHAMMAM,BAYYARAM,1021004,Venkatapuram,Maize,Healthy,1,1,0,1,0,0,0,0,0.0,167.0,46.0,2.0,28.0,0.4175,0.4175,0.0,100.0
KHAMMAM,BAYYARAM,1021005,Kommavaram,Maize,Healthy,2,2,0,2,0,0,0,0,0.0,187.5,54.0,3.0,27.5,0.0775,0.1551,0.0,100.0
KHAMMAM,BAYYARAM,1021008,Ramachandra Puram,Maize,Diseased,1,1,0,0,0,1,0,1,0.8,151.0,55.0,5.0,29.0,0.0228,0.0228,100.0,100.0
KHAMMAM,BAYYARAM,1021008,Ramachandra Puram,Maize,Healthy,16,16,0,16,0,0,0,0,0.0,183.5625,50.875,3.625,27.8125,0.0309,0.4942,0.0,100.0
KHAMMAM,BAYYARAM,1021008,Ramachandra Puram,Maize,Pests,2,2,0,0,0,0,2,2,0.9,199.0,44.0,3.0,29.0,0.0627,0.1253,100.0,100.0
KHAMMAM,BAYYARAM,1021008,Ramachandra Puram,Maize,Stressed,1,1,0,0,1,0,0,1,0.5,207.0,42.0,3.0,28.0,0.0208,0.0208,100.0,100.0
KHAMMAM,BAYYARAM,1021009,Gowraram,Paddy,Pests,1,1,0,0,0,0,1,1,0.9,82.0,91.0,5.0,21.0,0.056,0.056,100.0,100.0
KHAMMAM,BAYYARAM,1021010,Uppalapadu,Maize,Healthy,9,9,0,9,0,0,0,0,0.0,187.3333,46.6667,3.6667,27.8889,0.0376,0.338,0.0,100.0
KHAMMAM,BAYYARAM,1021010,Uppalapadu,Paddy,Diseased,1,1,0,0,0,1,0,1,0.8,91.0,91.0,5.0,25.0,0.1086,0.1086,100.0,100.0
KHAMMAM,BAYYARAM,1021010,Uppalapadu,Paddy,Healthy,6,6,0,6,0,0,0,0,0.0,67.1667,87.5,4.5,22.5,0.4339,2.6036,0.0,100.0
KHAMMAM,BAYYARAM,1021010,Uppalapadu,Paddy,Stressed,1,1,0,0,1,0,0,1,0.5,93.0,88.0,6.0,20.0,0.0861,0.0861,100.0,100.0
KHAMMAM,BAYYARAM,1021011,Bayyaram,Chillies,Healthy,10,10,0,10,0,0,0,0,0.0,77.9,46.7,3.2,8.0,0.305,3.05,0.0,100.0
KHAMMAM,BAYYARAM,1021011,Bayyaram,Chillies,Pests,1,1,0,0,0,0,1,1,0.9,73.0,51.0,5.0,9.0,0.045,0.045,100.0,100.0
KHAMMAM,BAYYARAM,1021011,Bayyaram,Maize,Diseased,1,1,0,0,0,1,0,1,0.8,233.0,54.0,2.0,28.0,0.069,0.069,100.0,100.0
KHAMMAM,BAYYARAM,1021011,Bayyaram,Maize,Healthy,8,8,0,8,0,0,0,0,0.0,192.875,46.125,4.0,27.75,0.0405,0.3238,0.0,100.0
KHAMMAM,BAYYARAM,1021012,Irsulapuram,Maize,Diseased,1,1,0,0,0,1,0,1,0.8,227.0,58.0,5.0,27.0,0.024,0.024,100.0,100.0
KHAMMAM,BAYYARAM,1021012,Irsulapuram,Maize,Healthy,7,7,0,7,0,0,0,0,0.0,180.0,45.1429,3.8571,27.4286,0.0326,0.2282,0.0,100.0
KHAMMAM,BAYYARAM,1021012,Irsulapuram,Maize,Pests,1,1,0,0,0,0,1,1,0.9,216.0,45.0,2.0,29.0,0.0413,0.0413,100.0,100.0
KHAMMAM,BAYYARAM,1021013,Gandhampalle,Chillies,Healthy,8,8,0,8,0,0,0,0,0.0,81.875,51.375,3.125,7.0,0.1844,1.4755,0.0,100.0
KHAMMAM,BAYYARAM,1021013,Gandhampalle,Chillies,Pests,1,1,0,0,0,0,1,1,0.9,58.0,53.0,2.0,10.0,0.1179,0.1179,100.0,100.0
KHAMMAM,BAYYARAM,1021013,Gandhampalle,Chillies,Stressed,2,2,0,0,2,0,0,2,0.5,74.0,48.0,4.5,8.5,0.4354,0.8708,100.0,100.0
KHAMMAM,BAYYARAM,1021014,Singaram,Chillies,Healthy,8,8,0,8,0,0,0,0,0.0,77.625,51.875,3.0,8.875,0.5276,4.2211,0.0,100.0
KHAMMAM,BAYYARAM,1021015,Kothapeta,Chillies,Healthy,3,3,0,3,0,0,0,0,0.0,70.3333,51.0,4.6667,6.3333,0.0474,0.1422,0.0,100.0
KHAMMAM,BAYYARAM,1021015,Kothapeta,Maize,Diseased,1,1,0,0,0,1,0,1,0.8,200.0,49.0,4.0,26.0,0.0437,0.0437,100.0,100.0
KHAMMAM,BAYYARAM,1021015,Kothapeta,Maize,Healthy,3,3,0,3,0,0,0,0,0.0,140.3333,52.0,3.0,27.3333,0.0706,0.2119,0.0,100.0
KHAMMAM,BAYYARAM,1021015,Kothapeta,Maize,Pests,1,1,0,0,0,0,1,1,0.9,129.0,53.0,2.0,25.0,0.1479,0.1479,100.0,100.0
KHAMMAM,BAYYARAM,1021015,Kothapeta,Maize,Stressed,1,1,0,0,1,0,0,1,0.5,209.0,48.0,3.0,29.0,0.0545,0.0545,100.0,100.0
KHAMMAM,BAYYARAM,1021016,Kachanapalle,Maize,Healthy,5,5,0,5,0,0,0,0,0.0,187.4,48.0,4.2,27.0,0.0775,0.3875,0.0,100.0
KHAMMAM,BAYYARAM,1021017,Dharmapuram,Maize,Healthy,5,5,0,5,0,0,0,0,0.0,151.4,46.4,3.8,27.2,0.0521,0.2606,0.0,100.0
KHAMMAM,BAYYARAM,1021F01,FOREST,Chillies,Healthy,2,2,0,2,0,0,0,0,0.0,70.5,49.5,3.0,8.5,0.2031,0.4062,0.0,100.0
KHAMMAM,BAYYARAM,1021F01,FOREST,Chillies,Pests,1,1,0,0,0,0,1,1,0.9,59.0,54.0,5.0,8.0,0.0844,0.0844,100.0,100.0
KHAMMAM,BAYYARAM,1021F01,FOREST,Maize,Diseased,2,2,0,0,0,2,0,2,0.8,191.0,46.5,4.0,26.5,0.026,0.052,100.0,100.0
KHAMMAM,BAYYARAM,1021F01,FOREST,Maize,Healthy,33,33,0,33,0,0,0,0,0.0,176.1818,50.5455,3.5152,27.697,0.086,2.8388,0.0,100.0
KHAMMAM,BAYYARAM,1021F01,FOREST,Maize,Pests,2,2,0,0,0,0,2,2,0.9,172.0,47.5,3.5,28.5,0.0882,0.1764,100.0,100.0
KHAMMAM,BAYYARAM,1021F01,FOREST,Maize,Stressed,3,3,0,0,3,0,0,3,0.5,211.6667,47.6667,3.6667,27.6667,0.1955,0.5865,100.0,100.0
KHAMMAM,BAYYARAM,1021F01,FOREST,Paddy,Diseased,3,3,0,0,0,3,0,3,0.8,70.3333,93.6667,4.3333,22.6667,0.0465,0.1395,100.0,100.0
KHAMMAM,BAYYARAM,1021F01,FOREST,Paddy,Healthy,31,31,0,31,0,0,0,0,0.0,73.6452,90.6452,4.6452,22.2903,0.0974,3.0195,0.0,100.0
KHAMMAM,BAYYARAM,1021F01,FOREST,Paddy,Pests,3,3,0,0,0,0,3,3,0.9,62.0,94.3333,4.0,23.0,0.0617,0.1851,100.0,100.0
KHAMMAM,BAYYARAM,1021F01,FOREST,Paddy,Stressed,2,2,0,0,2,0,0,2,0.5,79.0,86.5,3.0,23.5,0.0539,0.1078,100.0,100.0
KHAMMAM,GARLA,1022001,Mulkanoor,Chillies,Healthy,53,53,0,53,0,0,0,0,0.0,74.6038,53.1132,3.6604,7.2264,0.4125,21.8647,0.0,100.0
KHAMMAM,GARLA,1022001,Mulkanoor,Chillies,Pests,6,6,0,0,0,0,6,6,0.9,73.8333,47.6667,4.0,8.5,0.2704,1.6227,100.0,100.0
KHAMMAM,GARLA,1022001,Mulkanoor,Chillies,Stressed,2,2,0,0,2,0,0,2,0.5,88.0,53.0,3.0,6.0,0.5298,1.0596,100.0,100.0
KHAMMAM,GARLA,1022002,Maddi Vancha,Chillies,Healthy,4,4,0,4,0,0,0,0,0.0,78.5,50.0,3.75,5.75,0.0521,0.2085,0.0,100.0
KHAMMAM,GARLA,1022006,Garla,Chillies,Healthy,2,2,0,2,0,0,0,0,0.0,79.5,55.5,2.5,8.0,0.2192,0.4383,0.0,100.0
KHAMMAM,GARLA,1022006,Garla,Chillies,Stressed,1,1,0,0,1,0,0,1,0.5,53.0,54.0,5.0,9.0,0.0275,0.0275,100.0,100.0
KHAMMAM,GARLA,1022010,Pocharam,Chillies,Diseased,1,1,0,0,0,1,0,1,0.8,83.0,46.0,5.0,8.0,0.6891,0.6891,100.0,100.0
KHAMMAM,GARLA,1022F01,FOREST,Chillies,Healthy,3,3,0,3,0,0,0,0,0.0,79.3333,46.3333,3.3333,8.3333,0.0732,0.2196,0.0,100.0
KHAMMAM,KHAMMAM (RURAL),1037004,Thirthala,Chillies,Healthy,2,2,0,2,0,0,0,0,0.0,92.0,44.0,3.5,9.0,0.0652,0.1305,0.0,100.0
MAHABUBNAGAR,ADDAKAL,0726016,Gudibanda,Paddy,,1,0,1,0,0,0,0,0,,51.0,87.0,3.0,18.0,0.1109,0.1109,,0.0
MAHABUBNAGAR,ADDAKAL,0726017,SHAKAPUR,Paddy,,2,0,2,0,0,0,0,0,,74.0,93.5,5.0,16.0,0.0625,0.1249,,0.0
MAHABUBNAGAR,ADDAKAL,0726018,Kandur,Groundnut,,6,0,6,0,0,0,0,0,,29.5,39.5,2.5,13.0,0.4878,2.9271,,0.0
MAHABUBNAGAR,ADDAKAL,0726020,Katavaram,Groundnut,,1,0,1,0,0,0,0,0,,32.0,30.0,2.0,11.0,0.1862,0.1862,,0.0
MAHABUBNAGAR,ATMAKUR,0735003,Pamireddipalle,Groundnut,Healthy,1,1,0,1,0,0,0,0,0.0,31.0,37.0,1.0,13.0,0.9031,0.9031,0.0,100.0
MAHABUBNAGAR,ATMAKUR,0735004,Kankanvanipalle,Groundnut,Healthy,3,3,0,3,0,0,0,0,0.0,31.0,42.3333,2.6667,12.0,0.4244,1.2732,0.0,100.0
MAHABUBNAGAR,ATMAKUR,0735004,Kankanvanipalle,Groundnut,Pests,1,1,0,0,0,0,1,1,0.9,28.0,40.0,3.0,15.0,0.4176,0.4176,100.0,100.0
MAHABUBNAGAR,ATMAKUR,0735005,Rangapur,Groundnut,Healthy,2,2,0,2,0,0,0,0,0.0,30.0,35.0,4.0,14.0,2.4784,4.9568,0.0,100.0
MAHABUBNAGAR,BALANAGAR,0710021,Peddarevelly,Cotton,Healthy,1,1,0,1,0,0,0,0,0.0,97.0,52.0,2.0,14.0,1.1067,1.1067,0.0,100.0
MAHABUBNAGAR,BALANAGAR,0710029,Raipalle,Groundnut,,3,0,3,0,0,0,0,0,,28.6667,32.6667,1.6667,12.3333,0.5655,1.6965,,0.0
MAHABUBNAGAR,BALANAGAR,0710030,Rajapur,Cotton,Healthy,1,1,0,1,0,0,0,0,0.0,100.0,51.0,5.0,15.0,0.7891,0.7891,0.0,100.0
MAHABUBNAGAR,BALANAGAR,0710030,Rajapur,Cotton,Stressed,1,1,0,0,1,0,0,1,0.5,99.0,48.0,2.0,15.0,1.9358,1.9358,100.0,100.0
MAHABUBNAGAR,BALANAGAR,0710030,Rajapur,Groundnut,,1,0,1,0,0,0,0,0,,40.0,31.0,2.0,12.0,1.8687,1.8687,,0.0
MAHABUBNAGAR,BALANAGAR,0710036,Chinna Revalli,Cotton,Healthy,1,1,0,1,0,0,0,0,0.0,67.0,53.0,4.0,12.0,1.7654,1.7654,0.0,100.0
MAHABUBNAGAR,BALANAGAR,0710036,Chinna Revalli,Groundnut,Healthy,8,8,0,8,0,0,0,0,0.0,29.25,40.625,1.875,13.125,0.644,5.1517,0.0,100.0
MAHABUBNAGAR,BALANAGAR,0710037,Thirumalagiri,Cotton,Diseased,1,1,0,0,0,1,0,1,0.8,86.0,43.0,5.0,14.0,0.5944,0.5944,100.0,100.0
MAHABUBNAGAR,BALANAGAR,0710037,Thirumalagiri,Cotton,Healthy,2,2,0,2,0,0,0,0,0.0,89.0,56.0,4.0,11.0,0.9094,1.8187,0.0,100.0
MAHABUBNAGAR,BALANAGAR,0710037,Thirumalagiri,Groundnut,Healthy,1,1,0,1,0,0,0,0,0.0,20.0,39.0,2.0,13.0,1.6127,1.6127,0.0,100.0
MAHABUBNAGAR,BHOOTHPUR,0724006,Kothur,Groundnut,Healthy,4,4,0,4,0,0,0,0,0.0,26.5,38.75,3.0,12.5,0.3958,1.5832,0.0,100.0
MAHABUBNAGAR,BHOOTHPUR,0724007,Karvena,Groundnut,Healthy,3,3,0,3,0,0,0,0,0.0,31.0,33.6667,2.3333,11.3333,0.7754,2.3263,0.0,100.0
MAHABUBNAGAR,BHOOTHPUR,0724007,Karvena,Groundnut,Pests,1,1,0,0,0,0,1,1,0.9,34.0,33.0,3.0,15.0,0.2819,0.2819,100.0,100.0
MAHABUBNAGAR,BHOOTHPUR,0724007,Karvena,Paddy,Healthy,1,1,0,1,0,0,0,0,0.0,75.0,81.0,4.0,20.0,0.6674,0.6674,0.0,100.0
MAHABUBNAGAR,BHOOTHPUR,0724008,Kothamolgara,Paddy,Diseased,1,1,0,0,0,1,0,1,0.8,83.0,97.0,6.0,17.0,0.1375,0.1375,100.0,100.0
MAHABUBNAGAR,BHOOTHPUR,0724008,Kothamolgara,Paddy,Healthy,3,3,0,3,0,0,0,0,0.0,76.0,81.6667,4.6667,17.0,0.0981,0.2944,0.0,100.0
MAHABUBNAGAR,BHOOTHPUR,0724015,Pathamolgara,Groundnut,Stressed,1,1,0,0,1,0,0,1,0.5,34.0,33.0,1.0,14.0,0.2102,0.2102,100.0,100.0
MAHABUBNAGAR,BHOOTHPUR,0724015,Pathamolgara,Paddy,Healthy,1,1,0,1,0,0,0,0,0.0,69.0,98.0,4.0,15.0,0.6327,0.6327,0.0,100.0
MAHABUBNAGAR,BHOOTHPUR,0724016,Maddigatla,Paddy,Healthy,3,3,0,3,0,0,0,0,0.0,73.0,91.0,5.0,18.3333,0.212,0.636,0.0,100.0
MAHABUBNAGAR,BHOOTHPUR,0724017,Yelkicharla,Paddy,Healthy,1,1,0,1,0,0,0,0,0.0,78.0,89.0,3.0,15.0,0.4929,0.4929,0.0,100.0
MAHABUBNAGAR,BHOOTHPUR,0724017,Yelkicharla,Paddy,Pests,2,2,0,0,0,0,2,2,0.9,93.0,88.0,3.0,17.0,0.3065,0.613,100.0,100.0
MAHABUBNAGAR,CHINNACHINTAKUNTA,0734006,Nellikondi,Groundnut,Healthy,1,1,0,1,0,0,0,0,0.0,29.0,38.0,4.0,12.0,0.0725,0.0725,0.0,100.0
MAHABUBNAGAR,CHINNACHINTAKUNTA,0734007,Seetharampeta,Groundnut,Healthy,1,1,0,1,0,0,0,0,0.0,37.0,33.0,1.0,14.0,0.6545,0.6545,0.0,100.0
MAHABUBNAGAR,CHINNACHINTAKUNTA,0734008,Damagnapur,Groundnut,Healthy,1,1,0,1,0,0,0,0,0.0,33.0,22.0,4.0,12.0,0.9511,0.9511,0.0,100.0
MAHABUBNAGAR,CHINNACHINTAKUNTA,0734009,Waddemanu,Groundnut,Healthy,4,4,0,4,0,0,0,0,0.0,32.75,35.25,3.0,13.0,0.711,2.8438,0.0,100.0
MAHABUBNAGAR,CHINNACHINTAKUNTA,0734009,Waddemanu,Groundnut,Stressed,1,1,0,0,1,0,0,1,0.5,24.0,31.0,3.0,15.0,0.6768,0.6768,100.0,100.0
MAHABUBNAGAR,CHINNACHINTAKUNTA,0734010,Appampalle,Groundnut,Pests,1,1,0,0,0,0,1,1,0.9,22.0,20.0,2.0,12.0,1.2125,1.2125,100.0,100.0
MAHABUBNAGAR,CHINNACHINTAKUNTA,0734012,Thirumalapur,Cotton,Healthy,2,2,0,2,0,0,0,0,0.0,101.0,44.0,5.0,13.5,0.896,1.792,0.0,100.0
MAHABUBNAGAR,CHINNACHINTAKUNTA,0734013,Edulapur,Groundnut,Healthy,1,1,0,1,0,0,0,0,0.0,37.0,26.0,2.0,12.0,1.0993,1.0993,0.0,100.0
MAHABUBNAGAR,CHINNACHINTAKUNTA,0734014,Lakshmidevipur,Groundnut,Healthy,1,1,0,1,0,0,0,0,0.0,23.0,42.0,4.0,14.0,0.8802,0.8802,0.0,100.0
MAHABUBNAGAR,CHINNACHINTAKUNTA,0734015,Undyala,Groundnut,Healthy,2,2,0,2,0,0,0,0,0.0,36.0,37.5,3.0,15.0,1.0495,2.099,0.0,100.0
MAHABUBNAGAR,CHINNACHINTAKUNTA,0734015,Undyala,Groundnut,Pests,1,1,0,0,0,0,1,1,0.9,29.0,38.0,3.0,11.0,2.0085,2.0085,100.0,100.0
MAHABUBNAGAR,CHINNACHINTAKUNTA,0734016,Chinnachintakunta,Groundnut,Healthy,2,2,0,2,0,0,0,0,0.0,27.5,31.5,1.5,11.0,1.6132,3.2264,0.0,100.0
MAHABUBNAGAR,CHINNACHINTAKUNTA,0734018,Ammapur,Groundnut,Healthy,1,1,0,1,0,0,0,0,0.0,35.0,45.0,3.0,10.0,1.5441,1.5441,0.0,100.0
MAHABUBNAGAR,CHINNACHINTAKUNTA,0734019,Kurumurthy,Groundnut,Healthy,1,1,0,1,0,0,0,0,0.0,33.0,46.0,2.0,11.0,1.607,1.607,0.0,100.0
MAHABUBNAGAR,CHINNACHINTAKUNTA,0734020,Maddur,Groundnut,Healthy,1,1,0,1,0,0,0,0,0.0,22.0,36.0,1.0,12.0,1.5378,1.5378,0.0,100.0
MAHABUBNAGAR,CHINNACHINTAKUNTA,0734020,Maddur,Groundnut,Pests,1,1,0,0,0,0,1,1,0.9,21.0,23.0,1.0,10.0,1.5868,1.5868,100.0,100.0
MAHABUBNAGAR,DAMARAGIDDA,0705003,Mogalamadka,Groundnut,Healthy,4,4,0,4,0,0,0,0,0.0,27.25,40.75,3.0,11.5,0.6811,2.7242,0.0,100.0
MAHABUBNAGAR,DAMARAGIDDA,0705006,Narsapur,Groundnut,Healthy,2,2,0,2,0,0,0,0,0.0,25.0,38.0,1.0,11.5,0.5167,1.0334,0.0,100.0
MAHABUBNAGAR,DAMARAGIDDA,0705006,Narsapur,Paddy,Healthy,2,2,0,2,0,0,0,0,0.0,83.5,91.0,4.5,19.5,0.2944,0.5889,0.0,100.0
MAHABUBNAGAR,DAMARAGIDDA,0705007,Annasagar,Cotton,Stressed,2,2,0,0,2,0,0,2,0.5,103.0,46.0,4.0,12.0,0.7094,1.4189,100.0,100.0
MAHABUBNAGAR,DAMARAGIDDA,0705007,Annasagar,Groundnut,Diseased,1,1,0,0,0,1,0,1,0.8,23.0,39.0,1.0,12.0,0.2913,0.2913,100.0,100.0
MAHABUBNAGAR,DAMARAGIDDA,0705007,Annasagar,Groundnut,Healthy,16,16,0,16,0,0,0,0,0.0,30.3125,35.25,2.5,12.4375,0.3939,6.3026,0.0,100.0
MAHABUBNAGAR,DAMARAGIDDA,0705007,Annasagar,Groundnut,Pests,1,1,0,0,0,0,1,1,0.9,26.0,37.0,2.0,10.0,0.331,0.331,100.0,100.0
MAHABUBNAGAR,DAMARAGIDDA,0705007,Annasagar,Groundnut,Stressed,3,3,0,0,3,0,0,3,0.5,33.0,30.6667,2.6667,13.3333,0.6169,1.8508,100.0,100.0
MAHABUBNAGAR,DAMARAGIDDA,0705007,Annasagar,Paddy,Diseased,1,1,0,0,0,1,0,1,0.8,87.0,81.0,6.0,18.0,0.2538,0.2538,100.0,100.0
MAHABUBNAGAR,DAMARAGIDDA,0705007,Annasagar,Paddy,Healthy,3,3,0,3,0,0,0,0,0.0,69.6667,86.6667,5.0,18.0,0.4285,1.2855,0.0,100.0
MAHABUBNAGAR,DAMARAGIDDA,0705007,Annasagar,Paddy,Stressed,1,1,0,0,1,0,0,1,0.5,61.0,81.0,6.0,20.0,0.1916,0.1916,100.0,100.0
MAHABUBNAGAR,DAMARAGIDDA,0705007,Annasagar,Red Gram,Diseased,1,1,0,0,0,1,0,1,0.8,92.0,27.0,3.0,12.0,0.7256,0.7256,100.0,100.0
MAHABUBNAGAR,DAMARAGIDDA,0705007,Annasagar,Red Gram,Healthy,2,2,0,2,0,0,0,0,0.0,88.5,34.5,2.5,9.5,0.335,0.6699,0.0,100.0
MAHABUBNAGAR,DAMARAGIDDA,0705008,Ulligundam,Groundnut,Healthy,1,1,0,1,0,0,0,0,0.0,37.0,31.0,4.0,13.0,0.6015,0.6015,0.0,100.0
MAHABUBNAGAR,DAMARAGIDDA,0705009,Kanukurthy,Cotton,Healthy,1,1,0,1,0,0,0,0,0.0,94.0,52.0,4.0,11.0,0.8923,0.8923,0.0,100.0
MAHABUBNAGAR,DAMARAGIDDA,0705009,Kanukurthy,Groundnut,Healthy,8,8,0,8,0,0,0,0,0.0,29.25,34.75,2.625,11.25,0.471,3.7681,0.0,100.0
MAHABUBNAGAR,DAMARAGIDDA,0705009,Kanukurthy,Paddy,Diseased,1,1,0,0,0,1,0,1,0.8,89.0,91.0,6.0,19.0,0.1937,0.1937,100.0,100.0
MAHABUBNAGAR,DAMARAGIDDA,0705009,Kanukurthy,Paddy,Healthy,1,1,0,1,0,0,0,0,0.0,80.0,85.0,5.0,17.0,0.2793,0.2793,0.0,100.0
MAHABUBNAGAR,DAMARAGIDDA,0705009,Kanukurthy,Red Gram,Healthy,1,1,0,1,0,0,0,0,0.0,58.0,22.0,1.0,8.0,0.3476,0.3476,0.0,100.0
MAHABUBNAGAR,DAMARAGIDDA,0705010,Malreddipalle,Groundnut,Healthy,4,4,0,4,0,0,0,0,0.0,28.0,29.0,3.5,12.0,0.5251,2.1003,0.0,100.0
MAHABUBNAGAR,DAMARAGIDDA,0705010,Malreddipalle,Groundnut,Pests,1,1,0,0,0,0,1,1,0.9,34.0,26.0,2.0,11.0,0.4768,0.4768,100.0,100.0
MAHABUBNAGAR,DAMARAGIDDA,0705010,Malreddipalle,Groundnut,Stressed,1,1,0,0,1,0,0,1,0.5,39.0,24.0,2.0,12.0,0.2718,0.2718,100.0,100.0
MAHABUBNAGAR,DAMARAGIDDA,0705010,Malreddipalle,Red Gram,Healthy,3,3,0,3,0,0,0,0,0.0,87.3333,27.6667,2.0,10.3333,0.3629,1.0887,0.0,100.0
MAHABUBNAGAR,DAMARAGIDDA,0705011,Lokurthy,Cotton,Healthy,1,1,0,1,0,0,0,0,0.0,61.0,54.0,4.0,11.0,0.4085,0.4085,0.0,100.0
MAHABUBNAGAR,DAMARAGIDDA,0705011,Lokurthy,Groundnut,Healthy,4,4,0,4,0,0,0,0,0.0,28.5,31.75,2.0,12.25,1.5677,6.2709,0.0,100.0
MAHABUBNAGAR,DAMARAGIDDA,0705011,Lokurthy,Groundnut,Pests,1,1,0,0,0,0,1,1,0.9,27.0,22.0,3.0,14.0,1.3248,1.3248,100.0,100.0
MAHABUBNAGAR,DAMARAGIDDA,0705011,Lokurthy,Paddy,Healthy,2,2,0,2,0,0,0,0,0.0,83.0,85.0,3.5,18.5,0.3808,0.7616,0.0,100.0
MAHABUBNAGAR,DAMARAGIDDA,0705012,Ashanpalle,Red Gram,,1,0,1,0,0,0,0,0,,81.0,32.0,2.0,8.0,0.5649,0.5649,,0.0
MAHABUBNAGAR,DAMARAGIDDA,0705013,Ayyawaripalle,Groundnut,Healthy,2,2,0,2,0,0,0,0,0.0,26.5,47.0,2.0,13.5,0.2982,0.5964,0.0,100.0
MAHABUBNAGAR,DAMARAGIDDA,0705013,Ayyawaripalle,Paddy,Healthy,4,4,0,4,0,0,0,0,0.0,77.75,92.25,5.0,18.0,0.5582,2.2328,0.0,100.0
MAHABUBNAGAR,DAMARAGIDDA,0705013,Ayyawaripalle,Red Gram,Diseased,1,1,0,0,0,1,0,1,0.8,114.0,38.0,1.0,11.0,0.387,0.387,100.0,100.0
MAHABUBNAGAR,DAMARAGIDDA,0705013,Ayyawaripalle,Red Gram,Stressed,1,1,0,0,1,0,0,1,0.5,46.0,36.0,3.0,9.0,0.6126,0.6126,100.0,100.0
MAHABUBNAGAR,DAMARAGIDDA,0705014,Desaipalle,Cotton,Healthy,2,2,0,2,0,0,0,0,0.0,78.5,55.5,4.0,15.0,0.2572,0.5145,0.0,100.0
MAHABUBNAGAR,DAMARAGIDDA,0705014,Desaipalle,Groundnut,Diseased,1,1,0,0,0,1,0,1,0.8,20.0,37.0,1.0,11.0,0.2624,0.2624,100.0,100.0
MAHABUBNAGAR,DAMARAGIDDA,0705014,Desaipalle,Groundnut,Healthy,2,2,0,2,0,0,0,0,0.0,29.5,40.0,4.0,11.5,0.3704,0.7409,0.0,100.0
MAHABUBNAGAR,DAMARAGIDDA,0705014,Desaipalle,Paddy,Healthy,1,1,0,1,0,0,0,0,0.0,52.0,80.0,6.0,19.0,0.3777,0.3777,0.0,100.0
MAHABUBNAGAR,DAMARAGIDDA,0705015,Chakalavaripalle,Cotton,Diseased,1,1,0,0,0,1,0,1,0.8,98.0,53.0,5.0,14.0,0.3461,0.3461,100.0,100.0
MAHABUBNAGAR,DAMARAGIDDA,0705015,Chakalavaripalle,Cotton,Healthy,1,1,0,1,0,0,0,0,0.0,73.0,55.0,3.0,13.0,0.316,0.316,0.0,100.0
MAHABUBNAGAR,DAMARAGIDDA,0705015,Chakalavaripalle,Paddy,Healthy,2,2,0,2,0,0,0,0,0.0,80.0,86.5,5.5,17.0,0.5293,1.0587,0.0,100.0
MAHABUBNAGAR,DAMARAGIDDA,0705016,Yelsanpalle,Cotton,Healthy,2,2,0,2,0,0,0,0,0.0,99.0,50.5,2.5,13.0,0.4657,0.9313,0.0,100.0
MAHABUBNAGAR,DAMARAGIDDA,0705016,Yelsanpalle,Cotton,Pests,1,1,0,0,0,0,1,1,0.9,103.0,49.0,4.0,10.0,0.2708,0.2708,100.0,100.0
MAHABUBNAGAR,DAMARAGIDDA,0705016,Yelsanpalle,Red Gram,Healthy,1,1,0,1,0,0,0,0,0.0,48.0,37.0,1.0,12.0,0.2754,0.2754,0.0,100.0
MAHABUBNAGAR,DAMARAGIDDA,0705018,Piddampalle,Groundnut,Diseased,1,1,0,0,0,1,0,1,0.8,20.0,31.0,2.0,12.0,0.3663,0.3663,100.0,100.0
MAHABUBNAGAR,DAMARAGIDDA,0705018,Piddampalle,Groundnut,Healthy,2,2,0,2,0,0,0,0,0.0,31.0,34.0,4.0,11.5,0.9338,1.8676,0.0,100.0
MAHABUBNAGAR,DAMARAGIDDA,0705019,Gadimunkanpalle,Groundnut,Healthy,3,3,0,3,0,0,0,0,0.0,23.3333,36.0,2.0,11.6667,0.3509,1.0526,0.0,100.0
MAHABUBNAGAR,DAMARAGIDDA,0705019,Gadimunkanpalle,Groundnut,Pests,1,1,0,0,0,0,1,1,0.9,31.0,34.0,2.0,12.0,0.4153,0.4153,100.0,100.0
MAHABUBNAGAR,DAMARAGIDDA,0705019,Gadimunkanpalle,Paddy,Healthy,1,1,0,1,0,0,0,0,0.0,74.0,80.0,3.0,16.0,0.3549,0.3549,0.0,100.0
MAHABUBNAGAR,DAMARAGIDDA,0705022,Damaragidda,Groundnut,Healthy,2,2,0,2,0,0,0,0,0.0,28.0,44.5,3.5,11.5,0.6103,1.2207,0.0,100.0
MAHABUBNAGAR,DAMARAGIDDA,0705023,Lingareddipalle,Cotton,Pests,1,1,0,0,0,0,1,1,0.9,81.0,51.0,6.0,14.0,0.3631,0.3631,100.0,100.0
MAHABUBNAGAR,DAMARAGIDDA,0705023,Lingareddipalle,Groundnut,Healthy,8,8,0,8,0,0,0,0,0.0,30.125,33.875,2.0,12.625,0.6541,5.2326,0.0,100.0
MAHABUBNAGAR,DAMARAGIDDA,0705024,Bapanpalle,Groundnut,Healthy,5,5,0,5,0,0,0,0,0.0,28.8,34.6,2.6,13.4,0.5941,2.9703,0.0,100.0
MAHABUBNAGAR,DAMARAGIDDA,0705025,Kyatanpalle,Cotton,Stressed,1,1,0,0,1,0,0,1,0.5,87.0,53.0,4.0,14.0,0.2393,0.2393,100.0,100.0
MAHABUBNAGAR,DAMARAGIDDA,0705025,Kyatanpalle,Groundnut,Healthy,3,3,0,3,0,0,0,0,0.0,31.6667,33.3333,2.0,11.0,0.7678,2.3035,0.0,100.0
MAHABUBNAGAR,DAMARAGIDDA,0705025,Kyatanpalle,Groundnut,Pests,1,1,0,0,0,0,1,1,0.9,34.0,32.0,2.0,10.0,0.5069,0.5069,100.0,100.0
MAHABUBNAGAR,DAMARAGIDDA,0705025,Kyatanpalle,Paddy,Healthy,2,2,0,2,0,0,0,0,0.0,82.5,88.5,5.0,18.0,0.5032,1.0064,0.0,100.0
MAHABUBNAGAR,DAMARAGIDDA,0705025,Kyatanpalle,Red Gram,Healthy,1,1,0,1,0,0,0,0,0.0,41.0,32.0,3.0,12.0,0.5392,0.5392,0.0,100.0
MAHABUBNAGAR,DAMARAGIDDA,0705026,Vathugundla,Groundnut,Healthy,1,1,0,1,0,0,0,0,0.0,35.0,35.0,4.0,13.0,1.0056,1.0056,0.0,100.0
MAHABUBNAGAR,DAMARAGIDDA,0705028,Bommanpad,Cotton,Healthy,4,4,0,4,0,0,0,0,0.0,102.75,50.75,4.75,13.0,0.3574,1.4295,0.0,100.0
MAHABUBNAGAR,DAMARAGIDDA,0705028,Bommanpad,Groundnut,Healthy,6,6,0,6,0,0,0,0,0.0,28.6667,33.6667,2.8333,13.6667,0.449,2.6939,0.0,100.0
MAHABUBNAGAR,DAMARAGIDDA,0705028,Bommanpad,Groundnut,Stressed,1,1,0,0,1,0,0,1,0.5,21.0,40.0,1.0,13.0,0.7899,0.7899,100.0,100.0
MAHABUBNAGAR,DEVARKADRA,0727019,Meenuguvanipalle,Groundnut,Healthy,1,1,0,1,0,0,0,0,0.0,21.0,25.0,1.0,10.0,0.6985,0.6985,0.0,100.0
MAHABUBNAGAR,DEVARKADRA,0727020,Gudibanda,Groundnut,Healthy,2,2,0,2,0,0,0,0,0.0,37.5,33.0,3.0,12.5,0.1567,0.3134,0.0,100.0
MAHABUBNAGAR,DEVARKADRA,0727022,Puttapalle,Cotton,Diseased,1,1,0,0,0,1,0,1,0.8,96.0,49.0,3.0,15.0,3.9129,3.9129,100.0,100.0
MAHABUBNAGAR,DEVARKADRA,0727022,Puttapalle,Cotton,Healthy,3,3,0,3,0,0,0,0,0.0,78.3333,48.3333,2.6667,11.3333,0.794,2.382,0.0,100.0
MAHABUBNAGAR,DEVARKADRA,0727022,Puttapalle,Cotton,Pests,1,1,0,0,0,0,1,1,0.9,98.0,43.0,5.0,13.0,1.4426,1.4426,100.0,100.0
MAHABUBNAGAR,DEVARKADRA,0727023,Koukuntla,Cotton,Healthy,9,9,0,9,0,0,0,0,0.0,108.0,51.8889,4.0,13.4444,1.9778,17.8006,0.0,100.0
MAHABUBNAGAR,DEVARKADRA,0727023,Koukuntla,Cotton,Pests,1,1,0,0,0,0,1,1,0.9,91.0,53.0,4.0,15.0,0.7303,0.7303,100.0,100.0
MAHABUBNAGAR,DEVARKADRA,0727023,Koukuntla,Groundnut,Healthy,1,1,0,1,0,0,0,0,0.0,36.0,31.0,4.0,10.0,0.1195,0.1195,0.0,100.0
MAHABUBNAGAR,DEVARKADRA,0727023,Koukuntla,Groundnut,Pests,1,1,0,0,0,0,1,1,0.9,30.0,34.0,2.0,14.0,0.3124,0.3124,100.0,100.0
MAHABUBNAGAR,DEVARKADRA,0727025,Rekulampalle,Cotton,Healthy,3,3,0,3,0,0,0,0,0.0,90.3333,43.6667,4.0,11.3333,1.0086,3.0259,0.0,100.0
MAHABUBNAGAR,DHANWADA,0728003,Kondapur,Groundnut,Healthy,5,5,0,5,0,0,0,0,0.0,27.8,38.4,3.4,11.8,0.2973,1.4866,0.0,100.0
MAHABUBNAGAR,HANWADA,0708001,Cheekarlapalle,Groundnut,Healthy,5,5,0,5,0,0,0,0,0.0,28.0,38.0,2.6,11.6,0.2211,1.1054,0.0,100.0
MAHABUBNAGAR,HANWADA,0708002,Vepoor,Cotton,Diseased,2,2,0,0,0,2,0,2,0.8,94.5,46.5,4.5,13.5,0.2196,0.4391,100.0,100.0
MAHABUBNAGAR,HANWADA,0708002,Vepoor,Cotton,Healthy,7,7,0,7,0,0,0,0,0.0,86.4286,48.0,3.5714,13.1429,0.2999,2.0994,0.0,100.0
MAHABUBNAGAR,HANWADA,0708002,Vepoor,Groundnut,Diseased,2,2,0,0,0,2,0,2,0.8,24.0,28.5,3.0,13.0,0.3359,0.6719,100.0,100.0
MAHABUBNAGAR,HANWADA,0708002,Vepoor,Groundnut,Healthy,51,51,0,51,0,0,0,0,0.0,30.1765,36.1176,2.8235,12.4902,0.3294,16.8003,0.0,100.0
MAHABUBNAGAR,HANWADA,0708002,Vepoor,Groundnut,Pests,6,6,0,0,0,0,6,6,0.9,32.0,33.8333,1.6667,10.3333,0.3868,2.3209,100.0,100.0
MAHABUBNAGAR,HANWADA,0708002,Vepoor,Groundnut,Stressed,1,1,0,0,1,0,0,1,0.5,34.0,40.0,2.0,10.0,0.0374,0.0374,100.0,100.0
MAHABUBNAGAR,HANWADA,0708002,Vepoor,Paddy,Healthy,7,7,0,7,0,0,0,0,0.0,74.7143,88.5714,4.4286,17.7143,0.1464,1.0245,0.0,100.0
MAHABUBNAGAR,HANWADA,0708002,Vepoor,Red Gram,Stressed,1,1,0,0,1,0,0,1,0.5,35.0,29.0,2.0,8.0,0.2904,0.2904,100.0,100.0
MAHABUBNAGAR,HANWADA,0708003,Gundiyal,Cotton,Healthy,4,4,0,4,0,0,0,0,0.0,98.5,52.0,4.5,13.25,0.1855,0.7422,0.0,100.0
MAHABUBNAGAR,HANWADA,0708003,Gundiyal,Groundnut,Diseased,2,2,0,0,0,2,0,2,0.8,26.0,33.0,4.0,10.0,0.5715,1.143,100.0,100.0
MAHABUBNAGAR,HANWADA,0708003,Gundiyal,Groundnut,Healthy,12,12,0,12,0,0,0,0,0.0,28.75,34.25,2.4167,12.6667,0.1844,2.2131,0.0,100.0
MAHABUBNAGAR,HANWADA,0708003,Gundiyal,Groundnut,Stressed,1,1,0,0,1,0,0,1,0.5,27.0,42.0,1.0,15.0,0.3297,0.3297,100.0,100.0
MAHABUBNAGAR,HANWADA,0708003,Gundiyal,Paddy,Diseased,1,1,0,0,0,1,0,1,0.8,58.0,97.0,3.0,15.0,0.0413,0.0413,100.0,100.0
MAHABUBNAGAR,HANWADA,0708003,Gundiyal,Paddy,Healthy,29,29,0,29,0,0,0,0,0.0,73.6897,90.931,4.069,17.8621,0.075,2.1761,0.0,100.0
MAHABUBNAGAR,HANWADA,0708003,Gundiyal,Paddy,Pests,1,1,0,0,0,0,1,1,0.9,65.0,100.0,5.0,15.0,0.1681,0.1681,100.0,100.0
MAHABUBNAGAR,HANWADA,0708003,Gundiyal,Paddy,Stressed,1,1,0,0,1,0,0,1,0.5,60.0,95.0,5.0,17.0,0.117,0.117,100.0,100.0
MAHABUBNAGAR,HANWADA,0708004,Ayodhyanagar,Groundnut,Healthy,3,3,0,3,0,0,0,0,0.0,33.3333,27.0,2.6667,12.0,0.1408,0.4224,0.0,100.0
MAHABUBNAGAR,HANWADA,0708005,Shaikpalle,Cotton,Healthy,1,1,0,1,0,0,0,0,0.0,103.0,60.0,2.0,14.0,0.2126,0.2126,0.0,100.0
MAHABUBNAGAR,HANWADA,0708005,Shaikpalle,Groundnut,Healthy,6,6,0,6,0,0,0,0,0.0,28.6667,35.0,1.6667,13.5,0.1957,1.1742,0.0,100.0
MAHABUBNAGAR,HANWADA,0708005,Shaikpalle,Groundnut,Pests,1,1,0,0,0,0,1,1,0.9,36.0,24.0,2.0,15.0,0.2669,0.2669,100.0,100.0
MAHABUBNAGAR,HANWADA,0708006,Munimokesham,Groundnut,Healthy,3,3,0,3,0,0,0,0,0.0,29.3333,35.6667,2.3333,13.3333,0.3292,0.9877,0.0,100.0
MAHABUBNAGAR,HANWADA,0708006,Munimokesham,Paddy,Healthy,9,9,0,9,0,0,0,0,0.0,83.1111,90.0,4.7778,17.0,0.1408,1.2668,0.0,100.0
MAHABUBNAGAR,HANWADA,0708006,Munimokesham,Paddy,Pests,2,2,0,0,0,0,2,2,0.9,79.0,82.0,6.0,15.5,0.1151,0.2302,100.0,100.0
MAHABUBNAGAR,HANWADA,0708006,Munimokesham,Paddy,Stressed,1,1,0,0,1,0,0,1,0.5,93.0,91.0,5.0,15.0,0.1438,0.1438,100.0,100.0
MAHABUBNAGAR,HANWADA,0708007,Ibrahimbad,Paddy,Healthy,4,4,0,4,0,0,0,0,0.0,66.5,91.5,4.25,17.25,0.0734,0.2934,0.0,100.0
MAHABUBNAGAR,HANWADA,0708009,Guddimalkapur,Cotton,Healthy,3,3,0,3,0,0,0,0,0.0,94.6667,47.6667,3.3333,12.6667,0.4365,1.3094,0.0,100.0
MAHABUBNAGAR,HANWADA,0708009,Guddimalkapur,Paddy,Healthy,1,1,0,1,0,0,0,0,0.0,66.0,85.0,5.0,15.0,0.0429,0.0429,0.0,100.0
MAHABUBNAGAR,HANWADA,0708009,Guddimalkapur,Paddy,Pests,1,1,0,0,0,0,1,1,0.9,71.0,83.0,3.0,17.0,0.1194,0.1194,100.0,100.0
MAHABUBNAGAR,HANWADA,0708010,Dachekpalle,Cotton,Healthy,3,3,0,3,0,0,0,0,0.0,81.3333,47.0,4.6667,14.3333,0.1415,0.4245,0.0,100.0
MAHABUBNAGAR,HANWADA,0708010,Dachekpalle,Cotton,Stressed,1,1,0,0,1,0,0,1,0.5,85.0,60.0,6.0,11.0,0.0821,0.0821,100.0,100.0
MAHABUBNAGAR,HANWADA,0708010,Dachekpalle,Paddy,Diseased,1,1,0,0,0,1,0,1,0.8,99.0,87.0,4.0,17.0,0.6033,0.6033,100.0,100.0
MAHABUBNAGAR,HANWADA,0708010,Dachekpalle,Paddy,Healthy,11,11,0,11,0,0,0,0,0.0,67.0,86.9091,4.6364,18.1818,0.1769,1.9464,0.0,100.0
MAHABUBNAGAR,HANWADA,0708011,Kothapeta,Cotton,Healthy,5,5,0,5,0,0,0,0,0.0,91.4,48.4,4.0,11.8,0.1738,0.869,0.0,100.0
MAHABUBNAGAR,HANWADA,0708011,Kothapeta,Paddy,Healthy,1,1,0,1,0,0,0,0,0.0,89.0,93.0,4.0,19.0,0.095,0.095,0.0,100.0
MAHABUBNAGAR,HANWADA,0708011,Kothapeta,Paddy,Pests,1,1,0,0,0,0,1,1,0.9,61.0,91.0,4.0,18.0,0.0859,0.0859,100.0,100.0
MAHABUBNAGAR,HANWADA,0708012,Chinnadharpalle,Cotton,Healthy,2,2,0,2,0,0,0,0,0.0,67.0,45.5,4.5,15.0,0.2557,0.5113,0.0,100.0
MAHABUBNAGAR,HANWADA,0708013,Peddadharpalle,Chillies,Healthy,1,1,0,1,0,0,0,0,0.0,97.0,55.0,2.0,5.0,0.1898,0.1898,0.0,100.0
MAHABUBNAGAR,HANWADA,0708013,Peddadharpalle,Cotton,Healthy,3,3,0,3,0,0,0,0,0.0,88.3333,44.6667,5.3333,13.3333,0.1454,0.4363,0.0,100.0
MAHABUBNAGAR,HANWADA,0708013,Peddadharpalle,Cotton,Stressed,1,1,0,0,1,0,0,1,0.5,90.0,47.0,6.0,13.0,0.1724,0.1724,100.0,100.0
MAHABUBNAGAR,HANWADA,0708013,Peddadharpalle,Groundnut,Healthy,6,6,0,6,0,0,0,0,0.0,30.6667,38.0,2.5,12.6667,0.3784,2.2703,0.0,100.0
MAHABUBNAGAR,HANWADA,0708013,Peddadharpalle,Paddy,Healthy,4,4,0,4,0,0,0,0,0.0,68.0,89.0,4.25,18.0,0.1001,0.4002,0.0,100.0
MAHABUBNAGAR,HANWADA,0708014,Tankara,Cotton,Healthy,5,5,0,5,0,0,0,0,0.0,85.2,48.6,4.0,12.2,0.1008,0.504,0.0,100.0
MAHABUBNAGAR,HANWADA,0708014,Tankara,Cotton,Stressed,1,1,0,0,1,0,0,1,0.5,69.0,49.0,2.0,12.0,0.1484,0.1484,100.0,100.0
MAHABUBNAGAR,HANWADA,0708014,Tankara,Paddy,Healthy,7,7,0,7,0,0,0,0,0.0,77.8571,87.8571,4.2857,17.0,0.2089,1.4624,0.0,100.0
MAHABUBNAGAR,HANWADA,0708015,Hanwada,Cotton,Healthy,9,9,0,9,0,0,0,0,0.0,85.7778,52.2222,3.2222,12.1111,0.2272,2.0446,0.0,100.0
MAHABUBNAGAR,HANWADA,0708015,Hanwada,Groundnut,Healthy,2,2,0,2,0,0,0,0,0.0,32.5,37.5,1.0,14.0,0.2497,0.4994,0.0,100.0
MAHABUBNAGAR,HANWADA,0708015,Hanwada,Groundnut,Stressed,1,1,0,0,1,0,0,1,0.5,30.0,22.0,2.0,14.0,0.1441,0.1441,100.0,100.0
MAHABUBNAGAR,HANWADA,0708015,Hanwada,Paddy,Healthy,1,1,0,1,0,0,0,0,0.0,83.0,83.0,3.0,15.0,0.3481,0.3481,0.0,100.0
MAHABUBNAGAR,HANWADA,0708016,Naginonipalle,Cotton,Healthy,1,1,0,1,0,0,0,0,0.0,79.0,52.0,2.0,14.0,0.0455,0.0455,0.0,100.0
MAHABUBNAGAR,HANWADA,0708017,Ammapur,Groundnut,Healthy,1,1,0,1,0,0,0,0,0.0,26.0,26.0,2.0,15.0,0.4296,0.4296,0.0,100.0
MAHABUBNAGAR,HANWADA,0708017,Ammapur,Groundnut,Stressed,1,1,0,0,1,0,0,1,0.5,32.0,29.0,4.0,11.0,0.8377,0.8377,100.0,100.0
MAHABUBNAGAR,HANWADA,0708017,Ammapur,Paddy,Diseased,1,1,0,0,0,1,0,1,0.8,69.0,80.0,5.0,19.0,0.1135,0.1135,100.0,100.0
MAHABUBNAGAR,HANWADA,0708017,Ammapur,Paddy,Healthy,6,6,0,6,0,0,0,0,0.0,67.1667,92.1667,5.0,17.3333,0.0836,0.5016,0.0,100.0
MAHABUBNAGAR,HANWADA,0708017,Ammapur,Paddy,Stressed,1,1,0,0,1,0,0,1,0.5,98.0,84.0,5.0,18.0,0.0893,0.0893,100.0,100.0
MAHABUBNAGAR,HANWADA,0708019,Madharam,Groundnut,Diseased,2,2,0,0,0,2,0,2,0.8,32.0,28.5,2.5,15.0,0.3841,0.7682,100.0,100.0
MAHABUBNAGAR,HANWADA,0708019,Madharam,Groundnut,Healthy,29,29,0,29,0,0,0,0,0.0,31.6552,34.931,2.6897,13.0345,0.4486,13.0083,0.0,100.0
MAHABUBNAGAR,HANWADA,0708019,Madharam,Groundnut,Pests,1,1,0,0,0,0,1,1,0.9,40.0,34.0,4.0,15.0,0.195,0.195,100.0,100.0
MAHABUBNAGAR,HANWADA,0708019,Madharam,Groundnut,Stressed,2,2,0,0,2,0,0,2,0.5,33.5,27.5,2.0,11.5,0.246,0.4919,100.0,100.0
MAHABUBNAGAR,HANWADA,0708019,Madharam,Paddy,Healthy,3,3,0,3,0,0,0,0,0.0,71.3333,87.0,5.0,17.3333,0.2391,0.7172,0.0,100.0
MAHABUBNAGAR,HANWADA,0708019,Madharam,Paddy,Stressed,1,1,0,0,1,0,0,1,0.5,63.0,97.0,5.0,16.0,0.2706,0.2706,100.0,100.0
MAHABUBNAGAR,JADCHERLA,0723005,Earlapalle,Groundnut,,2,0,2,0,0,0,0,0,,23.5,32.5,3.0,10.5,0.5152,1.0305,,0.0
MAHABUBNAGAR,JADCHERLA,0723006,Kodgal,Cotton,Healthy,1,1,0,1,0,0,0,0,0.0,88.0,51.0,6.0,11.0,1.1179,1.1179,0.0,100.0
MAHABUBNAGAR,JADCHERLA,0723006,Kodgal,Groundnut,,1,0,1,0,0,0,0,0,,35.0,33.0,1.0,15.0,1.4654,1.4654,,0.0
MAHABUBNAGAR,JADCHERLA,0723007,Pedda Adiryal,Cotton,,2,0,2,0,0,0,0,0,,111.5,48.5,2.0,13.5,1.2698,2.5395,,0.0
MAHABUBNAGAR,JADCHERLA,0723007,Pedda Adiryal,Cotton,Healthy,1,1,0,1,0,0,0,0,0.0,99.0,57.0,6.0,11.0,1.0373,1.0373,0.0,100.0
MAHABUBNAGAR,JADCHERLA,0723007,Pedda Adiryal,Groundnut,,5,0,5,0,0,0,0,0,,29.4,36.2,2.4,12.6,0.7275,3.6377,,0.0
MAHABUBNAGAR,JADCHERLA,0723009,Chinna Adiryal,Cotton,,1,0,1,0,0,0,0,0,,87.0,48.0,4.0,14.0,0.4035,0.4035,,0.0
MAHABUBNAGAR,JADCHERLA,0723009,Chinna Adiryal,Cotton,Healthy,3,3,0,3,0,0,0,0,0.0,94.6667,43.6667,4.0,12.3333,0.2943,0.883,0.0,100.0
MAHABUBNAGAR,JADCHERLA,0723009,Chinna Adiryal,Groundnut,,1,0,1,0,0,0,0,0,,37.0,29.0,3.0,11.0,0.6459,0.6459,,0.0
MAHABUBNAGAR,JADCHERLA,0723010,Konded,Cotton,,1,0,1,0,0,0,0,0,,92.0,49.0,2.0,14.0,0.5763,0.5763,,0.0
MAHABUBNAGAR,JADCHERLA,0723013,Ammapalle,Cotton,,6,0,6,0,0,0,0,0,,84.1667,50.0,3.5,13.6667,1.4268,8.561,,0.0
MAHABUBNAGAR,JADCHERLA,0723013,Ammapalle,Groundnut,,1,0,1,0,0,0,0,0,,32.0,45.0,2.0,11.0,0.4288,0.4288,,0.0
MAHABUBNAGAR,JADCHERLA,0723017,Polepalle,Groundnut,,2,0,2,0,0,0,0,0,,28.5,32.5,1.5,15.0,0.4266,0.8533,,0.0
MAHABUBNAGAR,JADCHERLA,0723021,Soudagarpalle,Groundnut,,2,0,2,0,0,0,0,0,,35.5,38.5,1.5,11.0,0.4106,0.8212,,0.0
MAHABUBNAGAR,JADCHERLA,0723021,Soudagarpalle,Groundnut,Healthy,3,3,0,3,0,0,0,0,0.0,28.3333,33.6667,2.3333,11.6667,0.2123,0.6369,0.0,100.0
MAHABUBNAGAR,JADCHERLA,0723025,Aloor,Groundnut,,1,0,1,0,0,0,0,0,,34.0,42.0,4.0,14.0,0.0485,0.0485,,0.0
MAHABUBNAGAR,JADCHERLA,0723025,Aloor,Paddy,,1,0,1,0,0,0,0,0,,59.0,94.0,3.0,19.0,0.4113,0.4113,,0.0
MAHABUBNAGAR,JADCHERLA,0723026,Burgupalle,Cotton,,2,0,2,0,0,0,0,0,,118.0,50.0,5.5,13.5,0.1486,0.2972,,0.0
MAHABUBNAGAR,JADCHERLA,0723026,Burgupalle,Paddy,,2,0,2,0,0,0,0,0,,95.0,93.5,5.5,17.5,0.6324,1.2647,,0.0
MAHABUBNAGAR,JADCHERLA,0723028,Nagasala,Maize,,2,0,2,0,0,0,0,0,,179.5,49.0,3.5,29.0,0.1968,0.3936,,0.0
MAHABUBNAGAR,JADCHERLA,0723029,Nasrullabad,Cotton,,3,0,3,0,0,0,0,0,,99.3333,52.0,3.3333,13.0,0.9388,2.8165,,0.0
MAHABUBNAGAR,JADCHERLA,0723029,Nasrullabad,Cotton,Healthy,1,1,0,1,0,0,0,0,0.0,103.0,40.0,6.0,11.0,1.5409,1.5409,0.0,100.0
MAHABUBNAGAR,KALWAKURTHY,0720001,Velkatta,Groundnut,Healthy,1,1,0,1,0,0,0,0,0.0,25.0,22.0,2.0,11.0,0.4113,0.4113,0.0,100.0
MAHABUBNAGAR,KALWAKURTHY,0720003,Jeedipalle,Groundnut,Pests,2,2,0,0,0,0,2,2,0.9,29.5,39.0,2.0,13.5,1.8143,3.6286,100.0,100.0
MAHABUBNAGAR,KALWAKURTHY,0720009,Thotapalle,Groundnut,Healthy,2,2,0,2,0,0,0,0,0.0,35.0,36.5,3.5,13.0,0.3208,0.6416,0.0,100.0
MAHABUBNAGAR,KALWAKURTHY,0720009,Thotapalle,Groundnut,Pests,1,1,0,0,0,0,1,1,0.9,33.0,32.0,3.0,13.0,0.6845,0.6845,100.0,100.0
MAHABUBNAGAR,KOILKONDA,0707001,Vinjamur,Groundnut,Diseased,1,1,0,0,0,1,0,1,0.8,32.0,34.0,4.0,13.0,0.4532,0.4532,100.0,100.0
MAHABUBNAGAR,KOILKONDA,0707001,Vinjamur,Groundnut,Healthy,23,23,0,23,0,0,0,0,0.0,28.7391,35.3043,2.2174,11.6522,0.2712,6.2375,0.0,100.0
MAHABUBNAGAR,KOILKONDA,0707001,Vinjamur,Groundnut,Pests,2,2,0,0,0,0,2,2,0.9,29.5,39.5,1.0,11.5,0.1131,0.2262,100.0,100.0
MAHABUBNAGAR,KOILKONDA,0707001,Vinjamur,Groundnut,Stressed,1,1,0,0,1,0,0,1,0.5,23.0,24.0,4.0,10.0,0.2595,0.2595,100.0,100.0
MAHABUBNAGAR,KOILKONDA,0707002,Kushmohmedpalle,Groundnut,Healthy,8,8,0,8,0,0,0,0,0.0,31.25,34.375,2.625,12.25,0.196,1.5681,0.0,100.0
MAHABUBNAGAR,KOILKONDA,0707002,Kushmohmedpalle,Groundnut,Pests,1,1,0,0,0,0,1,1,0.9,24.0,26.0,4.0,11.0,0.0928,0.0928,100.0,100.0
MAHABUBNAGAR,KOILKONDA,0707003,Yellareddipalle,Groundnut,Healthy,1,1,0,1,0,0,0,0,0.0,28.0,38.0,1.0,14.0,0.4126,0.4126,0.0,100.0
MAHABUBNAGAR,KOILKONDA,0707004,Modipur,Cotton,Healthy,2,2,0,2,0,0,0,0,0.0,84.5,55.0,4.5,11.5,0.2857,0.5714,0.0,100.0
MAHABUBNAGAR,KOILKONDA,0707004,Modipur,Cotton,Stressed,1,1,0,0,1,0,0,1,0.5,112.0,58.0,5.0,10.0,0.2344,0.2344,100.0,100.0
MAHABUBNAGAR,KOILKONDA,0707004,Modipur,Groundnut,Diseased,1,1,0,0,0,1,0,1,0.8,32.0,43.0,2.0,15.0,0.3571,0.3571,100.0,100.0
MAHABUBNAGAR,KOILKONDA,0707004,Modipur,Groundnut,Healthy,11,11,0,11,0,0,0,0,0.0,31.0,36.6364,2.7273,12.0909,0.4162,4.5787,0.0,100.0
MAHABUBNAGAR,KOILKONDA,0707004,Modipur,Paddy,Healthy,1,1,0,1,0,0,0,0,0.0,87.0,90.0,4.0,20.0,0.2586,0.2586,0.0,100.0
MAHABUBNAGAR,KOILKONDA,0707007,Suraram,Cotton,Healthy,1,1,0,1,0,0,0,0,0.0,83.0,40.0,5.0,15.0,0.2133,0.2133,0.0,100.0
MAHABUBNAGAR,KOILKONDA,0707007,Suraram,Groundnut,Diseased,1,1,0,0,0,1,0,1,0.8,31.0,27.0,3.0,13.0,0.1472,0.1472,100.0,100.0
MAHABUBNAGAR,KOILKONDA,0707007,Suraram,Groundnut,Healthy,17,17,0,17,0,0,0,0,0.0,31.0588,31.7647,2.8824,12.2941,0.1746,2.969,0.0,100.0
MAHABUBNAGAR,KOILKONDA,0707007,Suraram,Groundnut,Pests,2,2,0,0,0,0,2,2,0.9,29.0,39.5,1.5,10.5,0.2132,0.4264,100.0,100.0
MAHABUBNAGAR,KOILKONDA,0707007,Suraram,Groundnut,Stressed,1,1,0,0,1,0,0,1,0.5,34.0,28.0,2.0,14.0,0.0679,0.0679,100.0,100.0
MAHABUBNAGAR,KOILKONDA,0707008,Mallapur,Groundnut,Healthy,3,3,0,3,0,0,0,0,0.0,28.3333,33.3333,2.3333,11.6667,0.1483,0.4449,0.0,100.0
MAHABUBNAGAR,KOILKONDA,0707009,Kothlavad,Cotton,Healthy,1,1,0,1,0,0,0,0,0.0,113.0,60.0,3.0,15.0,0.5575,0.5575,0.0,100.0
MAHABUBNAGAR,KOILKONDA,0707009,Kothlavad,Groundnut,,1,0,1,0,0,0,0,0,,32.0,35.0,2.0,14.0,0.1009,0.1009,,0.0
MAHABUBNAGAR,KOILKONDA,0707009,Kothlavad,Groundnut,Healthy,3,3,0,3,0,0,0,0,0.0,31.6667,27.3333,2.3333,12.3333,0.1217,0.3651,0.0,100.0
MAHABUBNAGAR,KOILKONDA,0707010,Burgupalle,Cotton,Healthy,3,3,0,3,0,0,0,0,0.0,87.3333,51.3333,3.6667,12.6667,0.5915,1.7744,0.0,100.0
MAHABUBNAGAR,KOILKONDA,0707010,Burgupalle,Groundnut,Healthy,5,5,0,5,0,0,0,0,0.0,33.0,36.0,1.6,11.8,0.2063,1.0316,0.0,100.0
MAHABUBNAGAR,KOILKONDA,0707010,Burgupalle,Groundnut,Pests,1,1,0,0,0,0,1,1,0.9,36.0,40.0,2.0,12.0,0.2138,0.2138,100.0,100.0
MAHABUBNAGAR,KOILKONDA,0707010,Burgupalle,Groundnut,Stressed,1,1,0,0,1,0,0,1,0.5,40.0,32.0,2.0,15.0,0.2954,0.2954,100.0,100.0
MAHABUBNAGAR,KOILKONDA,0707011,Chandraspalle,Cotton,Healthy,2,2,0,2,0,0,0,0,0.0,87.0,50.0,3.5,10.0,0.2103,0.4207,0.0,100.0
MAHABUBNAGAR,KOILKONDA,0707011,Chandraspalle,Groundnut,Healthy,6,6,0,6,0,0,0,0,0.0,29.5,32.6667,2.6667,12.8333,0.5422,3.2532,0.0,100.0
MAHABUBNAGAR,KOILKONDA,0707011,Chandraspalle,Maize,Diseased,1,1,0,0,0,1,0,1,0.8,164.0,47.0,3.0,20.0,0.2648,0.2648,100.0,100.0
MAHABUBNAGAR,KOILKONDA,0707012,Thirumalampalle,Cotton,Healthy,2,2,0,2,0,0,0,0,0.0,86.0,51.5,4.5,13.0,0.3845,0.769,0.0,100.0
MAHABUBNAGAR,KOILKONDA,0707012,Thirumalampalle,Groundnut,Healthy,2,2,0,2,0,0,0,0,0.0,32.0,30.5,3.5,13.0,1.3338,2.6676,0.0,100.0
MAHABUBNAGAR,KOILKONDA,0707013,Chanmanpalle,Cotton,Healthy,1,1,0,1,0,0,0,0,0.0,78.0,56.0,6.0,14.0,0.1162,0.1162,0.0,100.0
MAHABUBNAGAR,KOILKONDA,0707013,Chanmanpalle,Groundnut,Healthy,1,1,0,1,0,0,0,0,0.0,38.0,37.0,4.0,15.0,0.0971,0.0971,0.0,100.0
MAHABUBNAGAR,KOILKONDA,0707014,Kannaipalle,Groundnut,Healthy,1,1,0,1,0,0,0,0,0.0,40.0,33.0,1.0,11.0,0.1029,0.1029,0.0,100.0
MAHABUBNAGAR,KOILKONDA,0707015,Lingupalle,Cotton,Healthy,1,1,0,1,0,0,0,0,0.0,106.0,60.0,2.0,11.0,0.2552,0.2552,0.0,100.0
MAHABUBNAGAR,KOILKONDA,0707015,Lingupalle,Groundnut,Diseased,2,2,0,0,0,2,0,2,0.8,28.5,37.5,1.5,12.0,0.1945,0.3891,100.0,100.0
MAHABUBNAGAR,KOILKONDA,0707015,Lingupalle,Groundnut,Healthy,2,2,0,2,0,0,0,0,0.0,30.0,32.5,2.5,13.0,0.6369,1.2738,0.0,100.0
MAHABUBNAGAR,KOILKONDA,0707015,Lingupalle,Groundnut,Pests,1,1,0,0,0,0,1,1,0.9,26.0,40.0,2.0,13.0,0.1827,0.1827,100.0,100.0
MAHABUBNAGAR,KOILKONDA,0707016,Parpalle,Groundnut,Pests,1,1,0,0,0,0,1,1,0.9,26.0,29.0,3.0,13.0,0.3364,0.3364,100.0,100.0
MAHABUBNAGAR,KOILKONDA,0707017,Veerampalle,Cotton,Healthy,1,1,0,1,0,0,0,0,0.0,108.0,42.0,6.0,15.0,0.1806,0.1806,0.0,100.0
MAHABUBNAGAR,KOILKONDA,0707023,Ankilla,Groundnut,Healthy,5,5,0,5,0,0,0,0,0.0,27.6,34.8,2.6,12.4,0.2381,1.1904,0.0,100.0
MAHABUBNAGAR,KOILKONDA,0707028,Koilkonda,Groundnut,Healthy,4,4,0,4,0,0,0,0,0.0,28.75,37.5,1.75,11.75,0.3628,1.4512,0.0,100.0
MAHABUBNAGAR,KOILKONDA,0707028,Koilkonda,Groundnut,Stressed,1,1,0,0,1,0,0,1,0.5,33.0,36.0,4.0,12.0,0.5875,0.5875,100.0,100.0
MAHABUBNAGAR,KOILKONDA,0707030,Kesavapur,Groundnut,Healthy,1,1,0,1,0,0,0,0,0.0,21.0,41.0,1.0,12.0,0.2614,0.2614,0.0,100.0
MAHABUBNAGAR,KOILKONDA,0707033,Rampur,Groundnut,Healthy,1,1,0,1,0,0,0,0,0.0,23.0,32.0,2.0,12.0,1.3514,1.3514,0.0,100.0
MAHABUBNAGAR,KOILKONDA,0707034,Abhangapatnam,Groundnut,Healthy,2,2,0,2,0,0,0,0,0.0,26.0,46.5,2.5,12.5,0.3672,0.7343,0.0,100.0
MAHABUBNAGAR,KOILKONDA,0707035,Garlapad,Groundnut,Healthy,4,4,0,4,0,0,0,0,0.0,33.25,36.75,3.0,12.0,0.3277,1.3109,0.0,100.0
MAHABUBNAGAR,KOILKONDA,0707036,Manikonda,Groundnut,Healthy,12,12,0,12,0,0,0,0,0.0,32.75,33.1667,2.25,12.1667,0.4389,5.2669,0.0,100.0
MAHABUBNAGAR,KOILKONDA,0707037,Perkiweedu,Groundnut,Diseased,1,1,0,0,0,1,0,1,0.8,21.0,28.0,3.0,14.0,0.2817,0.2817,100.0,100.0
MAHABUBNAGAR,KOILKONDA,0707037,Perkiweedu,Groundnut,Healthy,4,4,0,4,0,0,0,0,0.0,31.5,37.25,3.25,12.5,0.1,0.3999,0.0,100.0
MAHABUBNAGAR,KOILKONDA,0707037,Perkiweedu,Groundnut,Pests,1,1,0,0,0,0,1,1,0.9,31.0,41.0,2.0,14.0,0.0587,0.0587,100.0,100.0
MAHABUBNAGAR,KOSGI,0703008,Kosgi,Groundnut,Healthy,3,3,0,3,0,0,0,0,0.0,32.0,32.3333,2.6667,13.6667,0.5237,1.5712,0.0,100.0
MAHABUBNAGAR,KOSGI,0703008,Kosgi,Red Gram,Healthy,1,1,0,1,0,0,0,0,0.0,85.0,26.0,3.0,8.0,1.2238,1.2238,0.0,100.0
MAHABUBNAGAR,KOSGI,0703011,Mushrifa,Red Gram,Healthy,1,1,0,1,0,0,0,0,0.0,97.0,45.0,2.0,9.0,0.2658,0.2658,0.0,100.0
MAHABUBNAGAR,KOSGI,0703015,Kadampalle,Groundnut,Healthy,3,3,0,3,0,0,0,0,0.0,32.3333,32.3333,3.0,13.0,1.0223,3.067,0.0,100.0
MAHABUBNAGAR,KOSGI,0703015,Kadampalle,Red Gram,Stressed,1,1,0,0,1,0,0,1,0.5,104.0,34.0,3.0,9.0,0.9589,0.9589,100.0,100.0
MAHABUBNAGAR,KOSGI,0703017,Sarangaraopalle,Groundnut,,3,0,3,0,0,0,0,0,,25.3333,28.6667,2.0,13.3333,0.5891,1.7672,,0.0
MAHABUBNAGAR,KOSGI,0703018,Bhogaram,Groundnut,Diseased,1,1,0,0,0,1,0,1,0.8,23.0,25.0,4.0,15.0,0.7994,0.7994,100.0,100.0
MAHABUBNAGAR,KOSGI,0703018,Bhogaram,Groundnut,Healthy,1,1,0,1,0,0,0,0,0.0,31.0,33.0,1.0,15.0,1.5421,1.5421,0.0,100.0
MAHABUBNAGAR,KOSGI,0703018,Bhogaram,Groundnut,Pests,2,2,0,0,0,0,2,2,0.9,32.5,34.5,2.5,10.5,0.7763,1.5526,100.0,100.0
MAHABUBNAGAR,KOSGI,0703022,Gundmal,Cotton,,4,0,4,0,0,0,0,0,,87.25,48.5,4.25,12.25,0.3445,1.3779,,0.0
MAHABUBNAGAR,KOSGI,0703022,Gundmal,Groundnut,,6,0,6,0,0,0,0,0,,33.5,38.8333,1.5,14.1667,0.5765,3.4592,,0.0
MAHABUBNAGAR,KOSGI,0703022,Gundmal,Paddy,,2,0,2,0,0,0,0,0,,71.5,90.0,5.0,18.0,0.4254,0.8507,,0.0
MAHABUBNAGAR,KOSGI,0703022,Gundmal,Red Gram,,1,0,1,0,0,0,0,0,,98.0,30.0,3.0,10.0,0.174,0.174,,0.0
MAHABUBNAGAR,MADDUR,0706004,Jadavaraopalle,Cotton,,2,0,2,0,0,0,0,0,,113.5,48.0,2.5,12.5,0.4756,0.9512,,0.0
MAHABUBNAGAR,MADDUR,0706004,Jadavaraopalle,Groundnut,,3,0,3,0,0,0,0,0,,31.0,34.0,1.6667,13.0,0.5102,1.5307,,0.0
MAHABUBNAGAR,MADDUR,0706004,Jadavaraopalle,Red Gram,,1,0,1,0,0,0,0,0,,53.0,32.0,2.0,9.0,0.4819,0.4819,,0.0
MAHABUBNAGAR,MADDUR,0706005,Pallerla,Red Gram,,2,0,2,0,0,0,0,0,,87.0,32.0,3.0,10.0,0.603,1.2061,,0.0
MAHABUBNAGAR,MADDUR,0706007,Damaganpuram,Red Gram,,3,0,3,0,0,0,0,0,,68.6667,30.0,1.3333,10.0,0.2434,0.7302,,0.0
MAHABUBNAGAR,MADDUR,0706008,Kajipuram,Cotton,,1,0,1,0,0,0,0,0,,75.0,47.0,3.0,11.0,0.2284,0.2284,,0.0
MAHABUBNAGAR,MADDUR,0706008,Kajipuram,Paddy,,1,0,1,0,0,0,0,0,,74.0,84.0,3.0,15.0,0.2361,0.2361,,0.0
MAHABUBNAGAR,MADDUR,0706009,Nagireddipalle,Red Gram,,1,0,1,0,0,0,0,0,,58.0,33.0,1.0,10.0,0.6185,0.6185,,0.0
MAHABUBNAGAR,MADDUR,0706010,Chintaldinne,Cotton,,1,0,1,0,0,0,0,0,,114.0,59.0,3.0,13.0,0.4524,0.4524,,0.0
MAHABUBNAGAR,MADDUR,0706011,Dorepalle,Cotton,,1,0,1,0,0,0,0,0,,68.0,43.0,2.0,10.0,0.357,0.357,,0.0
MAHABUBNAGAR,MADDUR,0706011,Dorepalle,Groundnut,,29,0,29,0,0,0,0,0,,29.8621,35.7931,2.2414,12.4138,0.3879,11.2502,,0.0
MAHABUBNAGAR,MADDUR,0706011,Dorepalle,Paddy,,2,0,2,0,0,0,0,0,,78.5,92.5,6.0,16.5,0.2907,0.5814,,0.0
MAHABUBNAGAR,MADDUR,0706011,Dorepalle,Red Gram,,5,0,5,0,0,0,0,0,,64.8,36.6,2.6,8.8,0.2774,1.3872,,0.0
MAHABUBNAGAR,MADDUR,0706012,Maddur,Chillies,,1,0,1,0,0,0,0,0,,57.0,43.0,2.0,9.0,0.4109,0.4109,,0.0
MAHABUBNAGAR,MADDUR,0706012,Maddur,Cotton,,10,0,10,0,0,0,0,0,,85.9,53.1,4.0,12.4,0.3746,3.7457,,0.0
MAHABUBNAGAR,MADDUR,0706012,Maddur,Groundnut,,24,0,24,0,0,0,0,0,,29.8333,38.375,2.6667,12.5417,0.4621,11.0913,,0.0
MAHABUBNAGAR,MADDUR,0706012,Maddur,Red Gram,,8,0,8,0,0,0,0,0,,79.125,32.0,2.625,9.0,0.2995,2.3959,,0.0
MAHABUBNAGAR,MADDUR,0706013,Pedripahad,Groundnut,Healthy,2,2,0,2,0,0,0,0,0.0,34.0,33.5,2.5,13.0,0.9069,1.8138,0.0,100.0
MAHABUBNAGAR,MADDUR,0706013,Pedripahad,Groundnut,Pests,1,1,0,0,0,0,1,1,0.9,29.0,47.0,2.0,15.0,0.3449,0.3449,100.0,100.0
MAHABUBNAGAR,MADDUR,0706013,Pedripahad,Red Gram,,1,0,1,0,0,0,0,0,,36.0,20.0,3.0,11.0,0.3466,0.3466,,0.0
MAHABUBNAGAR,MADDUR,0706014,Renvatla,Groundnut,,6,0,6,0,0,0,0,0,,32.5,36.0,2.6667,13.1667,0.5212,3.1273,,0.0
MAHABUBNAGAR,MADDUR,0706014,Renvatla,Paddy,,1,0,1,0,0,0,0,0,,89.0,86.0,5.0,15.0,0.4107,0.4107,,0.0
MAHABUBNAGAR,MADDUR,0706015,Nidjinta,Cotton,Healthy,1,1,0,1,0,0,0,0,0.0,73.0,59.0,6.0,14.0,0.6191,0.6191,0.0,100.0
MAHABUBNAGAR,MADDUR,0706015,Nidjinta,Groundnut,Diseased,1,1,0,0,0,1,0,1,0.8,38.0,27.0,1.0,13.0,0.2913,0.2913,100.0,100.0
MAHABUBNAGAR,MADDUR,0706015,Nidjinta,Paddy,Healthy,2,2,0,2,0,0,0,0,0.0,89.0,90.5,4.0,16.0,0.4728,0.9456,0.0,100.0
MAHABUBNAGAR,MADDUR,0706015,Nidjinta,Red Gram,Healthy,3,3,0,3,0,0,0,0,0.0,83.3333,35.3333,1.6667,9.3333,0.718,2.1539,0.0,100.0
MAHABUBNAGAR,MADDUR,0706015,Nidjinta,Red Gram,Pests,1,1,0,0,0,0,1,1,0.9,44.0,21.0,1.0,12.0,0.6571,0.6571,100.0,100.0
MAHABUBNAGAR,MADDUR,0706016,Kothapalle,Cotton,Healthy,1,1,0,1,0,0,0,0,0.0,68.0,45.0,4.0,10.0,0.4236,0.4236,0.0,100.0
MAHABUBNAGAR,MADDUR,0706016,Kothapalle,Groundnut,Diseased,1,1,0,0,0,1,0,1,0.8,22.0,35.0,1.0,15.0,0.453,0.453,100.0,100.0
MAHABUBNAGAR,MADDUR,0706016,Kothapalle,Groundnut,Healthy,3,3,0,3,0,0,0,0,0.0,30.0,32.6667,2.3333,13.3333,0.4597,1.3792,0.0,100.0
MAHABUBNAGAR,MADDUR,0706016,Kothapalle,Groundnut,Pests,2,2,0,0,0,0,2,2,0.9,25.0,44.0,1.0,11.5,0.2884,0.5768,100.0,100.0
MAHABUBNAGAR,MADDUR,0706016,Kothapalle,Groundnut,Stressed,1,1,0,0,1,0,0,1,0.5,32.0,20.0,4.0,13.0,0.4946,0.4946,100.0,100.0
MAHABUBNAGAR,MADDUR,0706016,Kothapalle,Paddy,Healthy,1,1,0,1,0,0,0,0,0.0,56.0,87.0,4.0,17.0,0.5927,0.5927,0.0,100.0
MAHABUBNAGAR,MADDUR,0706017,Mannapur,Groundnut,Healthy,2,2,0,2,0,0,0,0,0.0,26.5,34.0,1.5,11.0,0.4787,0.9574,0.0,100.0
MAHABUBNAGAR,MADDUR,0706017,Mannapur,Red Gram,Stressed,1,1,0,0,1,0,0,1,0.5,76.0,35.0,3.0,12.0,0.3499,0.3499,100.0,100.0
MAHABUBNAGAR,MADDUR,0706018,Kommur,Cotton,,1,0,1,0,0,0,0,0,,105.0,50.0,2.0,11.0,0.4899,0.4899,,0.0
MAHABUBNAGAR,MADDUR,0706020,Peddapur,Groundnut,Diseased,1,1,0,0,0,1,0,1,0.8,23.0,36.0,1.0,12.0,0.0719,0.0719,100.0,100.0
MAHABUBNAGAR,MADDUR,0706020,Peddapur,Groundnut,Healthy,3,3,0,3,0,0,0,0,0.0,28.0,39.6667,3.0,15.0,0.0438,0.1315,0.0,100.0
MAHABUBNAGAR,MADDUR,0706020,Peddapur,Groundnut,Pests,1,1,0,0,0,0,1,1,0.9,21.0,34.0,4.0,15.0,0.1245,0.1245,100.0,100.0
MAHABUBNAGAR,MADDUR,0706022,Nandigam,Cotton,Healthy,1,1,0,1,0,0,0,0,0.0,109.0,47.0,2.0,10.0,0.7657,0.7657,0.0,100.0
MAHABUBNAGAR,MADDUR,0706022,Nandigam,Groundnut,Healthy,4,4,0,4,0,0,0,0,0.0,37.0,40.5,1.75,12.5,0.4383,1.7532,0.0,100.0
MAHABUBNAGAR,MADDUR,0706022,Nandigam,Red Gram,Healthy,1,1,0,1,0,0,0,0,0.0,44.0,29.0,1.0,9.0,0.2406,0.2406,0.0,100.0
MAHABUBNAGAR,MADDUR,0706023,Thimmareddipalle,Groundnut,Healthy,1,1,0,1,0,0,0,0,0.0,22.0,25.0,1.0,13.0,1.5469,1.5469,0.0,100.0
MAHABUBNAGAR,MADDUR,0706025,Allipur,Paddy,Healthy,5,5,0,5,0,0,0,0,0.0,71.6,86.0,4.2,16.8,0.3522,1.7609,0.0,100.0
MAHABUBNAGAR,MADDUR,0706026,Duppatghat,Cotton,Healthy,1,1,0,1,0,0,0,0,0.0,105.0,44.0,3.0,14.0,0.5307,0.5307,0.0,100.0
MAHABUBNAGAR,MADDUR,0706026,Duppatghat,Paddy,Pests,1,1,0,0,0,0,1,1,0.9,66.0,86.0,4.0,16.0,1.2248,1.2248,100.0,100.0
MAHABUBNAGAR,MADDUR,0706029,Mominapur,Cotton,,1,0,1,0,0,0,0,0,,89.0,52.0,5.0,12.0,0.3595,0.3595,,0.0
MAHABUBNAGAR,MADDUR,0706029,Mominapur,Groundnut,,7,0,7,0,0,0,0,0,,31.1429,31.2857,2.8571,13.1429,0.4861,3.4027,,0.0
MAHABUBNAGAR,MADDUR,0706029,Mominapur,Red Gram,,1,0,1,0,0,0,0,0,,50.0,33.0,2.0,10.0,0.2425,0.2425,,0.0
MAHABUBNAGAR,MADDUR,0706030,Chenreddipalle,Cotton,,5,0,5,0,0,0,0,0,,91.4,47.4,4.2,12.2,0.3862,1.9311,,0.0
MAHABUBNAGAR,MADDUR,0706030,Chenreddipalle,Groundnut,,5,0,5,0,0,0,0,0,,31.2,38.8,2.8,12.0,0.3848,1.924,,0.0
MAHABUBNAGAR,MADDUR,0706030,Chenreddipalle,Paddy,,1,0,1,0,0,0,0,0,,98.0,92.0,5.0,19.0,0.3125,0.3125,,0.0
MAHABUBNAGAR,MAHBUBNAGAR,0725002,Boyapalle (Rural),Paddy,Diseased,1,1,0,0,0,1,0,1,0.8,80.0,84.0,4.0,19.0,0.1063,0.1063,100.0,100.0
MAHABUBNAGAR,MAHBUBNAGAR,0725002,Boyapalle (Rural),Paddy,Healthy,7,7,0,7,0,0,0,0,0.0,61.4286,89.1429,4.2857,17.4286,0.135,0.9449,0.0,100.0
MAHABUBNAGAR,MAHBUBNAGAR,0725002,Boyapalle (Rural),Paddy,Stressed,3,3,0,0,3,0,0,3,0.5,64.3333,90.0,5.6667,17.0,0.2024,0.6073,100.0,100.0
MAHABUBNAGAR,MAHBUBNAGAR,0725003,Zainallipur,Paddy,Healthy,1,1,0,1,0,0,0,0,0.0,86.0,98.0,6.0,18.0,0.0776,0.0776,0.0,100.0
MAHABUBNAGAR,MAHBUBNAGAR,0725005,Yerravalli,Paddy,Healthy,1,1,0,1,0,0,0,0,0.0,72.0,85.0,4.0,16.0,0.0473,0.0473,0.0,100.0
MAHABUBNAGAR,MAHBUBNAGAR,0725006,Yedira,Paddy,Healthy,1,1,0,1,0,0,0,0,0.0,72.0,83.0,3.0,16.0,0.4375,0.4375,0.0,100.0
MAHABUBNAGAR,MAHBUBNAGAR,0725007,Yenugonda (Rural),Paddy,Healthy,4,4,0,4,0,0,0,0,0.0,80.0,90.0,4.75,18.25,0.2162,0.8649,0.0,100.0
MAHABUBNAGAR,MAHBUBNAGAR,0725007,Yenugonda (Rural),Paddy,Stressed,1,1,0,0,1,0,0,1,0.5,77.0,99.0,3.0,19.0,0.1651,0.1651,100.0,100.0
MAHABUBNAGAR,MAHBUBNAGAR,0725012,Machanpalle,Groundnut,Healthy,1,1,0,1,0,0,0,0,0.0,33.0,21.0,3.0,10.0,1.3414,1.3414,0.0,100.0
MAHABUBNAGAR,MAHBUBNAGAR,0725016,Kadur,Paddy,Pests,1,1,0,0,0,0,1,1,0.9,54.0,86.0,3.0,15.0,1.1102,1.1102,100.0,100.0
MAHABUBNAGAR,MIDJIL,0721002,Kothapalle,Cotton,Diseased,1,1,0,0,0,1,0,1,0.8,79.0,55.0,4.0,14.0,3.03,3.03,100.0,100.0
MAHABUBNAGAR,MIDJIL,0721002,Kothapalle,Cotton,Healthy,1,1,0,1,0,0,0,0,0.0,114.0,56.0,3.0,10.0,2.1911,2.1911,0.0,100.0
MAHABUBNAGAR,MIDJIL,0721003,Chiluveru,Paddy,Healthy,1,1,0,1,0,0,0,0,0.0,100.0,94.0,6.0,18.0,0.4303,0.4303,0.0,100.0
MAHABUBNAGAR,MIDJIL,0721004,Vaspula,Groundnut,Healthy,1,1,0,1,0,0,0,0,0.0,23.0,38.0,1.0,14.0,0.4671,0.4671,0.0,100.0
MAHABUBNAGAR,MIDJIL,0721005,Chedughattu,Cotton,Healthy,1,1,0,1,0,0,0,0,0.0,64.0,58.0,3.0,15.0,0.5037,0.5037,0.0,100.0
MAHABUBNAGAR,MIDJIL,0721006,Kanchanpalle,Groundnut,Healthy,1,1,0,1,0,0,0,0,0.0,29.0,39.0,3.0,14.0,1.4899,1.4899,0.0,100.0
MAHABUBNAGAR,MIDJIL,0721007,Donur,Cotton,Healthy,2,2,0,2,0,0,0,0,0.0,91.5,46.0,4.0,13.0,0.9974,1.9949,0.0,100.0
MAHABUBNAGAR,MIDJIL,0721007,Donur,Groundnut,Healthy,7,7,0,7,0,0,0,0,0.0,31.2857,34.0,1.8571,12.4286,0.2917,2.0417,0.0,100.0
MAHABUBNAGAR,MIDJIL,0721008,Singamdoddi,Groundnut,Healthy,2,2,0,2,0,0,0,0,0.0,26.0,22.0,1.0,13.5,0.2447,0.4895,0.0,100.0
MAHABUBNAGAR,MIDJIL,0721009,Masigundlapalle,Groundnut,Diseased,1,1,0,0,0,1,0,1,0.8,34.0,31.0,1.0,12.0,0.3617,0.3617,100.0,100.0
MAHABUBNAGAR,MIDJIL,0721009,Masigundlapalle,Groundnut,Healthy,3,3,0,3,0,0,0,0,0.0,31.3333,31.0,2.0,12.3333,0.433,1.2991,0.0,100.0
MAHABUBNAGAR,MIDJIL,0721010,Vemula,Groundnut,Healthy,4,4,0,4,0,0,0,0,0.0,28.75,34.0,2.0,12.5,0.8106,3.2425,0.0,100.0
MAHABUBNAGAR,MIDJIL,0721012,Ramreddipalle,Cotton,Healthy,4,4,0,4,0,0,0,0,0.0,99.0,47.5,3.75,14.0,0.5595,2.2379,0.0,100.0
MAHABUBNAGAR,MIDJIL,0721013,Bommarasipalle,Cotton,Healthy,2,2,0,2,0,0,0,0,0.0,104.5,50.0,3.0,15.0,1.3249,2.6499,0.0,100.0
MAHABUBNAGAR,MIDJIL,0721014,Jakanalapalle,Cotton,Healthy,1,1,0,1,0,0,0,0,0.0,91.0,51.0,5.0,13.0,3.2494,3.2494,0.0,100.0
MAHABUBNAGAR,MIDJIL,0721014,Jakanalapalle,Groundnut,Healthy,1,1,0,1,0,0,0,0,0.0,35.0,22.0,4.0,11.0,0.0388,0.0388,0.0,100.0
MAHABUBNAGAR,MIDJIL,0721015,Ippaipahad,Groundnut,Healthy,1,1,0,1,0,0,0,0,0.0,30.0,21.0,3.0,12.0,0.39,0.39,0.0,100.0
MAHABUBNAGAR,MIDJIL,0721016,Urkondapeta,Groundnut,Healthy,4,4,0,4,0,0,0,0,0.0,24.0,30.75,2.75,11.75,0.5373,2.1493,0.0,100.0
MAHABUBNAGAR,MIDJIL,0721017,Narsampalle,Groundnut,Healthy,1,1,0,1,0,0,0,0,0.0,26.0,40.0,1.0,15.0,0.1537,0.1537,0.0,100.0
MAHABUBNAGAR,MIDJIL,0721019,Revally,Paddy,Healthy,2,2,0,2,0,0,0,0,0.0,75.0,93.0,4.5,17.5,1.0106,2.0213,0.0,100.0
MAHABUBNAGAR,MIDJIL,0721020,Boinpalle,Groundnut,Healthy,2,2,0,2,0,0,0,0,0.0,30.5,41.0,3.5,13.5,0.4667,0.9334,0.0,100.0
MAHABUBNAGAR,MIDJIL,0721020,Boinpalle,Paddy,Healthy,1,1,0,1,0,0,0,0,0.0,57.0,81.0,4.0,20.0,1.8201,1.8201,0.0,100.0
MAHABUBNAGAR,MIDJIL,0721022,Wadiyal,Groundnut,Healthy,1,1,0,1,0,0,0,0,0.0,21.0,41.0,2.0,12.0,0.1639,0.1639,0.0,100.0
MAHABUBNAGAR,MIDJIL,0721024,Velugommula,Paddy,Diseased,1,1,0,0,0,1,0,1,0.8,54.0,80.0,3.0,17.0,1.5221,1.5221,100.0,100.0
MAHABUBNAGAR,MIDJIL,0721024,Velugommula,Paddy,Healthy,1,1,0,1,0,0,0,0,0.0,82.0,94.0,6.0,15.0,1.0127,1.0127,0.0,100.0
MAHABUBNAGAR,MIDJIL,0721025,Kothur,Groundnut,Diseased,2,2,0,0,0,2,0,2,0.8,36.5,33.0,1.5,12.5,0.3644,0.7287,100.0,100.0
MAHABUBNAGAR,MIDJIL,0721025,Kothur,Groundnut,Healthy,5,5,0,5,0,0,0,0,0.0,33.6,28.8,2.0,11.8,0.3027,1.5133,0.0,100.0
MAHABUBNAGAR,MIDJIL,0721025,Kothur,Groundnut,Pests,1,1,0,0,0,0,1,1,0.9,31.0,38.0,2.0,12.0,0.2889,0.2889,100.0,100.0
MAHABUBNAGAR,MIDJIL,0721025,Kothur,Groundnut,Stressed,2,2,0,0,2,0,0,2,0.5,30.5,33.5,3.0,14.5,0.284,0.568,100.0,100.0
MAHABUBNAGAR,MIDJIL,0721027,Madharam,Groundnut,Diseased,1,1,0,0,0,1,0,1,0.8,25.0,24.0,2.0,14.0,0.472,0.472,100.0,100.0
MAHABUBNAGAR,MIDJIL,0721027,Madharam,Groundnut,Healthy,4,4,0,4,0,0,0,0,0.0,35.0,37.5,2.25,11.75,1.3593,5.437,0.0,100.0
MAHABUBNAGAR,MIDJIL,0721028,Rachalapalle,Groundnut,Healthy,1,1,0,1,0,0,0,0,0.0,33.0,46.0,4.0,10.0,2.8653,2.8653,0.0,100.0
MAHABUBNAGAR,MIDJIL,0721028,Rachalapalle,Paddy,Healthy,3,3,0,3,0,0,0,0,0.0,65.0,90.6667,4.3333,18.0,0.1751,0.5252,0.0,100.0
MAHABUBNAGAR,NARAYANPET,0729006,Perapalla,Groundnut,Healthy,2,2,0,2,0,0,0,0,0.0,32.0,38.0,1.5,13.0,0.8697,1.7395,0.0,100.0
MAHABUBNAGAR,NARAYANPET,0729006,Perapalla,Red Gram,Healthy,1,1,0,1,0,0,0,0,0.0,73.0,50.0,2.0,9.0,0.5991,0.5991,0.0,100.0
MAHABUBNAGAR,NARAYANPET,0729008,Singar,Paddy,Healthy,1,1,0,1,0,0,0,0,0.0,69.0,99.0,4.0,19.0,0.8463,0.8463,0.0,100.0
MAHABUBNAGAR,NARAYANPET,0729008,Singar,Red Gram,Healthy,1,1,0,1,0,0,0,0,0.0,93.0,24.0,1.0,8.0,1.6183,1.6183,0.0,100.0
MAHABUBNAGAR,NARAYANPET,0729009,Kavarampalle,Cotton,Healthy,1,1,0,1,0,0,0,0,0.0,62.0,53.0,5.0,10.0,1.4644,1.4644,0.0,100.0
MAHABUBNAGAR,NARAYANPET,0729011,Jajapur,Cotton,Diseased,1,1,0,0,0,1,0,1,0.8,102.0,42.0,4.0,15.0,1.4234,1.4234,100.0,100.0
MAHABUBNAGAR,NARAYANPET,0729011,Jajapur,Cotton,Healthy,3,3,0,3,0,0,0,0,0.0,108.0,56.6667,4.6667,12.3333,0.7471,2.2414,0.0,100.0
MAHABUBNAGAR,NARAYANPET,0729011,Jajapur,Paddy,Healthy,1,1,0,1,0,0,0,0,0.0,81.0,98.0,3.0,15.0,1.2055,1.2055,0.0,100.0
MAHABUBNAGAR,NARAYANPET,0729014,Appakapalle,Paddy,Healthy,2,2,0,2,0,0,0,0,0.0,60.5,83.0,4.5,17.5,0.4282,0.8564,0.0,100.0
MAHABUBNAGAR,NARAYANPET,0729015,Ammireddipalle,Cotton,Healthy,1,1,0,1,0,0,0,0,0.0,100.0,45.0,6.0,12.0,0.3455,0.3455,0.0,100.0
MAHABUBNAGAR,NARAYANPET,0729015,Ammireddipalle,Groundnut,Diseased,1,1,0,0,0,1,0,1,0.8,21.0,50.0,4.0,11.0,0.9548,0.9548,100.0,100.0
MAHABUBNAGAR,NARAYANPET,0729015,Ammireddipalle,Groundnut,Healthy,1,1,0,1,0,0,0,0,0.0,40.0,38.0,2.0,10.0,0.3407,0.3407,0.0,100.0
MAHABUBNAGAR,NARAYANPET,0729018,Abhangapur,Groundnut,,3,0,3,0,0,0,0,0,,29.0,36.3333,2.6667,12.0,0.369,1.1069,,0.0
MAHABUBNAGAR,NARAYANPET,0729018,Abhangapur,Groundnut,Healthy,1,1,0,1,0,0,0,0,0.0,24.0,23.0,3.0,10.0,0.7065,0.7065,0.0,100.0
MAHABUBNAGAR,NARAYANPET,0729018,Abhangapur,Red Gram,Healthy,1,1,0,1,0,0,0,0,0.0,95.0,37.0,1.0,9.0,0.2308,0.2308,0.0,100.0
MAHABUBNAGAR,NAWABPET,0709015,Kondapur,Groundnut,Pests,1,1,0,0,0,0,1,1,0.9,29.0,26.0,2.0,12.0,0.4278,0.4278,100.0,100.0
MAHABUBNAGAR,NAWABPET,0709018,Hanmasanipalle,Paddy,Healthy,1,1,0,1,0,0,0,0,0.0,61.0,92.0,3.0,20.0,0.2878,0.2878,0.0,100.0
MAHABUBNAGAR,NAWABPET,0709022,Khanapur,Paddy,Healthy,6,6,0,6,0,0,0,0,0.0,75.0,88.6667,4.0,18.0,0.1127,0.6763,0.0,100.0
MAHABUBNAGAR,NAWABPET,0709022,Khanapur,Paddy,Stressed,1,1,0,0,1,0,0,1,0.5,83.0,83.0,6.0,19.0,0.1908,0.1908,100.0,100.0
MAHABUBNAGAR,NAWABPET,0709023,Karkonda,Paddy,Healthy,3,3,0,3,0,0,0,0,0.0,96.3333,91.0,4.3333,18.6667,0.1152,0.3456,0.0,100.0
MAHABUBNAGAR,NAWABPET,0709023,Karkonda,Paddy,Stressed,1,1,0,0,1,0,0,1,0.5,68.0,91.0,6.0,18.0,0.1196,0.1196,100.0,100.0
MAHABUBNAGAR,NAWABPET,0709025,Kakarlapahad,Paddy,Healthy,1,1,0,1,0,0,0,0,0.0,67.0,96.0,5.0,16.0,0.3762,0.3762,0.0,100.0
MAHABUBNAGAR,TADOOR,0741003,Sirsawada,Groundnut,Healthy,6,6,0,6,0,0,0,0,0.0,28.0,35.0,2.3333,14.6667,0.1367,0.8205,0.0,100.0
MAHABUBNAGAR,TADOOR,0741003,Sirsawada,Groundnut,Stressed,1,1,0,0,1,0,0,1,0.5,31.0,49.0,2.0,12.0,0.9199,0.9199,100.0,100.0
MAHABUBNAGAR,THIMMAJIPET,0722004,Avancha,Cotton,,2,0,2,0,0,0,0,0,,71.0,45.5,4.5,12.5,1.0678,2.1355,,0.0
MAHABUBNAGAR,THIMMAJIPET,0722011,Gorita,Paddy,Healthy,1,1,0,1,0,0,0,0,0.0,76.0,98.0,6.0,19.0,0.2772,0.2772,0.0,100.0
MAHABUBNAGAR,VELDANDA,0719016,Rachur,Cotton,Diseased,1,1,0,0,0,1,0,1,0.8,71.0,57.0,2.0,13.0,0.6713,0.6713,100.0,100.0
MAHABUBNAGAR,VELDANDA,0719016,Rachur,Cotton,Healthy,6,6,0,6,0,0,0,0,0.0,90.0,50.3333,4.5,12.0,0.8392,5.0349,0.0,100.0
MAHABUBNAGAR,VELDANDA,0719016,Rachur,Groundnut,Diseased,1,1,0,0,0,1,0,1,0.8,21.0,48.0,4.0,11.0,0.5031,0.5031,100.0,100.0
MAHABUBNAGAR,VELDANDA,0719016,Rachur,Groundnut,Healthy,1,1,0,1,0,0,0,0,0.0,23.0,23.0,4.0,15.0,0.2924,0.2924,0.0,100.0
MEDAK,ALLADURG,0407001,Alladurg,Cotton,Healthy,6,6,0,6,0,0,0,0,0.0,93.3333,48.1667,3.6667,12.3333,0.328,1.9679,0.0,100.0
MEDAK,ALLADURG,0407001,Alladurg,Cotton,Pests,1,1,0,0,0,0,1,1,0.9,114.0,54.0,6.0,15.0,0.202,0.202,100.0,100.0
MEDAK,ALLADURG,0407003,Mupparam,Cotton,Healthy,6,6,0,6,0,0,0,0,0.0,87.0,50.6667,4.1667,12.6667,0.3683,2.2101,0.0,100.0
MEDAK,ALLADURG,0407004,Mahammadapur,Cotton,Diseased,1,1,0,0,0,1,0,1,0.8,112.0,57.0,3.0,14.0,0.2462,0.2462,100.0,100.0
MEDAK,ALLADURG,0407004,Mahammadapur,Cotton,Healthy,5,5,0,5,0,0,0,0,0.0,101.6,52.8,3.8,12.8,0.2006,1.003,0.0,100.0
MEDAK,ALLADURG,0407005,Chilever,Cotton,Diseased,2,2,0,0,0,2,0,2,0.8,89.5,46.5,4.0,11.5,0.0805,0.161,100.0,100.0
MEDAK,ALLADURG,0407005,Chilever,Cotton,Healthy,10,10,0,10,0,0,0,0,0.0,83.3,49.4,4.0,12.4,0.2545,2.5452,0.0,100.0
MEDAK,ALLADURG,0407005,Chilever,Cotton,Stressed,1,1,0,0,1,0,0,1,0.5,68.0,42.0,3.0,11.0,1.3479,1.3479,100.0,100.0
MEDAK,ALLADURG,0407006,Muslapur,Cotton,Healthy,1,1,0,1,0,0,0,0,0.0,116.0,57.0,4.0,11.0,0.0977,0.0977,0.0,100.0
MEDAK,ALLADURG,0407006,Muslapur,Cotton,Stressed,1,1,0,0,1,0,0,1,0.5,101.0,55.0,5.0,12.0,0.1082,0.1082,100.0,100.0
MEDAK,ALLADURG,0407007,Bhahirandibba,Cotton,Healthy,1,1,0,1,0,0,0,0,0.0,68.0,51.0,3.0,13.0,0.1509,0.1509,0.0,100.0
MEDAK,ALLADURG,0407010,Gadipeddapur,Cotton,,2,0,2,0,0,0,0,0,,80.0,48.5,4.5,12.0,0.35,0.6999,,0.0
MEDAK,ALLADURG,0407010,Gadipeddapur,Cotton,Diseased,3,3,0,0,0,3,0,3,0.8,100.6667,51.6667,4.6667,14.3333,0.1802,0.5407,100.0,100.0
MEDAK,ALLADURG,0407010,Gadipeddapur,Cotton,Healthy,9,9,0,9,0,0,0,0,0.0,91.1111,50.6667,4.1111,12.3333,0.15,1.3496,0.0,100.0
MEDAK,ALLADURG,0407010,Gadipeddapur,Cotton,Pests,2,2,0,0,0,0,2,2,0.9,77.0,50.0,5.5,10.5,0.0835,0.167,100.0,100.0
MEDAK,ALLADURG,0407010,Gadipeddapur,Cotton,Stressed,1,1,0,0,1,0,0,1,0.5,84.0,48.0,2.0,10.0,0.1318,0.1318,100.0,100.0
MEDAK,ALLADURG,0407013,Nagulapalle,Cotton,,4,0,4,0,0,0,0,0,,79.0,51.5,4.75,12.75,0.4899,1.9594,,0.0
MEDAK,ALLADURG,0407017,Palvatla,Cotton,,3,0,3,0,0,0,0,0,,89.3333,52.3333,4.0,11.3333,0.3259,0.9776,,0.0
MEDAK,ALLADURG,0407019,Marvelly,Cotton,,1,0,1,0,0,0,0,0,,76.0,41.0,4.0,11.0,0.1736,0.1736,,0.0
MEDAK,CHEGUNTA,0423001,Narsingi,Paddy,Diseased,2,2,0,0,0,2,0,2,0.8,74.0,82.0,4.0,21.0,0.4274,0.8549,100.0,100.0
MEDAK,CHEGUNTA,0423001,Narsingi,Paddy,Healthy,15,15,0,15,0,0,0,0,0.0,69.0,89.0667,4.2667,19.7333,0.4142,6.2128,0.0,100.0
MEDAK,CHEGUNTA,0423001,Narsingi,Paddy,Pests,2,2,0,0,0,0,2,2,0.9,63.5,84.0,4.5,22.0,0.4528,0.9056,100.0,100.0
MEDAK,CHEGUNTA,0423002,Narsampalle,Cotton,Healthy,1,1,0,1,0,0,0,0,0.0,111.0,50.0,2.0,10.0,0.1763,0.1763,0.0,100.0
MEDAK,CHEGUNTA,0423002,Narsampalle,Maize,Healthy,1,1,0,1,0,0,0,0,0.0,149.0,40.0,4.0,28.0,0.1742,0.1742,0.0,100.0
MEDAK,CHEGUNTA,0423002,Narsampalle,Paddy,Healthy,1,1,0,1,0,0,0,0,0.0,90.0,95.0,5.0,15.0,0.2276,0.2276,0.0,100.0
MEDAK,CHEGUNTA,0423004,Bheemraopalle,Paddy,Healthy,1,1,0,1,0,0,0,0,0.0,72.0,92.0,4.0,17.0,0.4253,0.4253,0.0,100.0
MEDAK,CHEGUNTA,0423004,Bheemraopalle,Paddy,Pests,1,1,0,0,0,0,1,1,0.9,61.0,90.0,4.0,19.0,0.1863,0.1863,100.0,100.0
MEDAK,CHEGUNTA,0423004,Bheemraopalle,Paddy,Stressed,1,1,0,0,1,0,0,1,0.5,69.0,83.0,3.0,18.0,0.4428,0.4428,100.0,100.0
MEDAK,CHEGUNTA,0423005,Rukmapur,Maize,Healthy,1,1,0,1,0,0,0,0,0.0,248.0,40.0,4.0,22.0,0.2645,0.2645,0.0,100.0
MEDAK,CHEGUNTA,0423005,Rukmapur,Paddy,Healthy,3,3,0,3,0,0,0,0,0.0,69.6667,85.0,4.0,17.6667,0.2475,0.7425,0.0,100.0
MEDAK,CHEGUNTA,0423005,Rukmapur,Paddy,Pests,1,1,0,0,0,0,1,1,0.9,52.0,83.0,5.0,16.0,0.3783,0.3783,100.0,100.0
MEDAK,CHEGUNTA,0423006,Ibrahimpur,Cotton,Healthy,4,4,0,4,0,0,0,0,0.0,103.75,51.25,4.5,11.25,0.3105,1.2419,0.0,100.0
MEDAK,CHEGUNTA,0423006,Ibrahimpur,Groundnut,Healthy,1,1,0,1,0,0,0,0,0.0,20.0,39.0,3.0,11.0,0.0832,0.0832,0.0,100.0
MEDAK,CHEGUNTA,0423006,Ibrahimpur,Maize,Healthy,2,2,0,2,0,0,0,0,0.0,193.0,56.5,2.0,22.0,0.3023,0.6047,0.0,100.0
MEDAK,CHEGUNTA,0423006,Ibrahimpur,Paddy,Healthy,6,6,0,6,0,0,0,0,0.0,74.3333,85.0,4.8333,17.8333,0.2562,1.537,0.0,100.0
MEDAK,CHEGUNTA,0423006,Ibrahimpur,Paddy,Pests,2,2,0,0,0,0,2,2,0.9,74.5,93.0,3.0,16.0,0.1815,0.363,100.0,100.0
MEDAK,CHEGUNTA,0423007,Kistapur,Cotton,Stressed,1,1,0,0,1,0,0,1,0.5,108.0,52.0,3.0,10.0,0.2332,0.2332,100.0,100.0
MEDAK,CHEGUNTA,0423007,Kistapur,Paddy,Healthy,5,5,0,5,0,0,0,0,0.0,71.2,88.8,4.2,16.8,0.2946,1.4729,0.0,100.0
MEDAK,CHEGUNTA,0423008,Pulamamidi,Cotton,,1,0,1,0,0,0,0,0,,79.0,47.0,6.0,10.0,0.4399,0.4399,,0.0
MEDAK,CHEGUNTA,0423008,Pulamamidi,Cotton,Healthy,4,4,0,4,0,0,0,0,0.0,98.0,51.25,4.5,12.75,0.4223,1.6894,0.0,100.0
MEDAK,CHEGUNTA,0423008,Pulamamidi,Maize,Healthy,1,1,0,1,0,0,0,0,0.0,249.0,41.0,4.0,21.0,0.6606,0.6606,0.0,100.0
MEDAK,CHEGUNTA,0423008,Pulamamidi,Paddy,,1,0,1,0,0,0,0,0,,82.0,87.0,4.0,15.0,0.1367,0.1367,,0.0
MEDAK,CHEGUNTA,0423008,Pulamamidi,Paddy,Healthy,8,8,0,8,0,0,0,0,0.0,77.125,93.25,4.625,17.875,0.182,1.456,0.0,100.0
MEDAK,CHEGUNTA,0423008,Pulamamidi,Paddy,Pests,1,1,0,0,0,0,1,1,0.9,71.0,90.0,6.0,18.0,0.1057,0.1057,100.0,100.0
MEDAK,CHEGUNTA,0423008,Pulamamidi,Paddy,Stressed,1,1,0,0,1,0,0,1,0.5,72.0,96.0,5.0,17.0,0.259,0.259,100.0,100.0
MEDAK,CHEGUNTA,0423009,Bonal,Cotton,Diseased,2,2,0,0,0,2,0,2,0.8,102.0,50.0,4.5,10.0,0.2838,0.5677,100.0,100.0
MEDAK,CHEGUNTA,0423009,Bonal,Cotton,Healthy,12,12,0,12,0,0,0,0,0.0,84.8333,49.4167,3.9167,12.5,0.2815,3.3778,0.0,100.0
MEDAK,CHEGUNTA,0423009,Bonal,Cotton,Pests,1,1,0,0,0,0,1,1,0.9,83.0,44.0,4.0,12.0,0.1378,0.1378,100.0,100.0
MEDAK,CHEGUNTA,0423009,Bonal,Maize,Healthy,2,2,0,2,0,0,0,0,0.0,179.5,49.0,5.0,23.0,0.2193,0.4386,0.0,100.0
MEDAK,CHEGUNTA,0423009,Bonal,Maize,Pests,1,1,0,0,0,0,1,1,0.9,188.0,50.0,5.0,22.0,0.6761,0.6761,100.0,100.0
MEDAK,CHEGUNTA,0423009,Bonal,Paddy,Diseased,1,1,0,0,0,1,0,1,0.8,79.0,90.0,6.0,17.0,0.1249,0.1249,100.0,100.0
MEDAK,CHEGUNTA,0423009,Bonal,Paddy,Healthy,25,25,0,25,0,0,0,0,0.0,78.48,88.56,4.52,17.36,0.132,3.3005,0.0,100.0
MEDAK,CHEGUNTA,0423009,Bonal,Paddy,Pests,2,2,0,0,0,0,2,2,0.9,81.5,96.0,5.0,17.5,0.1094,0.2189,100.0,100.0
MEDAK,CHEGUNTA,0423010,Kondapur [Bonal],Chillies,,1,0,1,0,0,0,0,0,,75.0,57.0,2.0,6.0,0.0427,0.0427,,0.0
MEDAK,CHEGUNTA,0423010,Kondapur [Bonal],Cotton,,1,0,1,0,0,0,0,0,,60.0,60.0,4.0,11.0,0.1133,0.1133,,0.0
MEDAK,CHEGUNTA,0423010,Kondapur [Bonal],Cotton,Healthy,10,10,0,10,0,0,0,0,0.0,93.6,48.2,4.0,12.9,0.3002,3.0025,0.0,100.0
MEDAK,CHEGUNTA,0423010,Kondapur [Bonal],Cotton,Pests,2,2,0,0,0,0,2,2,0.9,98.0,46.5,3.0,13.5,0.2624,0.5247,100.0,100.0
MEDAK,CHEGUNTA,0423010,Kondapur [Bonal],Maize,,5,0,5,0,0,0,0,0,,179.8,54.6,3.2,23.0,0.2215,1.1076,,0.0
MEDAK,CHEGUNTA,0423010,Kondapur [Bonal],Paddy,,5,0,5,0,0,0,0,0,,76.0,95.6,4.6,16.6,0.1043,0.5215,,0.0
MEDAK,CHEGUNTA,0423010,Kondapur [Bonal],Paddy,Diseased,1,1,0,0,0,1,0,1,0.8,50.0,84.0,5.0,18.0,0.3342,0.3342,100.0,100.0
MEDAK,CHEGUNTA,0423010,Kondapur [Bonal],Paddy,Healthy,5,5,0,5,0,0,0,0,0.0,85.6,87.4,5.0,17.2,0.2422,1.211,0.0,100.0
MEDAK,CHEGUNTA,0423010,Kondapur [Bonal],Paddy,Pests,1,1,0,0,0,0,1,1,0.9,96.0,85.0,6.0,16.0,0.1455,0.1455,100.0,100.0
MEDAK,CHEGUNTA,0423011,Upperpalle,Paddy,Healthy,2,2,0,2,0,0,0,0,0.0,70.0,89.5,3.5,17.0,0.13,0.26,0.0,100.0
MEDAK,CHEGUNTA,0423012,Govindapur,Paddy,Diseased,1,1,0,0,0,1,0,1,0.8,55.0,89.0,6.0,20.0,0.2187,0.2187,100.0,100.0
MEDAK,CHEGUNTA,0423012,Govindapur,Paddy,Healthy,2,2,0,2,0,0,0,0,0.0,78.5,88.0,4.5,17.0,0.0732,0.1463,0.0,100.0
MEDAK,CHEGUNTA,0423014,Ramapur,Bengal Gram,Healthy,1,1,0,1,0,0,0,0,0.0,46.0,31.0,2.0,9.0,0.3968,0.3968,0.0,100.0
MEDAK,CHEGUNTA,0423014,Ramapur,Chillies,Diseased,1,1,0,0,0,1,0,1,0.8,86.0,57.0,2.0,6.0,0.3535,0.3535,100.0,100.0
MEDAK,CHEGUNTA,0423014,Ramapur,Cotton,Healthy,5,5,0,5,0,0,0,0,0.0,89.8,52.0,4.0,13.6,0.3662,1.8308,0.0,100.0
MEDAK,CHEGUNTA,0423014,Ramapur,Cotton,Stressed,1,1,0,0,1,0,0,1,0.5,106.0,58.0,3.0,10.0,0.2468,0.2468,100.0,100.0
MEDAK,CHEGUNTA,0423014,Ramapur,Maize,Diseased,1,1,0,0,0,1,0,1,0.8,106.0,58.0,5.0,25.0,0.2171,0.2171,100.0,100.0
MEDAK,CHEGUNTA,0423014,Ramapur,Paddy,Healthy,5,5,0,5,0,0,0,0,0.0,80.4,86.4,4.6,19.2,0.1941,0.9703,0.0,100.0
MEDAK,CHEGUNTA,0423014,Ramapur,Paddy,Pests,1,1,0,0,0,0,1,1,0.9,84.0,85.0,3.0,15.0,0.1923,0.1923,100.0,100.0
MEDAK,CHEGUNTA,0423015,Ananthasagar,Cotton,Healthy,3,3,0,3,0,0,0,0,0.0,79.3333,46.3333,4.0,11.0,0.5258,1.5775,0.0,100.0
MEDAK,CHEGUNTA,0423015,Ananthasagar,Paddy,Healthy,3,3,0,3,0,0,0,0,0.0,59.6667,92.0,4.6667,17.0,0.2712,0.8136,0.0,100.0
MEDAK,CHEGUNTA,0423015,Ananthasagar,Paddy,Pests,1,1,0,0,0,0,1,1,0.9,52.0,85.0,4.0,15.0,0.1541,0.1541,100.0,100.0
MEDAK,CHEGUNTA,0423017,Reddipalle,Cotton,Healthy,3,3,0,3,0,0,0,0,0.0,73.0,44.3333,4.0,11.6667,0.1355,0.4066,0.0,100.0
MEDAK,CHEGUNTA,0423017,Reddipalle,Paddy,Healthy,12,12,0,12,0,0,0,0,0.0,62.5833,91.8333,4.8333,18.0833,0.1566,1.8797,0.0,100.0
MEDAK,CHEGUNTA,0423017,Reddipalle,Paddy,Stressed,1,1,0,0,1,0,0,1,0.5,63.0,85.0,6.0,19.0,0.1008,0.1008,100.0,100.0
MEDAK,CHEGUNTA,0423018,Valloor,Paddy,Diseased,1,1,0,0,0,1,0,1,0.8,95.0,83.0,5.0,23.0,0.2568,0.2568,100.0,100.0
MEDAK,CHEGUNTA,0423018,Valloor,Paddy,Healthy,6,6,0,6,0,0,0,0,0.0,80.8333,89.3333,4.3333,23.0,0.1554,0.9324,0.0,100.0
MEDAK,CHEGUNTA,0423018,Valloor,Paddy,Stressed,1,1,0,0,1,0,0,1,0.5,78.0,84.0,6.0,24.0,0.1415,0.1415,100.0,100.0
MEDAK,CHEGUNTA,0423019,Polampalle,Paddy,Healthy,1,1,0,1,0,0,0,0,0.0,70.0,100.0,5.0,20.0,0.2024,0.2024,0.0,100.0
MEDAK,CHEGUNTA,0423020,Chegunta,Paddy,Healthy,5,5,0,5,0,0,0,0,0.0,75.4,91.8,4.8,16.8,0.2724,1.362,0.0,100.0
MEDAK,CHEGUNTA,0423020,Chegunta,Paddy,Stressed,1,1,0,0,1,0,0,1,0.5,91.0,85.0,5.0,15.0,0.1441,0.1441,100.0,100.0
MEDAK,CHEGUNTA,0423021,Wadiaram,Paddy,Healthy,5,5,0,5,0,0,0,0,0.0,65.4,88.0,5.2,16.4,0.1398,0.6992,0.0,100.0
MEDAK,CHEGUNTA,0423022,Chinna Shivnoor,Cotton,Diseased,1,1,0,0,0,1,0,1,0.8,103.0,44.0,4.0,12.0,0.5068,0.5068,100.0,100.0
MEDAK,CHEGUNTA,0423022,Chinna Shivnoor,Cotton,Healthy,2,2,0,2,0,0,0,0,0.0,101.5,47.5,3.0,15.0,0.5609,1.1219,0.0,100.0
MEDAK,CHEGUNTA,0423022,Chinna Shivnoor,Maize,Healthy,2,2,0,2,0,0,0,0,0.0,160.0,55.5,3.5,22.5,0.372,0.744,0.0,100.0
MEDAK,CHEGUNTA,0423022,Chinna Shivnoor,Paddy,Healthy,2,2,0,2,0,0,0,0,0.0,59.5,84.0,5.0,16.5,0.2152,0.4303,0.0,100.0
MEDAK,CHEGUNTA,0423023,Makkarajpet,Cotton,Pests,1,1,0,0,0,0,1,1,0.9,102.0,41.0,3.0,13.0,0.1435,0.1435,100.0,100.0
MEDAK,CHEGUNTA,0423023,Makkarajpet,Maize,Healthy,1,1,0,1,0,0,0,0,0.0,108.0,47.0,4.0,25.0,0.2014,0.2014,0.0,100.0
MEDAK,CHEGUNTA,0423023,Makkarajpet,Paddy,Healthy,1,1,0,1,0,0,0,0,0.0,80.0,96.0,5.0,16.0,0.4908,0.4908,0.0,100.0
MEDAK,DOULTABAD,0422003,Dommat,Paddy,Healthy,1,1,0,1,0,0,0,0,0.0,86.0,94.0,6.0,16.0,0.0506,0.0506,0.0,100.0
MEDAK,DUBBAK,0414026,Pothareddipet,Bengal Gram,Healthy,1,1,0,1,0,0,0,0,0.0,44.0,32.0,1.0,8.0,0.0449,0.0449,0.0,100.0
MEDAK,DUBBAK,0414026,Pothareddipet,Cotton,Healthy,3,3,0,3,0,0,0,0,0.0,115.3333,50.6667,4.3333,16.3333,0.2546,0.7637,0.0,100.0
MEDAK,DUBBAK,0414026,Pothareddipet,Maize,Healthy,2,2,0,2,0,0,0,0,0.0,140.0,44.0,3.0,25.0,0.2503,0.5006,0.0,100.0
MEDAK,DUBBAK,0414026,Pothareddipet,Paddy,,1,0,1,0,0,0,0,0,,68.0,80.0,4.0,16.0,0.0653,0.0653,,0.0
MEDAK,DUBBAK,0414026,Pothareddipet,Paddy,Healthy,1,1,0,1,0,0,0,0,0.0,73.0,91.0,5.0,25.0,0.5607,0.5607,0.0,100.0
MEDAK,KOWDIPALLE,0425001,Chitkul,Paddy,Healthy,2,2,0,2,0,0,0,0,0.0,66.5,89.5,5.0,17.0,0.0495,0.099,0.0,100.0
MEDAK,KOWDIPALLE,0425002,Bujarampet,Paddy,Diseased,1,1,0,0,0,1,0,1,0.8,72.0,85.0,6.0,18.0,0.024,0.024,100.0,100.0
MEDAK,KOWDIPALLE,0425002,Bujarampet,Paddy,Healthy,3,3,0,3,0,0,0,0,0.0,65.6667,86.3333,4.0,17.0,0.0319,0.0957,0.0,100.0
MEDAK,KOWDIPALLE,0425002,Bujarampet,Paddy,Pests,1,1,0,0,0,0,1,1,0.9,86.0,97.0,5.0,15.0,0.0442,0.0442,100.0,100.0
MEDAK,KOWDIPALLE,0425002,Bujarampet,Paddy,Stressed,2,2,0,0,2,0,0,2,0.5,89.0,90.5,5.0,15.5,0.0339,0.0678,100.0,100.0
MEDAK,KOWDIPALLE,0425007,Yelmakanna,Paddy,Healthy,4,4,0,4,0,0,0,0,0.0,78.75,93.5,4.0,17.0,0.0644,0.2576,0.0,100.0
MEDAK,KOWDIPALLE,0425008,Kanchanpalle,Paddy,Healthy,1,1,0,1,0,0,0,0,0.0,55.0,99.0,5.0,16.0,0.0254,0.0254,0.0,100.0
MEDAK,KOWDIPALLE,0425008,Kanchanpalle,Paddy,Pests,1,1,0,0,0,0,1,1,0.9,72.0,86.0,3.0,19.0,0.0165,0.0165,100.0,100.0
MEDAK,KOWDIPALLE,0425009,Dharmasagar,Paddy,Healthy,1,1,0,1,0,0,0,0,0.0,65.0,97.0,4.0,19.0,0.019,0.019,0.0,100.0
MEDAK,KOWDIPALLE,0425014,Gouthapur,Paddy,Healthy,1,1,0,1,0,0,0,0,0.0,77.0,99.0,5.0,18.0,0.0253,0.0253,0.0,100.0
MEDAK,KOWDIPALLE,0425015,Mangalpalle,Cotton,Healthy,2,2,0,2,0,0,0,0,0.0,73.5,51.0,4.0,11.5,0.1329,0.2658,0.0,100.0
MEDAK,KOWDIPALLE,0425016,Chandur,Paddy,Diseased,1,1,0,0,0,1,0,1,0.8,51.0,85.0,5.0,19.0,0.0294,0.0294,100.0,100.0
MEDAK,KOWDIPALLE,0425016,Chandur,Paddy,Healthy,4,4,0,4,0,0,0,0,0.0,67.75,90.75,4.25,16.75,0.0452,0.1809,0.0,100.0
MEDAK,KOWDIPALLE,0425017,Chilipched,Paddy,Healthy,3,3,0,3,0,0,0,0,0.0,84.6667,87.3333,4.0,17.6667,0.0608,0.1824,0.0,100.0
MEDAK,KOWDIPALLE,0425018,Somakkapet,Paddy,Healthy,1,1,0,1,0,0,0,0,0.0,72.0,99.0,5.0,16.0,0.1729,0.1729,0.0,100.0
MEDAK,KOWDIPALLE,0425020,Faizabad,Paddy,Healthy,2,2,0,2,0,0,0,0,0.0,78.5,89.0,5.0,18.0,0.0437,0.0874,0.0,100.0
MEDAK,KOWDIPALLE,0425024,Jaggampet,Paddy,Diseased,1,1,0,0,0,1,0,1,0.8,50.0,95.0,5.0,17.0,0.0322,0.0322,100.0,100.0
MEDAK,KOWDIPALLE,0425024,Jaggampet,Paddy,Healthy,8,8,0,8,0,0,0,0,0.0,74.375,87.0,4.75,16.625,0.0461,0.3684,0.0,100.0
MEDAK,KOWDIPALLE,0425024,Jaggampet,Paddy,Stressed,1,1,0,0,1,0,0,1,0.5,61.0,82.0,5.0,16.0,0.0277,0.0277,100.0,100.0
MEDAK,KOWDIPALLE,0425026,Salabatpur,Paddy,Healthy,10,10,0,10,0,0,0,0,0.0,77.0,89.4,4.2,17.7,0.0364,0.3642,0.0,100.0
MEDAK,KOWDIPALLE,0425026,Salabatpur,Paddy,Pests,1,1,0,0,0,0,1,1,0.9,50.0,84.0,3.0,18.0,0.0524,0.0524,100.0,100.0
MEDAK,KOWDIPALLE,0425026,Salabatpur,Paddy,Stressed,1,1,0,0,1,0,0,1,0.5,76.0,86.0,3.0,18.0,0.0687,0.0687,100.0,100.0
MEDAK,KOWDIPALLE,0425027,Antharam,Paddy,Healthy,2,2,0,2,0,0,0,0,0.0,85.5,88.5,5.5,18.5,0.0418,0.0837,0.0,100.0
MEDAK,KOWDIPALLE,0425028,Mohammednagar @ Munirai,Paddy,Healthy,3,3,0,3,0,0,0,0,0.0,70.3333,92.0,4.3333,17.6667,0.1142,0.3427,0.0,100.0
MEDAK,KOWDIPALLE,0425029,Thimmapur,Paddy,Diseased,1,1,0,0,0,1,0,1,0.8,65.0,82.0,6.0,19.0,0.0527,0.0527,100.0,100.0
MEDAK,KOWDIPALLE,0425029,Thimmapur,Paddy,Healthy,2,2,0,2,0,0,0,0,0.0,67.0,94.5,5.5,15.5,0.0813,0.1627,0.0,100.0
MEDAK,KOWDIPALLE,0425033,Mutrajpalle,Paddy,Healthy,1,1,0,1,0,0,0,0,0.0,66.0,95.0,3.0,18.0,0.0445,0.0445,0.0,100.0
MEDAK,KOWDIPALLE,0425034,Rajpet,Paddy,Healthy,4,4,0,4,0,0,0,0,0.0,71.0,96.0,4.5,17.25,0.0265,0.106,0.0,100.0
MEDAK,KOWDIPALLE,0425035,Venkatapur,Paddy,Pests,1,1,0,0,0,0,1,1,0.9,76.0,89.0,4.0,19.0,0.0268,0.0268,100.0,100.0
MEDAK,KULCHARAM,0410001,Chinnaghanpur,Paddy,Diseased,2,2,0,0,0,2,0,2,0.8,53.5,94.5,5.0,18.0,0.0415,0.083,100.0,100.0
MEDAK,KULCHARAM,0410001,Chinnaghanpur,Paddy,Healthy,4,4,0,4,0,0,0,0,0.0,72.0,90.0,4.25,17.75,0.0525,0.2099,0.0,100.0
MEDAK,KULCHARAM,0410001,Chinnaghanpur,Paddy,Pests,1,1,0,0,0,0,1,1,0.9,51.0,85.0,5.0,15.0,0.1042,0.1042,100.0,100.0
MEDAK,KULCHARAM,0410003,Pothamsettipalle,Paddy,Healthy,1,1,0,1,0,0,0,0,0.0,84.0,80.0,6.0,15.0,0.0955,0.0955,0.0,100.0
MEDAK,KULCHARAM,0410008,Kongode,Paddy,Healthy,3,3,0,3,0,0,0,0,0.0,71.6667,94.3333,5.3333,16.6667,0.084,0.2521,0.0,100.0
MEDAK,KULCHARAM,0410009,Pothireddipalle,Paddy,Healthy,2,2,0,2,0,0,0,0,0.0,55.0,83.5,3.5,19.5,0.0365,0.0729,0.0,100.0
MEDAK,KULCHARAM,0410012,Kulcharam,Paddy,Diseased,1,1,0,0,0,1,0,1,0.8,78.0,86.0,3.0,18.0,0.0335,0.0335,100.0,100.0
MEDAK,KULCHARAM,0410012,Kulcharam,Paddy,Healthy,3,3,0,3,0,0,0,0,0.0,64.3333,90.3333,3.6667,16.3333,0.0294,0.0881,0.0,100.0
MEDAK,KULCHARAM,0410013,Serivariguntham,Paddy,Healthy,3,3,0,3,0,0,0,0,0.0,74.0,91.0,4.6667,16.6667,0.0645,0.1936,0.0,100.0
MEDAK,KULCHARAM,0410014,Variguntham,Paddy,Healthy,2,2,0,2,0,0,0,0,0.0,57.5,92.5,3.5,17.5,0.055,0.1099,0.0,100.0
MEDAK,KULCHARAM,0410015,Sangaipet,Paddy,Healthy,1,1,0,1,0,0,0,0,0.0,78.0,85.0,6.0,15.0,0.0496,0.0496,0.0,100.0
MEDAK,KULCHARAM,0410015,Sangaipet,Paddy,Stressed,1,1,0,0,1,0,0,1,0.5,56.0,97.0,6.0,19.0,0.0136,0.0136,100.0,100.0
MEDAK,KULCHARAM,0410016,Rangampet,Paddy,Healthy,1,1,0,1,0,0,0,0,0.0,63.0,100.0,6.0,18.0,0.0505,0.0505,0.0,100.0
MEDAK,KULCHARAM,0410018,Paithara,Paddy,Healthy,1,1,0,1,0,0,0,0,0.0,53.0,93.0,3.0,19.0,0.0378,0.0378,0.0,100.0
MEDAK,KULCHARAM,0410021,Yenigandla,Cotton,Healthy,2,2,0,2,0,0,0,0,0.0,78.0,51.0,5.0,12.0,0.5604,1.1208,0.0,100.0
MEDAK,KULCHARAM,0410021,Yenigandla,Paddy,Diseased,1,1,0,0,0,1,0,1,0.8,60.0,97.0,6.0,15.0,0.0777,0.0777,100.0,100.0
MEDAK,KULCHARAM,0410021,Yenigandla,Paddy,Healthy,3,3,0,3,0,0,0,0,0.0,59.6667,91.6667,5.3333,17.3333,0.0335,0.1004,0.0,100.0
MEDAK,MEDAK,0411004,Thimmaipalle,Paddy,Healthy,3,3,0,3,0,0,0,0,0.0,72.0,88.6667,3.6667,18.0,0.1888,0.5664,0.0,100.0
MEDAK,MEDAK,0411006,Gangapur,Chillies,Healthy,1,1,0,1,0,0,0,0,0.0,84.0,54.0,5.0,7.0,0.0451,0.0451,0.0,100.0
MEDAK,MEDAK,0411006,Gangapur,Maize,Healthy,1,1,0,1,0,0,0,0,0.0,176.0,42.0,4.0,25.0,0.1497,0.1497,0.0,100.0
MEDAK,MEDAK,0411006,Gangapur,Paddy,Healthy,7,7,0,7,0,0,0,0,0.0,77.0,93.8571,4.8571,17.5714,0.1442,1.0096,0.0,100.0
MEDAK,MEDAK,0411007,Byathole,Paddy,Diseased,1,1,0,0,0,1,0,1,0.8,66.0,98.0,6.0,16.0,0.7971,0.7971,100.0,100.0
MEDAK,MEDAK,0411007,Byathole,Paddy,Healthy,14,14,0,14,0,0,0,0,0.0,68.3571,88.8571,4.5,17.2143,0.2524,3.5337,0.0,100.0
MEDAK,MEDAK,0411007,Byathole,Paddy,Pests,2,2,0,0,0,0,2,2,0.9,63.0,94.5,4.5,18.5,0.2927,0.5853,100.0,100.0
MEDAK,MEDAK,0411007,Byathole,Paddy,Stressed,1,1,0,0,1,0,0,1,0.5,64.0,92.0,6.0,16.0,0.258,0.258,100.0,100.0
MEDAK,MEDAK,0411008,Lingasanpalle,Paddy,Healthy,6,6,0,6,0,0,0,0,0.0,78.1667,86.8333,4.8333,16.6667,0.2428,1.4569,0.0,100.0
MEDAK,MEDAK,0411008,Lingasanpalle,Paddy,Pests,1,1,0,0,0,0,1,1,0.9,68.0,99.0,5.0,19.0,0.3567,0.3567,100.0,100.0
MEDAK,MEDAK,0411009,Shalipet,Paddy,Diseased,1,1,0,0,0,1,0,1,0.8,69.0,85.0,4.0,20.0,0.2158,0.2158,100.0,100.0
MEDAK,MEDAK,0411009,Shalipet,Paddy,Healthy,21,21,0,21,0,0,0,0,0.0,76.0,89.5238,4.7143,17.5714,0.2246,4.7159,0.0,100.0
MEDAK,MEDAK,0411009,Shalipet,Paddy,Pests,2,2,0,0,0,0,2,2,0.9,63.0,84.5,4.0,16.0,0.1917,0.3834,100.0,100.0
MEDAK,MEDAK,0411009,Shalipet,Paddy,Stressed,1,1,0,0,1,0,0,1,0.5,73.0,98.0,4.0,15.0,0.4846,0.4846,100.0,100.0
MEDAK,MEDAK,0411010,Havelighanpur,Paddy,Diseased,1,1,0,0,0,1,0,1,0.8,64.0,96.0,3.0,16.0,0.4494,0.4494,100.0,100.0
MEDAK,MEDAK,0411010,Havelighanpur,Paddy,Healthy,25,25,0,25,0,0,0,0,0.0,76.76,91.56,4.12,18.2,0.2521,6.3031,0.0,100.0
MEDAK,MEDAK,0411010,Havelighanpur,Paddy,Pests,1,1,0,0,0,0,1,1,0.9,87.0,89.0,6.0,20.0,0.1394,0.1394,100.0,100.0
MEDAK,MEDAK,0411010,Havelighanpur,Paddy,Stressed,2,2,0,0,2,0,0,2,0.5,78.5,95.5,4.5,15.5,0.1692,0.3384,100.0,100.0
MEDAK,MEDAK,0411012,Thogita,Paddy,Healthy,15,15,0,15,0,0,0,0,0.0,73.0667,87.3333,4.7333,17.0,0.2105,3.1582,0.0,100.0
MEDAK,MEDAK,0411012,Thogita,Paddy,Pests,1,1,0,0,0,0,1,1,0.9,77.0,96.0,3.0,16.0,0.2031,0.2031,100.0,100.0
MEDAK,MEDAK,0411012,Thogita,Paddy,Stressed,2,2,0,0,2,0,0,2,0.5,78.0,86.0,3.5,16.0,0.3671,0.7341,100.0,100.0
MEDAK,MEDAK,0411013,Bogada Bhoopathipur,Maize,Healthy,1,1,0,1,0,0,0,0,0.0,133.0,58.0,3.0,20.0,0.231,0.231,0.0,100.0
MEDAK,MEDAK,0411013,Bogada Bhoopathipur,Paddy,Diseased,1,1,0,0,0,1,0,1,0.8,89.0,88.0,4.0,18.0,0.1998,0.1998,100.0,100.0
MEDAK,MEDAK,0411013,Bogada Bhoopathipur,Paddy,Healthy,12,12,0,12,0,0,0,0,0.0,77.3333,91.5833,4.4167,17.1667,0.2092,2.5107,0.0,100.0
MEDAK,MEDAK,0411013,Bogada Bhoopathipur,Paddy,Pests,3,3,0,0,0,0,3,3,0.9,79.0,89.3333,4.3333,17.6667,0.1912,0.5735,100.0,100.0
MEDAK,MEDAK,0411015,Sardhana,Maize,Diseased,1,1,0,0,0,1,0,1,0.8,121.0,52.0,4.0,23.0,0.0292,0.0292,100.0,100.0
MEDAK,MEDAK,0411015,Sardhana,Maize,Healthy,1,1,0,1,0,0,0,0,0.0,171.0,43.0,3.0,23.0,0.0718,0.0718,0.0,100.0
MEDAK,MEDAK,0411015,Sardhana,Paddy,Diseased,4,4,0,0,0,4,0,4,0.8,80.0,89.75,3.75,17.5,0.2104,0.8415,100.0,100.0
MEDAK,MEDAK,0411015,Sardhana,Paddy,Healthy,36,36,0,36,0,0,0,0,0.0,78.2778,90.5833,4.5556,17.0556,0.2473,8.902,0.0,100.0
MEDAK,MEDAK,0411015,Sardhana,Paddy,Pests,2,2,0,0,0,0,2,2,0.9,92.0,88.0,4.5,17.5,0.2043,0.4086,100.0,100.0
MEDAK,MEDAK,0411015,Sardhana,Paddy,Stressed,2,2,0,0,2,0,0,2,0.5,55.5,81.0,5.0,17.5,0.2191,0.4382,100.0,100.0
MEDAK,MEDAK,0411016,Fareedpur,Paddy,Diseased,1,1,0,0,0,1,0,1,0.8,93.0,96.0,3.0,19.0,0.1037,0.1037,100.0,100.0
MEDAK,MEDAK,0411016,Fareedpur,Paddy,Healthy,15,15,0,15,0,0,0,0,0.0,76.1333,88.6,4.1333,17.9333,0.1787,2.6807,0.0,100.0
MEDAK,MEDAK,0411017,Muthaipalle,Paddy,Diseased,3,3,0,0,0,3,0,3,0.8,73.0,91.6667,3.3333,17.3333,0.2297,0.6891,100.0,100.0
MEDAK,MEDAK,0411017,Muthaipalle,Paddy,Healthy,34,34,0,34,0,0,0,0,0.0,70.6471,90.0588,4.2059,17.2941,0.2499,8.4955,0.0,100.0
MEDAK,MEDAK,0411017,Muthaipalle,Paddy,Pests,1,1,0,0,0,0,1,1,0.9,87.0,90.0,4.0,19.0,0.2003,0.2003,100.0,100.0
MEDAK,MEDAK,0411017,Muthaipalle,Paddy,Stressed,4,4,0,0,4,0,0,4,0.5,74.0,92.5,3.25,18.5,0.2535,1.0141,100.0,100.0
MEDAK,MEDAK,0411018,Serikuchanpalle,Paddy,Diseased,1,1,0,0,0,1,0,1,0.8,93.0,96.0,5.0,18.0,0.2142,0.2142,100.0,100.0
MEDAK,MEDAK,0411018,Serikuchanpalle,Paddy,Healthy,10,10,0,10,0,0,0,0,0.0,76.5,89.4,4.3,18.6,0.1878,1.878,0.0,100.0
MEDAK,MEDAK,0411018,Serikuchanpalle,Paddy,Pests,1,1,0,0,0,0,1,1,0.9,55.0,91.0,5.0,16.0,0.1723,0.1723,100.0,100.0
MEDAK,MEDAK,0411019,Kuchanpalle,Paddy,Healthy,23,23,0,23,0,0,0,0,0.0,75.4348,88.1304,4.8261,17.913,0.319,7.337,0.0,100.0
MEDAK,MEDAK,0411019,Kuchanpalle,Paddy,Stressed,2,2,0,0,2,0,0,2,0.5,81.5,97.0,4.5,18.0,0.5065,1.013,100.0,100.0
MEDAK,MEDAK,0411020,Maqdumpur,Paddy,Pests,1,1,0,0,0,0,1,1,0.9,65.0,81.0,3.0,17.0,0.1016,0.1016,100.0,100.0
MEDAK,MEDAK,0411021,Mudulwai,Paddy,Healthy,6,6,0,6,0,0,0,0,0.0,68.5,90.0,4.5,17.3333,0.3261,1.9564,0.0,100.0
MEDAK,MEDAK,0411022,Medak (Rural),Paddy,Healthy,5,5,0,5,0,0,0,0,0.0,73.8,88.4,4.6,16.8,0.1745,0.8724,0.0,100.0
MEDAK,MEDAK,0411022,Medak (Rural),Paddy,Pests,2,2,0,0,0,0,2,2,0.9,65.5,91.5,5.0,16.0,0.175,0.3499,100.0,100.0
MEDAK,MEDAK,0411022,Medak (Rural),Paddy,Stressed,2,2,0,0,2,0,0,2,0.5,80.0,93.5,4.0,16.5,0.2499,0.4998,100.0,100.0
MEDAK,MEDAK,0411023,Aurangabad,Maize,Stressed,1,1,0,0,1,0,0,1,0.5,136.0,49.0,2.0,20.0,0.2058,0.2058,100.0,100.0
MEDAK,MEDAK,0411023,Aurangabad,Paddy,Diseased,1,1,0,0,0,1,0,1,0.8,67.0,95.0,3.0,16.0,0.1315,0.1315,100.0,100.0
MEDAK,MEDAK,0411023,Aurangabad,Paddy,Healthy,17,17,0,17,0,0,0,0,0.0,74.0588,92.9412,4.6471,18.6471,0.1607,2.7326,0.0,100.0
MEDAK,MEDAK,0411024,Ausulpalle,Paddy,Healthy,7,7,0,7,0,0,0,0,0.0,75.7143,87.5714,4.4286,20.0,0.1588,1.1117,0.0,100.0
MEDAK,MEDAK,0411025,Shamnapur,Paddy,Diseased,1,1,0,0,0,1,0,1,0.8,86.0,81.0,3.0,19.0,0.1481,0.1481,100.0,100.0
MEDAK,MEDAK,0411025,Shamnapur,Paddy,Healthy,10,10,0,10,0,0,0,0,0.0,77.9,90.9,4.9,18.5,0.2041,2.0411,0.0,100.0
MEDAK,MEDAK,0411025,Shamnapur,Paddy,Pests,1,1,0,0,0,0,1,1,0.9,61.0,96.0,3.0,15.0,0.1332,0.1332,100.0,100.0
MEDAK,MEDAK,0411025,Shamnapur,Red Gram,Healthy,1,1,0,1,0,0,0,0,0.0,50.0,21.0,1.0,10.0,0.1397,0.1397,0.0,100.0
MEDAK,MEDAK,0411026,Pathur,Maize,Healthy,2,2,0,2,0,0,0,0,0.0,233.0,46.5,4.0,22.5,0.1739,0.3479,0.0,100.0
MEDAK,MEDAK,0411026,Pathur,Paddy,Healthy,14,14,0,14,0,0,0,0,0.0,72.5714,88.7143,4.5714,20.3571,0.2146,3.0039,0.0,100.0
MEDAK,MEDAK,0411026,Pathur,Paddy,Pests,1,1,0,0,0,0,1,1,0.9,93.0,100.0,6.0,18.0,0.1534,0.1534,100.0,100.0
MEDAK,MEDAK,0411027,Rayanpalle,Paddy,Healthy,7,7,0,7,0,0,0,0,0.0,72.2857,87.4286,4.5714,18.1429,0.0831,0.5817,0.0,100.0
MEDAK,MEDAK,0411027,Rayanpalle,Paddy,Pests,1,1,0,0,0,0,1,1,0.9,85.0,91.0,4.0,20.0,0.1015,0.1015,100.0,100.0
MEDAK,MEDAK,0411027,Rayanpalle,Paddy,Stressed,1,1,0,0,1,0,0,1,0.5,86.0,81.0,4.0,16.0,0.0655,0.0655,100.0,100.0
MEDAK,MEDAK,0411028,Magta Bhoopathipur,Bengal Gram,Healthy,3,3,0,3,0,0,0,0,0.0,39.3333,27.0,2.6667,10.3333,0.0328,0.0983,0.0,100.0
MEDAK,MEDAK,0411028,Magta Bhoopathipur,Paddy,Healthy,2,2,0,2,0,0,0,0,0.0,64.0,90.0,3.5,17.0,0.087,0.1741,0.0,100.0
MEDAK,MEDAK,0411028,Magta Bhoopathipur,Red Gram,Healthy,1,1,0,1,0,0,0,0,0.0,53.0,49.0,2.0,12.0,0.0298,0.0298,0.0,100.0
MEDAK,MEDAK,0411029,Venkatapur,Paddy,Diseased,1,1,0,0,0,1,0,1,0.8,84.0,94.0,6.0,19.0,0.0583,0.0583,100.0,100.0
MEDAK,MEDAK,0411029,Venkatapur,Paddy,Healthy,1,1,0,1,0,0,0,0,0.0,61.0,91.0,3.0,16.0,0.0462,0.0462,0.0,100.0
MEDAK,MEDAK,0411029,Venkatapur,Paddy,Pests,1,1,0,0,0,0,1,1,0.9,60.0,96.0,5.0,18.0,0.0448,0.0448,100.0,100.0
MEDAK,MEDAK,0411033,Rajpalle,Paddy,Healthy,5,5,0,5,0,0,0,0,0.0,77.8,87.6,4.8,18.0,0.0715,0.3577,0.0,100.0
MEDAK,MEDAK,0411034,Balanagar,Paddy,Healthy,1,1,0,1,0,0,0,0,0.0,83.0,98.0,3.0,20.0,0.0694,0.0694,0.0,100.0
MEDAK,MEDAK,0411035,Chityal,Paddy,Healthy,2,2,0,2,0,0,0,0,0.0,78.0,84.0,6.0,17.0,0.0643,0.1286,0.0,100.0
MEDAK,MEDAK,0411036,Rayalamadugu,Paddy,Healthy,4,4,0,4,0,0,0,0,0.0,64.0,92.0,4.5,16.5,0.2135,0.8541,0.0,100.0
MEDAK,MEDAK,0411036,Rayalamadugu,Paddy,Pests,2,2,0,0,0,0,2,2,0.9,97.5,87.0,3.5,18.0,0.4237,0.8475,100.0,100.0
MEDAK,MIRDODDI,0415017,Khazipur,Paddy,,1,0,1,0,0,0,0,0,,53.0,98.0,6.0,18.0,0.0423,0.0423,,0.0
MEDAK,MULUG,0445001,Banda Thimmapur,Cotton,Healthy,1,1,0,1,0,0,0,0,0.0,97.0,60.0,4.0,13.0,0.2529,0.2529,0.0,100.0
MEDAK,NARSAPUR,0441012,Tiyalpur,Paddy,Healthy,1,1,0,1,0,0,0,0,0.0,83.0,81.0,4.0,15.0,0.1213,0.1213,0.0,100.0
MEDAK,PAPANNAPET,0409007,Minpur,Paddy,,2,0,2,0,0,0,0,0,,84.0,85.0,4.0,15.5,0.1287,0.2574,,0.0
MEDAK,PAPANNAPET,0409010,Kothapalle,Paddy,,7,0,7,0,0,0,0,0,,74.2857,90.5714,4.4286,16.8571,0.4402,3.0815,,0.0
MEDAK,PAPANNAPET,0409012,Podchenpalle,Paddy,,1,0,1,0,0,0,0,0,,59.0,89.0,3.0,20.0,0.1417,0.1417,,0.0
MEDAK,PAPANNAPET,0409013,Ellapoor,Chillies,,1,0,1,0,0,0,0,0,,73.0,51.0,2.0,10.0,0.0694,0.0694,,0.0
MEDAK,PAPANNAPET,0409021,Narsingi,Cotton,,1,0,1,0,0,0,0,0,,107.0,49.0,6.0,11.0,0.2908,0.2908,,0.0
MEDAK,PAPANNAPET,0409022,Bacharam,Bengal Gram,,2,0,2,0,0,0,0,0,,35.5,38.0,3.0,9.5,0.1545,0.3091,,0.0
MEDAK,PAPANNAPET,0409022,Bacharam,Cotton,,2,0,2,0,0,0,0,0,,87.0,45.5,3.5,10.0,0.1657,0.3315,,0.0
MEDAK,PAPANNAPET,0409023,Namapur,Bengal Gram,,1,0,1,0,0,0,0,0,,36.0,24.0,2.0,8.0,0.0531,0.0531,,0.0
MEDAK,PAPANNAPET,0409025,Chitriyal,Cotton,,2,0,2,0,0,0,0,0,,108.0,51.5,4.5,13.5,0.2934,0.5868,,0.0
MEDAK,RAMAYAMPET,0413001,Dantepalle,Maize,Healthy,1,1,0,1,0,0,0,0,0.0,224.0,50.0,5.0,22.0,0.0644,0.0644,0.0,100.0
MEDAK,RAMAYAMPET,0413002,Parvathapur,Paddy,Stressed,1,1,0,0,1,0,0,1,0.5,97.0,88.0,5.0,24.0,0.0656,0.0656,100.0,100.0
MEDAK,RAMAYAMPET,0413003,Katrial,Maize,Healthy,1,1,0,1,0,0,0,0,0.0,154.0,56.0,3.0,24.0,0.0229,0.0229,0.0,100.0
MEDAK,RAMAYAMPET,0413003,Katrial,Paddy,Healthy,5,5,0,5,0,0,0,0,0.0,70.8,91.2,5.2,23.0,0.1972,0.9858,0.0,100.0
MEDAK,RAMAYAMPET,0413004,Lakshmapur,Paddy,Healthy,4,4,0,4,0,0,0,0,0.0,83.25,89.0,3.25,22.25,0.1727,0.6908,0.0,100.0
MEDAK,RAMAYAMPET,0413005,Thonigandla,Paddy,Diseased,1,1,0,0,0,1,0,1,0.8,79.0,91.0,4.0,19.0,0.1813,0.1813,100.0,100.0
MEDAK,RAMAYAMPET,0413005,Thonigandla,Paddy,Healthy,7,7,0,7,0,0,0,0,0.0,72.2857,90.4286,5.0,20.0,0.2298,1.6087,0.0,100.0
MEDAK,RAMAYAMPET,0413005,Thonigandla,Paddy,Pests,1,1,0,0,0,0,1,1,0.9,67.0,91.0,4.0,15.0,0.1203,0.1203,100.0,100.0
MEDAK,RAMAYAMPET,0413005,Thonigandla,Paddy,Stressed,1,1,0,0,1,0,0,1,0.5,76.0,100.0,5.0,25.0,0.1102,0.1102,100.0,100.0
MEDAK,RAMAYAMPET,0413007,Jamsing Lingapur,Paddy,Healthy,2,2,0,2,0,0,0,0,0.0,79.5,88.5,4.5,21.0,0.262,0.524,0.0,100.0
MEDAK,RAMAYAMPET,0413007,Jamsing Lingapur,Paddy,Pests,3,3,0,0,0,0,3,3,0.9,81.6667,88.3333,4.3333,22.3333,0.2789,0.8368,100.0,100.0
MEDAK,RAMAYAMPET,0413008,Akkannapet,Paddy,Diseased,1,1,0,0,0,1,0,1,0.8,58.0,94.0,3.0,20.0,0.1763,0.1763,100.0,100.0
MEDAK,RAMAYAMPET,0413008,Akkannapet,Paddy,Healthy,11,11,0,11,0,0,0,0,0.0,72.3636,90.1818,4.1818,18.2727,0.2362,2.5987,0.0,100.0
MEDAK,RAMAYAMPET,0413008,Akkannapet,Paddy,Pests,1,1,0,0,0,0,1,1,0.9,69.0,91.0,5.0,19.0,0.1613,0.1613,100.0,100.0
MEDAK,RAMAYAMPET,0413009,Damaracheru,Groundnut,Diseased,1,1,0,0,0,1,0,1,0.8,38.0,44.0,1.0,14.0,0.1361,0.1361,100.0,100.0
MEDAK,RAMAYAMPET,0413009,Damaracheru,Maize,Diseased,2,2,0,0,0,2,0,2,0.8,156.5,51.0,3.0,23.5,0.1447,0.2893,100.0,100.0
MEDAK,RAMAYAMPET,0413009,Damaracheru,Maize,Healthy,8,8,0,8,0,0,0,0,0.0,184.875,52.5,3.75,23.375,0.2314,1.8513,0.0,100.0
MEDAK,RAMAYAMPET,0413009,Damaracheru,Paddy,Healthy,21,21,0,21,0,0,0,0,0.0,80.0476,90.6667,4.381,21.5238,0.2919,6.1309,0.0,100.0
MEDAK,RAMAYAMPET,0413009,Damaracheru,Paddy,Stressed,1,1,0,0,1,0,0,1,0.5,94.0,91.0,3.0,16.0,0.1287,0.1287,100.0,100.0
MEDAK,RAMAYAMPET,0413010,Ramayampet,Cotton,Healthy,2,2,0,2,0,0,0,0,0.0,89.0,60.0,4.0,14.5,0.3021,0.6041,0.0,100.0
MEDAK,RAMAYAMPET,0413010,Ramayampet,Maize,Healthy,1,1,0,1,0,0,0,0,0.0,181.0,44.0,2.0,29.0,0.2375,0.2375,0.0,100.0
MEDAK,RAMAYAMPET,0413010,Ramayampet,Paddy,Diseased,1,1,0,0,0,1,0,1,0.8,88.0,84.0,3.0,19.0,0.4705,0.4705,100.0,100.0
MEDAK,RAMAYAMPET,0413010,Ramayampet,Paddy,Healthy,23,23,0,23,0,0,0,0,0.0,80.1739,90.6087,4.5652,21.8261,0.3473,7.9882,0.0,100.0
MEDAK,RAMAYAMPET,0413010,Ramayampet,Paddy,Pests,3,3,0,0,0,0,3,3,0.9,68.6667,92.3333,4.0,21.6667,0.1061,0.3182,100.0,100.0
MEDAK,RAMAYAMPET,0413010,Ramayampet,Paddy,Stressed,1,1,0,0,1,0,0,1,0.5,99.0,92.0,5.0,24.0,0.1997,0.1997,100.0,100.0
MEDAK,RAMAYAMPET,0413011,Komatipalle,Cotton,Pests,1,1,0,0,0,0,1,1,0.9,74.0,46.0,3.0,20.0,0.3202,0.3202,100.0,100.0
MEDAK,RAMAYAMPET,0413011,Komatipalle,Maize,Healthy,7,7,0,7,0,0,0,0,0.0,149.0,50.5714,3.0,22.0,0.1577,1.1038,0.0,100.0
MEDAK,RAMAYAMPET,0413011,Komatipalle,Paddy,Healthy,11,11,0,11,0,0,0,0,0.0,71.7273,90.5455,4.3636,20.4545,0.1276,1.4031,0.0,100.0
MEDAK,RAMAYAMPET,0413011,Komatipalle,Paddy,Pests,1,1,0,0,0,0,1,1,0.9,80.0,95.0,5.0,22.0,0.6089,0.6089,100.0,100.0
MEDAK,RAMAYAMPET,0413012,Konapur,Cotton,Healthy,4,4,0,4,0,0,0,0,0.0,87.75,49.75,4.25,17.25,0.3701,1.4803,0.0,100.0
MEDAK,RAMAYAMPET,0413012,Konapur,Maize,Healthy,5,5,0,5,0,0,0,0,0.0,165.4,54.4,3.2,23.6,0.2273,1.1364,0.0,100.0
MEDAK,RAMAYAMPET,0413012,Konapur,Maize,Pests,1,1,0,0,0,0,1,1,0.9,166.0,57.0,4.0,20.0,0.1301,0.1301,100.0,100.0
MEDAK,RAMAYAMPET,0413012,Konapur,Paddy,Diseased,1,1,0,0,0,1,0,1,0.8,85.0,85.0,3.0,16.0,0.1138,0.1138,100.0,100.0
MEDAK,RAMAYAMPET,0413012,Konapur,Paddy,Healthy,11,11,0,11,0,0,0,0,0.0,76.6364,89.9091,4.7273,20.1818,0.1202,1.322,0.0,100.0
MEDAK,RAMAYAMPET,0413012,Konapur,Paddy,Pests,3,3,0,0,0,0,3,3,0.9,87.6667,88.6667,4.3333,19.0,0.2104,0.6313,100.0,100.0
MEDAK,RAMAYAMPET,0413012,Konapur,Paddy,Stressed,2,2,0,0,2,0,0,2,0.5,77.0,91.0,5.5,20.0,0.0827,0.1654,100.0,100.0
MEDAK,RAMAYAMPET,0413013,Nandigaon,Cotton,,2,0,2,0,0,0,0,0,,110.0,50.0,4.0,17.0,0.3801,0.7602,,0.0
MEDAK,RAMAYAMPET,0413013,Nandigaon,Maize,,12,0,12,0,0,0,0,0,,169.5,48.5,3.4167,24.0,0.2366,2.8397,,0.0
MEDAK,RAMAYAMPET,0413013,Nandigaon,Paddy,,4,0,4,0,0,0,0,0,,70.5,92.25,4.5,19.0,0.1545,0.6179,,0.0
MEDAK,RAMAYAMPET,0413014,Chelmeda,Cotton,,5,0,5,0,0,0,0,0,,89.2,49.0,4.0,15.0,0.5072,2.5359,,0.0
MEDAK,RAMAYAMPET,0413014,Chelmeda,Maize,,7,0,7,0,0,0,0,0,,154.7143,49.2857,3.8571,24.5714,0.2906,2.0344,,0.0
MEDAK,RAMAYAMPET,0413014,Chelmeda,Paddy,,18,0,18,0,0,0,0,0,,71.6111,90.9444,3.9444,19.6111,0.1814,3.2657,,0.0
MEDAK,RAMAYAMPET,0413014,Chelmeda,Paddy,Healthy,1,1,0,1,0,0,0,0,0.0,56.0,80.0,5.0,17.0,0.1278,0.1278,0.0,100.0
MEDAK,RAMAYAMPET,0413015,Naskal,Chillies,,1,0,1,0,0,0,0,0,,77.0,48.0,3.0,6.0,0.1594,0.1594,,0.0
MEDAK,RAMAYAMPET,0413015,Naskal,Cotton,,2,0,2,0,0,0,0,0,,103.5,49.0,3.5,12.5,0.3806,0.7613,,0.0
MEDAK,RAMAYAMPET,0413015,Naskal,Maize,,1,0,1,0,0,0,0,0,,112.0,42.0,4.0,22.0,0.2878,0.2878,,0.0
MEDAK,RAMAYAMPET,0413015,Naskal,Paddy,,55,0,55,0,0,0,0,0,,72.1818,92.4364,4.4364,19.4727,0.1439,7.9164,,0.0
MEDAK,RAMAYAMPET,0413015,Naskal,Red Gram,,1,0,1,0,0,0,0,0,,75.0,32.0,1.0,11.0,0.0664,0.0664,,0.0
MEDAK,RAMAYAMPET,0413016,Nizampet,Cotton,,2,0,2,0,0,0,0,0,,107.0,51.5,5.0,19.5,0.2293,0.4586,,0.0
MEDAK,RAMAYAMPET,0413016,Nizampet,Maize,,7,0,7,0,0,0,0,0,,161.4286,50.0,3.7143,23.8571,0.1818,1.2726,,0.0
MEDAK,RAMAYAMPET,0413016,Nizampet,Paddy,,2,0,2,0,0,0,0,0,,73.0,89.0,4.0,20.0,0.2003,0.4007,,0.0
MEDAK,RAMAYAMPET,0413017,Kalwakunta,Bengal Gram,,1,0,1,0,0,0,0,0,,32.0,37.0,3.0,10.0,0.1494,0.1494,,0.0
MEDAK,RAMAYAMPET,0413017,Kalwakunta,Chillies,,1,0,1,0,0,0,0,0,,89.0,50.0,2.0,7.0,0.0069,0.0069,,0.0
MEDAK,RAMAYAMPET,0413017,Kalwakunta,Cotton,,7,0,7,0,0,0,0,0,,88.2857,48.2857,4.1429,12.7143,0.2816,1.971,,0.0
MEDAK,RAMAYAMPET,0413017,Kalwakunta,Maize,,15,0,15,0,0,0,0,0,,160.8,48.4,2.8,24.7333,0.186,2.7904,,0.0
MEDAK,RAMAYAMPET,0413017,Kalwakunta,Paddy,,25,0,25,0,0,0,0,0,,77.64,90.96,4.52,19.72,0.1648,4.1191,,0.0
MEDAK,RAMAYAMPET,0413018,Venkatapur,Cotton,,10,0,10,0,0,0,0,0,,96.2,50.5,4.4,13.5,0.1453,1.4526,,0.0
MEDAK,RAMAYAMPET,0413018,Venkatapur,Maize,,2,0,2,0,0,0,0,0,,163.5,49.5,4.0,24.0,0.1353,0.2705,,0.0
MEDAK,RAMAYAMPET,0413018,Venkatapur,Paddy,,31,0,31,0,0,0,0,0,,73.0645,90.0323,4.8065,17.6774,0.1499,4.6472,,0.0
MEDAK,RAMAYAMPET,0413019,Narlapur,Bengal Gram,,1,0,1,0,0,0,0,0,,31.0,22.0,2.0,8.0,0.189,0.189,,0.0
MEDAK,RAMAYAMPET,0413019,Narlapur,Chillies,,1,0,1,0,0,0,0,0,,62.0,54.0,3.0,10.0,0.035,0.035,,0.0
MEDAK,RAMAYAMPET,0413019,Narlapur,Cotton,,17,0,17,0,0,0,0,0,,86.2941,51.7647,3.8824,13.4706,0.3132,5.3251,,0.0
MEDAK,RAMAYAMPET,0413019,Narlapur,Maize,,47,0,47,0,0,0,0,0,,173.9574,49.383,3.4043,23.1702,0.228,10.716,,0.0
MEDAK,RAMAYAMPET,0413019,Narlapur,Paddy,,107,0,107,0,0,0,0,0,,74.7009,90.5514,4.5888,19.9252,0.1798,19.2433,,0.0
MEDAK,RAMAYAMPET,0413019,Narlapur,Paddy,Healthy,1,1,0,1,0,0,0,0,0.0,96.0,89.0,4.0,21.0,0.133,0.133,0.0,100.0
MEDAK,RAMAYAMPET,0413020,Bachurajpalle,Chillies,,1,0,1,0,0,0,0,0,,53.0,59.0,3.0,6.0,0.0254,0.0254,,0.0
MEDAK,RAMAYAMPET,0413020,Bachurajpalle,Cotton,,3,0,3,0,0,0,0,0,,102.0,53.3333,2.0,13.3333,0.2625,0.7874,,0.0
MEDAK,RAMAYAMPET,0413020,Bachurajpalle,Maize,,54,0,54,0,0,0,0,0,,195.6852,49.963,3.4259,23.2407,0.168,9.0699,,0.0
MEDAK,RAMAYAMPET,0413020,Bachurajpalle,Maize,Pests,1,1,0,0,0,0,1,1,0.9,199.0,48.0,5.0,25.0,0.2201,0.2201,100.0,100.0
MEDAK,RAMAYAMPET,0413020,Bachurajpalle,Paddy,,5,0,5,0,0,0,0,0,,71.4,91.6,4.8,20.4,0.2106,1.0532,,0.0
MEDAK,RAMAYAMPET,0413021,Rayalapur,Chillies,Healthy,1,1,0,1,0,0,0,0,0.0,76.0,40.0,2.0,8.0,0.0717,0.0717,0.0,100.0
MEDAK,RAMAYAMPET,0413021,Rayalapur,Cotton,Healthy,4,4,0,4,0,0,0,0,0.0,91.5,50.75,4.25,15.25,0.2242,0.8969,0.0,100.0
MEDAK,RAMAYAMPET,0413021,Rayalapur,Maize,Diseased,1,1,0,0,0,1,0,1,0.8,137.0,45.0,3.0,27.0,0.0662,0.0662,100.0,100.0
MEDAK,RAMAYAMPET,0413021,Rayalapur,Maize,Healthy,8,8,0,8,0,0,0,0,0.0,165.75,46.625,3.25,24.5,0.2241,1.7929,0.0,100.0
MEDAK,RAMAYAMPET,0413021,Rayalapur,Paddy,Healthy,18,18,0,18,0,0,0,0,0.0,70.8333,89.2778,4.6111,20.6667,0.2506,4.5103,0.0,100.0
MEDAK,RAMAYAMPET,0413021,Rayalapur,Paddy,Pests,1,1,0,0,0,0,1,1,0.9,50.0,81.0,3.0,25.0,0.3279,0.3279,100.0,100.0
MEDAK,RAMAYAMPET,0413021,Rayalapur,Paddy,Stressed,1,1,0,0,1,0,0,1,0.5,76.0,89.0,4.0,20.0,0.1289,0.1289,100.0,100.0
MEDAK,RAMAYAMPET,0413021,Rayalapur,Red Gram,Healthy,1,1,0,1,0,0,0,0,0.0,112.0,26.0,2.0,10.0,0.0699,0.0699,0.0,100.0
MEDAK,RAMAYAMPET,0413022,Sutarpalle,Cotton,Diseased,1,1,0,0,0,1,0,1,0.8,95.0,55.0,2.0,14.0,0.1522,0.1522,100.0,100.0
MEDAK,RAMAYAMPET,0413022,Sutarpalle,Cotton,Healthy,4,4,0,4,0,0,0,0,0.0,81.0,49.25,4.25,14.75,0.1591,0.6364,0.0,100.0
MEDAK,RAMAYAMPET,0413023,Sivaipalle,Cotton,Healthy,4,4,0,4,0,0,0,0,0.0,79.5,50.5,4.25,15.25,0.3818,1.527,0.0,100.0
MEDAK,RAMAYAMPET,0413023,Sivaipalle,Maize,Diseased,1,1,0,0,0,1,0,1,0.8,152.0,50.0,3.0,28.0,0.0872,0.0872,100.0,100.0
MEDAK,RAMAYAMPET,0413023,Sivaipalle,Paddy,Diseased,2,2,0,0,0,2,0,2,0.8,71.5,81.5,5.0,19.5,0.2405,0.481,100.0,100.0
MEDAK,RAMAYAMPET,0413023,Sivaipalle,Paddy,Healthy,7,7,0,7,0,0,0,0,0.0,71.8571,87.8571,4.7143,17.8571,0.2151,1.5054,0.0,100.0
MEDAK,RAMAYAMPET,0413023,Sivaipalle,Paddy,Stressed,1,1,0,0,1,0,0,1,0.5,67.0,100.0,3.0,23.0,0.2735,0.2735,100.0,100.0
MEDAK,RAMAYAMPET,0413023,Sivaipalle,Red Gram,Pests,1,1,0,0,0,0,1,1,0.9,98.0,43.0,1.0,12.0,0.0533,0.0533,100.0,100.0
MEDAK,RAMAYAMPET,0413024,Dongal Dharmaram,Cotton,Diseased,1,1,0,0,0,1,0,1,0.8,62.0,52.0,4.0,13.0,0.1581,0.1581,100.0,100.0
MEDAK,RAMAYAMPET,0413024,Dongal Dharmaram,Cotton,Healthy,3,3,0,3,0,0,0,0,0.0,87.0,44.6667,3.6667,12.0,0.276,0.8281,0.0,100.0
MEDAK,RAMAYAMPET,0413024,Dongal Dharmaram,Maize,Healthy,1,1,0,1,0,0,0,0,0.0,181.0,46.0,4.0,30.0,0.0838,0.0838,0.0,100.0
MEDAK,RAMAYAMPET,0413024,Dongal Dharmaram,Paddy,Diseased,2,2,0,0,0,2,0,2,0.8,81.5,95.5,5.0,18.5,0.2513,0.5027,100.0,100.0
MEDAK,RAMAYAMPET,0413024,Dongal Dharmaram,Paddy,Healthy,26,26,0,26,0,0,0,0,0.0,76.3077,87.8846,4.6923,19.6538,0.2551,6.6331,0.0,100.0
MEDAK,RAMAYAMPET,0413024,Dongal Dharmaram,Paddy,Pests,1,1,0,0,0,0,1,1,0.9,89.0,95.0,4.0,15.0,0.3187,0.3187,100.0,100.0
MEDAK,RAMAYAMPET,0413024,Dongal Dharmaram,Paddy,Stressed,2,2,0,0,2,0,0,2,0.5,65.0,86.5,3.5,17.5,0.148,0.296,100.0,100.0
MEDAK,SHANKARAMPET (R),0412001,Khajapur,Paddy,Diseased,1,1,0,0,0,1,0,1,0.8,70.0,84.0,4.0,20.0,0.0745,0.0745,100.0,100.0
MEDAK,SHANKARAMPET (R),0412001,Khajapur,Paddy,Healthy,9,9,0,9,0,0,0,0,0.0,69.3333,90.0,4.1111,20.6667,0.1086,0.977,0.0,100.0
MEDAK,SHANKARAMPET (R),0412001,Khajapur,Paddy,Stressed,1,1,0,0,1,0,0,1,0.5,91.0,81.0,4.0,22.0,0.0795,0.0795,100.0,100.0
MEDAK,SHANKARAMPET (R),0412002,Sankhapur,Maize,Healthy,1,1,0,1,0,0,0,0,0.0,141.0,51.0,2.0,28.0,0.1907,0.1907,0.0,100.0
MEDAK,SHANKARAMPET (R),0412002,Sankhapur,Paddy,Healthy,6,6,0,6,0,0,0,0,0.0,71.5,90.6667,4.6667,20.5,0.1402,0.8411,0.0,100.0
MEDAK,SHANKARAMPET (R),0412002,Sankhapur,Paddy,Stressed,2,2,0,0,2,0,0,2,0.5,75.5,84.5,4.5,19.5,0.0504,0.1008,100.0,100.0
MEDAK,SHANKARAMPET (R),0412003,Zapthishivnur,Maize,Healthy,1,1,0,1,0,0,0,0,0.0,233.0,46.0,5.0,28.0,0.0566,0.0566,0.0,100.0
MEDAK,SHANKARAMPET (R),0412003,Zapthishivnur,Paddy,Healthy,2,2,0,2,0,0,0,0,0.0,69.5,95.5,5.5,23.5,0.1635,0.327,0.0,100.0
MEDAK,SHANKARAMPET (R),0412003,Zapthishivnur,Paddy,Pests,1,1,0,0,0,0,1,1,0.9,54.0,93.0,4.0,24.0,0.5498,0.5498,100.0,100.0
MEDAK,SHANKARAMPET (R),0412003,Zapthishivnur,Paddy,Stressed,2,2,0,0,2,0,0,2,0.5,75.5,94.0,5.0,19.0,0.2045,0.4091,100.0,100.0
MEDAK,SHANKARAMPET (R),0412004,Kaslapur,Paddy,Healthy,1,1,0,1,0,0,0,0,0.0,67.0,96.0,3.0,22.0,0.2933,0.2933,0.0,100.0
MEDAK,SHANKARAMPET (R),0412005,Mirzapalle,Paddy,Healthy,15,15,0,15,0,0,0,0,0.0,81.0667,89.4,4.1333,21.4667,0.1905,2.8568,0.0,100.0
MEDAK,SHANKARAMPET (R),0412005,Mirzapalle,Paddy,Pests,4,4,0,0,0,0,4,4,0.9,74.0,85.0,4.75,21.25,0.1701,0.6804,100.0,100.0
MEDAK,SHANKARAMPET (R),0412005,Mirzapalle,Red Gram,Healthy,1,1,0,1,0,0,0,0,0.0,99.0,27.0,1.0,11.0,0.1597,0.1597,0.0,100.0
MEDAK,SHANKARAMPET (R),0412006,Seripalle,Paddy,Healthy,6,6,0,6,0,0,0,0,0.0,63.0,88.5,4.1667,22.5,0.1631,0.9783,0.0,100.0
MEDAK,SHANKARAMPET (R),0412007,Kamaram,Paddy,Healthy,6,6,0,6,0,0,0,0,0.0,67.3333,90.1667,3.8333,18.0,0.1932,1.159,0.0,100.0
MEDAK,SHANKARAMPET (R),0412007,Kamaram,Paddy,Pests,1,1,0,0,0,0,1,1,0.9,59.0,93.0,3.0,19.0,0.2237,0.2237,100.0,100.0
MEDAK,SHANKARAMPET (R),0412007,Kamaram,Red Gram,Healthy,2,2,0,2,0,0,0,0,0.0,68.0,32.0,2.5,11.0,0.1244,0.2489,0.0,100.0
MEDAK,SHANKARAMPET (R),0412008,Madur,Bengal Gram,Stressed,1,1,0,0,1,0,0,1,0.5,50.0,22.0,2.0,8.0,0.0415,0.0415,100.0,100.0
MEDAK,SHANKARAMPET (R),0412008,Madur,Chillies,Healthy,1,1,0,1,0,0,0,0,0.0,80.0,48.0,5.0,5.0,0.1645,0.1645,0.0,100.0
MEDAK,SHANKARAMPET (R),0412008,Madur,Paddy,Healthy,5,5,0,5,0,0,0,0,0.0,66.2,87.4,4.4,17.8,0.1024,0.5118,0.0,100.0
MEDAK,SHANKARAMPET (R),0412010,Korivipalle,Paddy,Healthy,5,5,0,5,0,0,0,0,0.0,77.0,88.4,4.4,18.8,0.1095,0.5476,0.0,100.0
MEDAK,SHANKARAMPET (R),0412010,Korivipalle,Paddy,Stressed,2,2,0,0,2,0,0,2,0.5,76.0,91.0,4.0,17.5,0.0913,0.1827,100.0,100.0
MEDAK,SHANKARAMPET (R),0412011,Turkala Mohammedapur,Paddy,Healthy,1,1,0,1,0,0,0,0,0.0,93.0,94.0,5.0,16.0,0.116,0.116,0.0,100.0
MEDAK,SHANKARAMPET (R),0412011,Turkala Mohammedapur,Paddy,Pests,2,2,0,0,0,0,2,2,0.9,68.0,87.5,6.0,18.5,0.1083,0.2166,100.0,100.0
MEDAK,SHANKARAMPET (R),0412015,Shankarampet (R),Cotton,Healthy,3,3,0,3,0,0,0,0,0.0,100.0,46.6667,3.3333,10.6667,0.3525,1.0576,0.0,100.0
MEDAK,SHANKARAMPET (R),0412015,Shankarampet (R),Maize,Diseased,1,1,0,0,0,1,0,1,0.8,145.0,43.0,5.0,24.0,0.1837,0.1837,100.0,100.0
MEDAK,SHANKARAMPET (R),0412015,Shankarampet (R),Maize,Healthy,2,2,0,2,0,0,0,0,0.0,178.0,48.5,4.5,21.5,0.1354,0.2708,0.0,100.0
MEDAK,SHANKARAMPET (R),0412015,Shankarampet (R),Paddy,Healthy,10,10,0,10,0,0,0,0,0.0,76.5,88.2,4.6,16.9,0.2059,2.0585,0.0,100.0
MEDAK,SHANKARAMPET (R),0412016,Chandampet,Paddy,Diseased,1,1,0,0,0,1,0,1,0.8,83.0,87.0,3.0,19.0,0.167,0.167,100.0,100.0
MEDAK,SHANKARAMPET (R),0412016,Chandampet,Paddy,Healthy,14,14,0,14,0,0,0,0,0.0,77.6429,90.5714,4.2857,17.0714,0.2409,3.372,0.0,100.0
MEDAK,SHANKARAMPET (R),0412016,Chandampet,Paddy,Stressed,1,1,0,0,1,0,0,1,0.5,89.0,81.0,3.0,16.0,0.2109,0.2109,100.0,100.0
MEDAK,SHANKARAMPET (R),0412018,Jangrai,Cotton,Diseased,1,1,0,0,0,1,0,1,0.8,65.0,41.0,3.0,13.0,0.1842,0.1842,100.0,100.0
MEDAK,SHANKARAMPET (R),0412018,Jangrai,Cotton,Healthy,3,3,0,3,0,0,0,0,0.0,70.6667,53.0,3.6667,13.0,0.1395,0.4185,0.0,100.0
MEDAK,SHANKARAMPET (R),0412018,Jangrai,Maize,Healthy,2,2,0,2,0,0,0,0,0.0,175.0,53.0,2.5,24.5,0.1309,0.2619,0.0,100.0
MEDAK,SHANKARAMPET (R),0412020,Dharpalle,Chillies,Pests,1,1,0,0,0,0,1,1,0.9,60.0,43.0,5.0,9.0,0.0681,0.0681,100.0,100.0
MEDAK,SHANKARAMPET (R),0412020,Dharpalle,Paddy,Healthy,2,2,0,2,0,0,0,0,0.0,75.5,87.5,4.5,17.0,0.095,0.1899,0.0,100.0
MEDAK,SHANKARAMPET (R),0412020,Dharpalle,Red Gram,Healthy,2,2,0,2,0,0,0,0,0.0,109.5,41.0,1.5,10.5,0.15,0.3001,0.0,100.0
MEDAK,SHANKARAMPET[A],0406001,Tenkati,Cotton,Healthy,3,3,0,3,0,0,0,0,0.0,104.0,44.6667,5.0,12.3333,0.0416,0.1247,0.0,100.0
MEDAK,SHANKARAMPET[A],0406002,Chintal Lakshmapur,Cotton,Healthy,7,7,0,7,0,0,0,0,0.0,81.4286,49.5714,4.5714,12.7143,0.1115,0.7806,0.0,100.0
MEDAK,SHANKARAMPET[A],0406003,Jambikunta,Cotton,,3,0,3,0,0,0,0,0,,72.0,53.6667,3.3333,12.0,0.1352,0.4055,,0.0
MEDAK,SHANKARAMPET[A],0406003,Jambikunta,Cotton,Healthy,2,2,0,2,0,0,0,0,0.0,78.0,53.5,4.5,11.0,0.0859,0.1718,0.0,100.0
MEDAK,SHANKARAMPET[A],0406004,Cheelapalle,Cotton,Healthy,13,13,0,13,0,0,0,0,0.0,86.3077,48.3846,3.5385,13.2308,0.1857,2.4142,0.0,100.0
MEDAK,SHANKARAMPET[A],0406004,Cheelapalle,Cotton,Stressed,2,2,0,0,2,0,0,2,0.5,108.0,50.5,6.0,11.5,0.1903,0.3807,100.0,100.0
MEDAK,SHANKARAMPET[A],0406005,Uthloor,Cotton,Diseased,1,1,0,0,0,1,0,1,0.8,76.0,43.0,5.0,12.0,0.1192,0.1192,100.0,100.0
MEDAK,SHANKARAMPET[A],0406005,Uthloor,Cotton,Healthy,24,24,0,24,0,0,0,0,0.0,96.4167,49.25,4.6667,12.5833,0.1547,3.7125,0.0,100.0
MEDAK,SHANKARAMPET[A],0406005,Uthloor,Cotton,Pests,2,2,0,0,0,0,2,2,0.9,95.5,47.5,5.0,13.0,0.2444,0.4888,100.0,100.0
MEDAK,SHANKARAMPET[A],0406006,Narayanapalle,Cotton,Healthy,2,2,0,2,0,0,0,0,0.0,112.5,43.5,3.0,11.0,0.293,0.586,0.0,100.0
MEDAK,SHANKARAMPET[A],0406014,Marshetpalle,Cotton,Healthy,2,2,0,2,0,0,0,0,0.0,87.5,52.5,2.0,14.0,0.2692,0.5384,0.0,100.0
MEDAK,SHANKARAMPET[A],0406015,Musapet,Cotton,Pests,1,1,0,0,0,0,1,1,0.9,77.0,51.0,5.0,12.0,0.1339,0.1339,100.0,100.0
MEDAK,SHANKARAMPET[A],0406016,Kollapalle,Cotton,Healthy,1,1,0,1,0,0,0,0,0.0,73.0,40.0,2.0,11.0,0.0332,0.0332,0.0,100.0
MEDAK,SHANKARAMPET[A],0406016,Kollapalle,Cotton,Pests,1,1,0,0,0,0,1,1,0.9,117.0,49.0,2.0,11.0,0.0337,0.0337,100.0,100.0
MEDAK,SHANKARAMPET[A],0406018,Thirumalapur,Cotton,Healthy,2,2,0,2,0,0,0,0,0.0,97.5,51.5,4.0,11.5,0.1745,0.349,0.0,100.0
MEDAK,SHANKARAMPET[A],0406019,Kamalapur,Cotton,Healthy,1,1,0,1,0,0,0,0,0.0,101.0,54.0,3.0,15.0,0.0403,0.0403,0.0,100.0
MEDAK,SHANKARAMPET[A],0406024,Maktha Lakshmapur,Cotton,Healthy,9,9,0,9,0,0,0,0,0.0,89.5556,47.2222,4.0,12.7778,0.1735,1.5616,0.0,100.0
MEDAK,SHANKARAMPET[A],0406025,Burugupalle,Cotton,Diseased,1,1,0,0,0,1,0,1,0.8,91.0,41.0,2.0,11.0,0.2759,0.2759,100.0,100.0
MEDAK,SHANKARAMPET[A],0406025,Burugupalle,Cotton,Healthy,6,6,0,6,0,0,0,0,0.0,97.5,47.1667,4.0,11.6667,0.227,1.3621,0.0,100.0
MEDAK,SHANKARAMPET[A],0406025,Burugupalle,Cotton,Stressed,1,1,0,0,1,0,0,1,0.5,81.0,56.0,3.0,15.0,0.2572,0.2572,100.0,100.0
MEDAK,SHANKARAMPET[A],0406999,Nizamsagar Project,Cotton,Diseased,1,1,0,0,0,1,0,1,0.8,120.0,49.0,5.0,12.0,0.0888,0.0888,100.0,100.0
MEDAK,SHANKARAMPET[A],0406999,Nizamsagar Project,Cotton,Healthy,8,8,0,8,0,0,0,0,0.0,90.625,53.75,4.125,13.0,0.1412,1.1297,0.0,100.0
MEDAK,SHANKARAMPET[A],0406999,Nizamsagar Project,Cotton,Stressed,1,1,0,0,1,0,0,1,0.5,88.0,58.0,4.0,10.0,0.1006,0.1006,100.0,100.0
MEDAK,SHIVAMPET,0442001,Lingojiguda,Paddy,Healthy,1,1,0,1,0,0,0,0,0.0,51.0,90.0,6.0,15.0,0.0242,0.0242,0.0,100.0
MEDAK,SHIVAMPET,0442010,Edulapur,Paddy,Healthy,1,1,0,1,0,0,0,0,0.0,74.0,86.0,4.0,15.0,0.1076,0.1076,0.0,100.0
MEDAK,SHIVAMPET,0442012,Kothapet,Paddy,Healthy,4,4,0,4,0,0,0,0,0.0,71.5,89.0,4.5,16.75,0.0459,0.1835,0.0,100.0
MEDAK,SHIVAMPET,0442012,Kothapet,Paddy,Stressed,1,1,0,0,1,0,0,1,0.5,92.0,95.0,3.0,18.0,0.0723,0.0723,100.0,100.0
MEDAK,SHIVAMPET,0442013,Pillutla,Paddy,Healthy,2,2,0,2,0,0,0,0,0.0,68.0,92.0,4.5,15.0,0.0471,0.0943,0.0,100.0
MEDAK,SHIVAMPET,0442016,Shivampet,Paddy,Healthy,1,1,0,1,0,0,0,0,0.0,73.0,97.0,3.0,19.0,0.0894,0.0894,0.0,100.0
MEDAK,SHIVAMPET,0442017,Chandi,Paddy,Healthy,1,1,0,1,0,0,0,0,0.0,75.0,81.0,3.0,20.0,0.062,0.062,0.0,100.0
MEDAK,SHIVAMPET,0442019,Gangaipalle,Paddy,Healthy,1,1,0,1,0,0,0,0,0.0,97.0,90.0,4.0,20.0,0.0211,0.0211,0.0,100.0
MEDAK,SHIVAMPET,0442020,Potharam,Paddy,Healthy,1,1,0,1,0,0,0,0,0.0,51.0,84.0,4.0,15.0,0.07,0.07,0.0,100.0
MEDAK,SHIVAMPET,0442020,Potharam,Paddy,Pests,1,1,0,0,0,0,1,1,0.9,52.0,80.0,4.0,15.0,0.0765,0.0765,100.0,100.0
MEDAK,SHIVAMPET,0442025,Pedda Gottimukkala,Paddy,Healthy,2,2,0,2,0,0,0,0,0.0,75.5,90.0,3.5,19.5,0.0617,0.1234,0.0,100.0
MEDAK,SHIVAMPET,0442027,Nawabpet,Paddy,Healthy,1,1,0,1,0,0,0,0,0.0,83.0,87.0,4.0,17.0,0.0537,0.0537,0.0,100.0
MEDAK,TEKMAL,0408002,Bodagat,Cotton,,1,0,1,0,0,0,0,0,,62.0,44.0,4.0,11.0,0.1726,0.1726,,0.0
MEDAK,TEKMAL,0408005,Tamploor,Cotton,,18,0,18,0,0,0,0,0,,91.9444,49.4444,3.6111,11.9444,0.293,5.2745,,0.0
MEDAK,TEKMAL,0408006,Yellampalle,Cotton,,2,0,2,0,0,0,0,0,,86.0,55.5,2.0,12.5,0.0621,0.1242,,0.0
MEDAK,TEKMAL,0408010,Korampalle,Cotton,,1,0,1,0,0,0,0,0,,62.0,44.0,4.0,13.0,0.2333,0.2333,,0.0
MEDAK,TEKMAL,0408010,Korampalle,Paddy,,4,0,4,0,0,0,0,0,,76.75,91.5,4.75,18.5,0.0677,0.2707,,0.0
MEDAK,TEKMAL,0408011,Eklaspur,Paddy,,3,0,3,0,0,0,0,0,,72.6667,85.6667,4.3333,17.3333,0.0914,0.2742,,0.0
MEDAK,TEKMAL,0408012,Tekmal,Cotton,,12,0,12,0,0,0,0,0,,91.1667,49.9167,4.5,12.1667,0.3653,4.384,,0.0
MEDAK,TEKMAL,0408013,Kadloor,Cotton,,2,0,2,0,0,0,0,0,,90.0,47.0,5.0,10.5,0.3728,0.7455,,0.0
MEDAK,TEKMAL,0408013,Kadloor,Paddy,,2,0,2,0,0,0,0,0,,73.5,84.5,5.0,17.0,0.083,0.1661,,0.0
MEDAK,TEKMAL,0408014,Bodmatpalle,Cotton,,8,0,8,0,0,0,0,0,,89.125,47.375,4.75,13.0,0.1828,1.4623,,0.0
MEDAK,TEKMAL,0408014,Bodmatpalle,Cotton,Diseased,1,1,0,0,0,1,0,1,0.8,118.0,59.0,3.0,15.0,0.0628,0.0628,100.0,100.0
MEDAK,TEKMAL,0408014,Bodmatpalle,Cotton,Healthy,1,1,0,1,0,0,0,0,0.0,77.0,41.0,5.0,11.0,0.1372,0.1372,0.0,100.0
MEDAK,TEKMAL,0408015,Bardipur,Cotton,,16,0,16,0,0,0,0,0,,89.625,49.0,3.75,12.4375,0.3244,5.1912,,0.0
MEDAK,TEKMAL,0408015,Bardipur,Paddy,,1,0,1,0,0,0,0,0,,70.0,100.0,5.0,20.0,0.135,0.135,,0.0
MEDAK,TEKMAL,0408016,Palvancha,Cotton,,7,0,7,0,0,0,0,0,,93.5714,52.2857,3.5714,13.0,0.261,1.8273,,0.0
MEDAK,TEKMAL,0408016,Palvancha,Paddy,,2,0,2,0,0,0,0,0,,69.5,86.0,4.0,17.5,0.0581,0.1162,,0.0
MEDAK,TEKMAL,0408018,Malkapur,Cotton,,4,0,4,0,0,0,0,0,,86.25,56.0,3.5,12.25,0.1331,0.5323,,0.0
MEDAK,TUPRAN,0443009,Venktaipalle,Cotton,,2,0,2,0,0,0,0,0,,87.0,50.0,4.0,10.5,0.1228,0.2456,,0.0
MEDAK,TUPRAN,0443018,Ghanpur,Cotton,,2,0,2,0,0,0,0,0,,112.0,44.0,5.5,14.0,0.1075,0.215,,0.0
MEDAK,TUPRAN,0443023,Ramaipalle,Paddy,Healthy,1,1,0,1,0,0,0,0,0.0,98.0,91.0,5.0,17.0,0.0805,0.0805,0.0,100.0
MEDAK,TUPRAN,0443024,Venkatapur Agraharam,Cotton,Healthy,1,1,0,1,0,0,0,0,0.0,86.0,44.0,6.0,10.0,0.1073,0.1073,0.0,100.0
MEDAK,TUPRAN,0443026,Chatla  Gouraram,Paddy,Healthy,1,1,0,1,0,0,0,0,0.0,90.0,92.0,4.0,15.0,0.0846,0.0846,0.0,100.0
MEDAK,TUPRAN,0443026,Chatla  Gouraram,Paddy,Stressed,1,1,0,0,1,0,0,1,0.5,85.0,94.0,6.0,15.0,0.0636,0.0636,100.0,100.0
MEDAK,TUPRAN,0443032,Kondapur,Cotton,Healthy,3,3,0,3,0,0,0,0,0.0,92.0,42.3333,4.0,12.6667,0.4455,1.3366,0.0,100.0
MEDAK,YELDURTHY,0424002,Settipalle Kalan,Paddy,Healthy,1,1,0,1,0,0,0,0,0.0,93.0,95.0,6.0,20.0,0.105,0.105,0.0,100.0
MEDAK,YELDURTHY,0424005,Uppulingapur,Chillies,Diseased,1,1,0,0,0,1,0,1,0.8,86.0,42.0,5.0,5.0,0.2338,0.2338,100.0,100.0
MEDAK,YELDURTHY,0424005,Uppulingapur,Chillies,Healthy,1,1,0,1,0,0,0,0,0.0,51.0,45.0,2.0,5.0,0.0585,0.0585,0.0,100.0
MEDAK,YELDURTHY,0424013,Yeldurthy,Cotton,Healthy,1,1,0,1,0,0,0,0,0.0,71.0,47.0,5.0,12.0,0.1619,0.1619,0.0,100.0
MEDAK,YELDURTHY,0424017,Hakimpet,Paddy,Healthy,3,3,0,3,0,0,0,0,0.0,72.0,85.6667,4.3333,18.3333,0.2687,0.806,0.0,100.0
MEDAK,YELDURTHY,0424020,Masaipet,Paddy,Healthy,1,1,0,1,0,0,0,0,0.0,87.0,84.0,5.0,15.0,0.1771,0.1771,0.0,100.0
NALGONDA,ANUMULA,0851001,Kosalamarri,Cotton,Healthy,1,1,0,1,0,0,0,0,0.0,63.0,58.0,2.0,11.0,0.3405,0.3405,0.0,100.0
NALGONDA,ANUMULA,0851009,Yacharam,Cotton,Healthy,4,4,0,4,0,0,0,0,0.0,73.5,50.0,3.5,12.5,0.4207,1.6827,0.0,100.0
NALGONDA,ANUMULA,0851013,Ramadugu,Cotton,Healthy,3,3,0,3,0,0,0,0,0.0,94.0,54.0,3.0,13.3333,0.3596,1.0789,0.0,100.0
NALGONDA,ANUMULA,0851014,Thimmapuram,Cotton,Healthy,2,2,0,2,0,0,0,0,0.0,70.5,57.5,3.5,14.0,0.201,0.4021,0.0,100.0
NALGONDA,ANUMULA,0851016,Palem,Paddy,Healthy,1,1,0,1,0,0,0,0,0.0,82.0,98.0,6.0,17.0,0.0868,0.0868,0.0,100.0
NALGONDA,ANUMULA,0851018,Perur,Paddy,Healthy,1,1,0,1,0,0,0,0,0.0,84.0,96.0,3.0,17.0,0.0894,0.0894,0.0,100.0
NALGONDA,ANUMULA,0851019,Silgapur,Paddy,Pests,1,1,0,0,0,0,1,1,0.9,68.0,100.0,4.0,19.0,0.1161,0.1161,100.0,100.0
NALGONDA,ANUMULA,0851020,Tirumalagiri,Groundnut,Diseased,3,3,0,0,0,3,0,3,0.8,32.3333,43.0,1.3333,12.6667,0.6147,1.8441,100.0,100.0
NALGONDA,ANUMULA,0851020,Tirumalagiri,Groundnut,Healthy,34,34,0,34,0,0,0,0,0.0,28.4412,34.0882,2.6765,12.7941,0.584,19.8546,0.0,100.0
NALGONDA,ANUMULA,0851020,Tirumalagiri,Groundnut,Pests,5,5,0,0,0,0,5,5,0.9,35.6,33.2,3.0,14.0,0.685,3.425,100.0,100.0
NALGONDA,ANUMULA,0851020,Tirumalagiri,Groundnut,Stressed,2,2,0,0,2,0,0,2,0.5,24.5,31.5,1.5,13.5,0.5874,1.1749,100.0,100.0
NALGONDA,ANUMULA,0851024,Konerpuram,Cotton,Healthy,2,2,0,2,0,0,0,0,0.0,85.5,51.0,4.5,14.0,0.3748,0.7495,0.0,100.0
NALGONDA,ANUMULA,0851024,Konerpuram,Cotton,Pests,1,1,0,0,0,0,1,1,0.9,78.0,57.0,3.0,15.0,0.389,0.389,100.0,100.0
NALGONDA,ANUMULA,0851024,Konerpuram,Cotton,Stressed,1,1,0,0,1,0,0,1,0.5,75.0,59.0,3.0,12.0,0.1027,0.1027,100.0,100.0
NALGONDA,ANUMULA,0851024,Konerpuram,Groundnut,Healthy,7,7,0,7,0,0,0,0,0.0,33.1429,29.5714,2.0,11.2857,0.6217,4.3519,0.0,100.0
NALGONDA,ANUMULA,0851025,Yellapuram,Cotton,Healthy,3,3,0,3,0,0,0,0,0.0,90.3333,54.6667,4.3333,12.3333,0.7127,2.138,0.0,100.0
NALGONDA,ANUMULA,0851025,Yellapuram,Cotton,Stressed,1,1,0,0,1,0,0,1,0.5,94.0,58.0,4.0,15.0,0.5493,0.5493,100.0,100.0
NALGONDA,ANUMULA,0851025,Yellapuram,Groundnut,Diseased,3,3,0,0,0,3,0,3,0.8,33.3333,42.0,2.6667,11.6667,0.4068,1.2204,100.0,100.0
NALGONDA,ANUMULA,0851025,Yellapuram,Groundnut,Healthy,23,23,0,23,0,0,0,0,0.0,30.087,33.8261,2.7826,12.913,0.8469,19.4796,0.0,100.0
NALGONDA,ANUMULA,0851025,Yellapuram,Groundnut,Pests,2,2,0,0,0,0,2,2,0.9,30.0,29.0,3.5,13.0,0.4416,0.8833,100.0,100.0
NALGONDA,ANUMULA,0851025,Yellapuram,Groundnut,Stressed,1,1,0,0,1,0,0,1,0.5,35.0,21.0,2.0,12.0,0.4719,0.4719,100.0,100.0
NALGONDA,ANUMULA,0851027,Rajavaram,Paddy,Diseased,1,1,0,0,0,1,0,1,0.8,54.0,86.0,3.0,19.0,0.1052,0.1052,100.0,100.0
NALGONDA,ANUMULA,0851027,Rajavaram,Paddy,Healthy,3,3,0,3,0,0,0,0,0.0,60.0,89.0,4.0,18.3333,0.1361,0.4084,0.0,100.0
NALGONDA,CHANDAM PET,0859002,Mududondla,Cotton,Pests,1,1,0,0,0,0,1,1,0.9,107.0,57.0,5.0,12.0,0.3593,0.3593,100.0,100.0
NALGONDA,CHANDAM PET,0859003,Achampet (P) Chandampet,Cotton,Healthy,2,2,0,2,0,0,0,0,0.0,68.5,44.5,3.0,11.5,0.6885,1.377,0.0,100.0
NALGONDA,CHANDAM PET,0859006,Gagillapur,Cotton,Healthy,1,1,0,1,0,0,0,0,0.0,84.0,40.0,2.0,11.0,0.1682,0.1682,0.0,100.0
NALGONDA,CHANDAM PET,0859008,Neradugommu,Cotton,,2,0,2,0,0,0,0,0,,88.0,51.5,5.0,12.5,0.4274,0.8547,,0.0
NALGONDA,CHANDAM PET,0859010,Kotha Palle,Cotton,,2,0,2,0,0,0,0,0,,74.5,50.5,3.5,12.5,0.4075,0.8151,,0.0
NALGONDA,CHANDAM PET,0859013,Chitriyala,Cotton,Healthy,1,1,0,1,0,0,0,0,0.0,70.0,57.0,3.0,15.0,0.1693,0.1693,0.0,100.0
NALGONDA,CHANDUR,0838001,Ghattuppal,Cotton,Healthy,1,1,0,1,0,0,0,0,0.0,120.0,42.0,5.0,11.0,0.3326,0.3326,0.0,100.0
NALGONDA,CHANDUR,0838002,Theratpalle,Cotton,Healthy,4,4,0,4,0,0,0,0,0.0,82.25,47.5,3.0,14.75,1.2692,5.077,0.0,100.0
NALGONDA,CHANDUR,0838003,Kondapuram,Cotton,Healthy,1,1,0,1,0,0,0,0,0.0,77.0,41.0,3.0,10.0,0.4103,0.4103,0.0,100.0
NALGONDA,CHANDUR,0838005,Bodangi Parthy,Cotton,Healthy,3,3,0,3,0,0,0,0,0.0,106.6667,48.6667,4.3333,11.0,0.2565,0.7696,0.0,100.0
NALGONDA,CHANDUR,0838006,Kumandaniguda,Cotton,Healthy,2,2,0,2,0,0,0,0,0.0,106.5,44.0,4.0,12.0,0.1349,0.2699,0.0,100.0
NALGONDA,CHANDUR,0838007,Sirdepalle,Cotton,Healthy,2,2,0,2,0,0,0,0,0.0,100.5,49.0,3.5,12.5,0.4781,0.9563,0.0,100.0
NALGONDA,CHANDUR,0838008,Idikuda,Cotton,Diseased,2,2,0,0,0,2,0,2,0.8,95.5,54.5,3.5,12.5,0.6163,1.2326,100.0,100.0
NALGONDA,CHANDUR,0838008,Idikuda,Cotton,Healthy,4,4,0,4,0,0,0,0,0.0,81.0,50.5,3.75,13.25,0.9446,3.7784,0.0,100.0
NALGONDA,CHANDUR,0838008,Idikuda,Cotton,Pests,1,1,0,0,0,0,1,1,0.9,114.0,55.0,2.0,14.0,0.7294,0.7294,100.0,100.0
NALGONDA,CHANDUR,0838009,Nermata,Cotton,Healthy,2,2,0,2,0,0,0,0,0.0,79.5,50.0,4.0,13.0,1.8353,3.6706,0.0,100.0
NALGONDA,CHANDUR,0838010,Donipamula,Cotton,Healthy,2,2,0,2,0,0,0,0,0.0,103.0,52.5,4.5,10.5,0.9275,1.8549,0.0,100.0
NALGONDA,CHANDUR,0838013,Chandur,Cotton,Pests,1,1,0,0,0,0,1,1,0.9,113.0,57.0,3.0,11.0,0.453,0.453,100.0,100.0
NALGONDA,CHANDUR,0838014,Udathala Palle,Cotton,,1,0,1,0,0,0,0,0,,67.0,59.0,4.0,12.0,0.4518,0.4518,,0.0
NALGONDA,CHANDUR,0838014,Udathala Palle,Cotton,Healthy,2,2,0,2,0,0,0,0,0.0,80.5,45.0,4.0,14.5,0.2803,0.5605,0.0,100.0
NALGONDA,CHANDUR,0838014,Udathala Palle,Paddy,Healthy,1,1,0,1,0,0,0,0,0.0,97.0,81.0,4.0,19.0,0.0414,0.0414,0.0,100.0
NALGONDA,CHANDUR,0838015,Kasthala,Cotton,Healthy,3,3,0,3,0,0,0,0,0.0,90.0,55.6667,3.0,12.3333,0.3538,1.0613,0.0,100.0
NALGONDA,CHANDUR,0838016,Gundrepalle,Cotton,Healthy,1,1,0,1,0,0,0,0,0.0,108.0,49.0,4.0,10.0,0.3422,0.3422,0.0,100.0
NALGONDA,CHANDUR,0838016,Gundrepalle,Paddy,Healthy,1,1,0,1,0,0,0,0,0.0,95.0,96.0,6.0,19.0,0.1462,0.1462,0.0,100.0
NALGONDA,CHINTHA PALLE,0856005,Kurmaidu,Cotton,Healthy,7,7,0,7,0,0,0,0,0.0,87.2857,49.2857,4.0,12.5714,0.3843,2.6899,0.0,100.0
NALGONDA,CHINTHA PALLE,0856005,Kurmaidu,Cotton,Pests,2,2,0,0,0,0,2,2,0.9,75.5,50.0,5.5,12.5,0.6251,1.2501,100.0,100.0
NALGONDA,CHINTHA PALLE,0856008,Kurma Palle,Cotton,,1,0,1,0,0,0,0,0,,116.0,44.0,2.0,13.0,0.2896,0.2896,,0.0
NALGONDA,CHINTHA PALLE,0856008,Kurma Palle,Cotton,Healthy,5,5,0,5,0,0,0,0,0.0,84.0,53.2,3.4,12.2,0.5638,2.8188,0.0,100.0
NALGONDA,CHINTHA PALLE,0856008,Kurma Palle,Cotton,Pests,1,1,0,0,0,0,1,1,0.9,115.0,51.0,2.0,14.0,0.0609,0.0609,100.0,100.0
NALGONDA,CHINTHA PALLE,0856008,Kurma Palle,Cotton,Stressed,1,1,0,0,1,0,0,1,0.5,67.0,54.0,6.0,12.0,2.2582,2.2582,100.0,100.0
NALGONDA,CHINTHA PALLE,0856009,P.K. Mallepalle,Cotton,Healthy,1,1,0,1,0,0,0,0,0.0,106.0,60.0,4.0,14.0,0.0386,0.0386,0.0,100.0
NALGONDA,CHINTHA PALLE,0856015,Tirumalapur,Cotton,Healthy,1,1,0,1,0,0,0,0,0.0,96.0,41.0,4.0,14.0,0.5374,0.5374,0.0,100.0
NALGONDA,CHINTHA PALLE,0856016,Teeded,Cotton,Healthy,1,1,0,1,0,0,0,0,0.0,71.0,60.0,4.0,14.0,0.3787,0.3787,0.0,100.0
NALGONDA,CHINTHA PALLE,0856016,Teeded,Paddy,,1,0,1,0,0,0,0,0,,58.0,97.0,6.0,19.0,0.0887,0.0887,,0.0
NALGONDA,CHINTHA PALLE,0856017,Kokkirayala Gowraram,Paddy,Healthy,2,2,0,2,0,0,0,0,0.0,80.0,89.5,6.0,19.5,0.1723,0.3447,0.0,100.0
NALGONDA,CHINTHA PALLE,0856018,Nasarla Palle,Cotton,Healthy,1,1,0,1,0,0,0,0,0.0,97.0,58.0,4.0,14.0,0.5121,0.5121,0.0,100.0
NALGONDA,CHINTHA PALLE,0856020,Mallareddipalle,Cotton,Healthy,2,2,0,2,0,0,0,0,0.0,93.5,50.0,5.5,13.0,0.3305,0.6611,0.0,100.0
NALGONDA,CHINTHA PALLE,0856021,Humanthulapalle,Cotton,Healthy,4,4,0,4,0,0,0,0,0.0,93.25,42.75,5.25,13.5,0.3726,1.4902,0.0,100.0
NALGONDA,CHITYALA,0821001,Sunkene Palle,Paddy,Diseased,2,2,0,0,0,2,0,2,0.8,74.0,87.5,4.0,17.0,0.1922,0.3845,100.0,100.0
NALGONDA,CHITYALA,0821001,Sunkene Palle,Paddy,Healthy,5,5,0,5,0,0,0,0,0.0,74.0,94.0,4.0,17.0,0.2473,1.2365,0.0,100.0
NALGONDA,CHITYALA,0821002,Gundram Palle,Paddy,Diseased,3,3,0,0,0,3,0,3,0.8,74.0,91.0,4.0,17.0,0.1408,0.4225,100.0,100.0
NALGONDA,CHITYALA,0821002,Gundram Palle,Paddy,Healthy,11,11,0,11,0,0,0,0,0.0,74.0,89.4545,4.0,17.0,0.1559,1.7152,0.0,100.0
NALGONDA,CHITYALA,0821003,Aipoor,Paddy,Diseased,3,3,0,0,0,3,0,3,0.8,74.0,86.6667,4.0,17.0,0.0805,0.2416,100.0,100.0
NALGONDA,CHITYALA,0821003,Aipoor,Paddy,Healthy,10,10,0,10,0,0,0,0,0.0,74.0,86.9,4.0,17.0,0.1762,1.762,0.0,100.0
NALGONDA,CHITYALA,0821004,Pere Palle,Paddy,Diseased,2,2,0,0,0,2,0,2,0.8,74.0,89.5,4.0,17.0,0.0787,0.1573,100.0,100.0
NALGONDA,CHITYALA,0821004,Pere Palle,Paddy,Healthy,2,2,0,2,0,0,0,0,0.0,74.0,87.5,4.0,17.0,0.0461,0.0922,0.0,100.0
NALGONDA,CHITYALA,0821005,Pittam Palle,Paddy,Healthy,7,7,0,7,0,0,0,0,0.0,74.0,90.7143,4.0,17.0,0.0902,0.6316,0.0,100.0
NALGONDA,CHITYALA,0821006,Veliminedu,Paddy,Diseased,3,3,0,0,0,3,0,3,0.8,74.0,97.0,4.0,17.0,0.1012,0.3035,100.0,100.0
NALGONDA,CHITYALA,0821006,Veliminedu,Paddy,Healthy,24,24,0,24,0,0,0,0,0.0,74.0,90.3333,4.0,17.0,0.0993,2.3823,0.0,100.0
NALGONDA,CHITYALA,0821007,Pedakaparthy,Paddy,Diseased,1,1,0,0,0,1,0,1,0.8,74.0,82.0,4.0,17.0,0.1476,0.1476,100.0,100.0
NALGONDA,CHITYALA,0821007,Pedakaparthy,Paddy,Healthy,7,7,0,7,0,0,0,0,0.0,72.4286,88.4286,4.4286,16.5714,0.2134,1.494,0.0,100.0
NALGONDA,CHITYALA,0821007,Pedakaparthy,Paddy,Pests,1,1,0,0,0,0,1,1,0.9,80.0,87.0,5.0,17.0,0.1456,0.1456,100.0,100.0
NALGONDA,CHITYALA,0821008,Chityala,Paddy,Healthy,1,1,0,1,0,0,0,0,0.0,94.0,83.0,6.0,19.0,0.0607,0.0607,0.0,100.0
NALGONDA,CHITYALA,0821014,Chinakaparthy,Cotton,Healthy,1,1,0,1,0,0,0,0,0.0,108.0,54.0,2.0,10.0,0.9596,0.9596,0.0,100.0
NALGONDA,CHITYALA,0821014,Chinakaparthy,Paddy,Diseased,1,1,0,0,0,1,0,1,0.8,74.0,84.0,4.0,17.0,0.1937,0.1937,100.0,100.0
NALGONDA,CHITYALA,0821014,Chinakaparthy,Paddy,Healthy,8,8,0,8,0,0,0,0,0.0,74.0,92.375,4.0,17.0,0.1335,1.0683,0.0,100.0
NALGONDA,CHITYALA,0821015,Talla Yellemla,Cotton,Healthy,1,1,0,1,0,0,0,0,0.0,98.0,59.0,2.0,15.0,0.4435,0.4435,0.0,100.0
NALGONDA,CHITYALA,0821015,Talla Yellemla,Cotton,Stressed,1,1,0,0,1,0,0,1,0.5,63.0,52.0,5.0,13.0,0.368,0.368,100.0,100.0
NALGONDA,CHITYALA,0821016,Yelikatta,Cotton,Healthy,4,4,0,4,0,0,0,0,0.0,90.75,52.25,4.5,14.0,1.5137,6.0549,0.0,100.0
NALGONDA,DAMERACHERLA,0850005,Ulshayapalem,Groundnut,Healthy,2,2,0,2,0,0,0,0,0.0,35.0,31.0,2.5,12.5,0.465,0.93,0.0,100.0
NALGONDA,DAMERACHERLA,0850005,Ulshayapalem,Paddy,Healthy,2,2,0,2,0,0,0,0,0.0,74.0,94.0,4.0,17.0,0.0632,0.1264,0.0,100.0
NALGONDA,DAMERACHERLA,0850007,Kalle Palle,Groundnut,Healthy,4,4,0,4,0,0,0,0,0.0,31.25,39.75,1.75,11.75,0.3638,1.455,0.0,100.0
NALGONDA,DAMERACHERLA,0850008,Dilawarpur,Paddy,Diseased,1,1,0,0,0,1,0,1,0.8,74.0,87.0,4.0,17.0,0.1586,0.1586,100.0,100.0
NALGONDA,DAMERACHERLA,0850008,Dilawarpur,Paddy,Healthy,3,3,0,3,0,0,0,0,0.0,74.0,92.0,4.0,17.0,0.087,0.2609,0.0,100.0
NALGONDA,DAMERACHERLA,0850010,Kesawapur,Paddy,Healthy,6,6,0,6,0,0,0,0,0.0,74.0,91.1667,4.0,17.0,0.0537,0.3224,0.0,100.0
NALGONDA,DAMERACHERLA,0850011,Dameracherla,Paddy,Healthy,5,5,0,5,0,0,0,0,0.0,74.0,90.0,4.0,17.0,0.1751,0.8754,0.0,100.0
NALGONDA,DAMERACHERLA,0850013,Veerla Palem,Paddy,Diseased,2,2,0,0,0,2,0,2,0.8,74.0,87.5,4.0,17.0,0.0894,0.1788,100.0,100.0
NALGONDA,DAMERACHERLA,0850013,Veerla Palem,Paddy,Healthy,1,1,0,1,0,0,0,0,0.0,74.0,94.0,4.0,17.0,0.1331,0.1331,0.0,100.0
NALGONDA,DAMERACHERLA,0850014,Mudimanikam,Paddy,,5,0,5,0,0,0,0,0,,74.0,94.0,4.0,17.0,0.0609,0.3046,,0.0
NALGONDA,DAMERACHERLA,0850016,Thalla Veerappa Gudem,Paddy,,2,0,2,0,0,0,0,0,,74.0,96.5,4.0,17.0,0.1,0.2,,0.0
NALGONDA,DAMERACHERLA,0850018,Vadapalle,Paddy,Diseased,1,1,0,0,0,1,0,1,0.8,74.0,99.0,4.0,17.0,0.1174,0.1174,100.0,100.0
NALGONDA,DAMERACHERLA,0850018,Vadapalle,Paddy,Healthy,2,2,0,2,0,0,0,0,0.0,74.0,88.0,4.0,17.0,0.136,0.272,0.0,100.0
NALGONDA,DEVARAKONDA,0857001,Gottimukkala,Paddy,Healthy,2,2,0,2,0,0,0,0,0.0,69.0,90.5,4.5,19.5,0.0494,0.0988,0.0,100.0
NALGONDA,DEVARAKONDA,0857002,Iddam Palle,Cotton,Healthy,3,3,0,3,0,0,0,0,0.0,93.6667,47.6667,3.6667,13.0,0.3589,1.0766,0.0,100.0
NALGONDA,DEVARAKONDA,0857002,Iddam Palle,Cotton,Pests,1,1,0,0,0,0,1,1,0.9,82.0,55.0,4.0,13.0,0.4522,0.4522,100.0,100.0
NALGONDA,DEVARAKONDA,0857003,Padamati Palle,Cotton,Healthy,2,2,0,2,0,0,0,0,0.0,79.5,42.5,3.5,15.0,0.08,0.16,0.0,100.0
NALGONDA,DEVARAKONDA,0857006,Mudigonda,Cotton,Healthy,2,2,0,2,0,0,0,0,0.0,70.0,53.5,4.5,12.0,0.0754,0.1508,0.0,100.0
NALGONDA,DEVARAKONDA,0857012,Gummadavally,Cotton,Healthy,5,5,0,5,0,0,0,0,0.0,99.2,54.0,3.8,13.2,0.403,2.0149,0.0,100.0
NALGONDA,DEVARAKONDA,0857013,Chinna Adiserla Palle,Paddy,Healthy,1,1,0,1,0,0,0,0,0.0,57.0,94.0,6.0,19.0,0.0257,0.0257,0.0,100.0
NALGONDA,DEVARAKONDA,0857014,Chinthakuntla,Paddy,Healthy,2,2,0,2,0,0,0,0,0.0,72.0,86.5,4.5,18.5,0.1029,0.2057,0.0,100.0
NALGONDA,DEVARAKONDA,0857016,Gazinagar,Cotton,Healthy,1,1,0,1,0,0,0,0,0.0,115.0,57.0,5.0,13.0,0.2764,0.2764,0.0,100.0
NALGONDA,DEVARAKONDA,0857017,DEVERAKONDA TOWN,Paddy,Diseased,1,1,0,0,0,1,0,1,0.8,67.0,92.0,6.0,20.0,0.0886,0.0886,100.0,100.0
NALGONDA,DEVARAKONDA,0857020,Tatikole,Cotton,Healthy,1,1,0,1,0,0,0,0,0.0,61.0,54.0,6.0,14.0,0.2023,0.2023,0.0,100.0
NALGONDA,DEVARAKONDA,0857022,Mynam Palle,Cotton,Healthy,1,1,0,1,0,0,0,0,0.0,96.0,58.0,2.0,10.0,0.3747,0.3747,0.0,100.0
NALGONDA,DEVARAKONDA,0857025,Pendli Pakala,Paddy,Healthy,3,3,0,3,0,0,0,0,0.0,61.3333,84.6667,4.0,18.3333,0.1013,0.304,0.0,100.0
NALGONDA,DEVARAKONDA,0857026,Atchampet,Cotton,Healthy,1,1,0,1,0,0,0,0,0.0,64.0,58.0,3.0,14.0,0.0879,0.0879,0.0,100.0
NALGONDA,DEVARAKONDA,0857027,Vardhamaniguda,Paddy,Pests,1,1,0,0,0,0,1,1,0.9,95.0,98.0,6.0,19.0,0.1111,0.1111,100.0,100.0
NALGONDA,DEVARAKONDA,0857029,Fakeerpoor,Paddy,Healthy,1,1,0,1,0,0,0,0,0.0,67.0,100.0,5.0,15.0,0.1158,0.1158,0.0,100.0
NALGONDA,GUNDLA PALLE,0858001,Brahmana Palle,Paddy,,2,0,2,0,0,0,0,0,,58.5,92.5,6.0,19.5,0.0694,0.1388,,0.0
NALGONDA,GUNDLA PALLE,0858002,Singaraj Palle,Paddy,,3,0,3,0,0,0,0,0,,76.3333,92.0,4.0,16.6667,0.0498,0.1495,,0.0
NALGONDA,GUNDLA PALLE,0858004,Towklapur,Cotton,,3,0,3,0,0,0,0,0,,76.0,52.0,4.3333,12.0,0.0395,0.1185,,0.0
NALGONDA,GUNDLA PALLE,0858004,Towklapur,Paddy,,1,0,1,0,0,0,0,0,,83.0,89.0,4.0,18.0,0.0853,0.0853,,0.0
NALGONDA,GUNDLA PALLE,0858005,Vavilkole,Cotton,,3,0,3,0,0,0,0,0,,65.3333,52.3333,4.3333,10.6667,0.3461,1.0384,,0.0
NALGONDA,GUNDLA PALLE,0858005,Vavilkole,Cotton,Healthy,1,1,0,1,0,0,0,0,0.0,68.0,46.0,6.0,10.0,0.399,0.399,0.0,100.0
NALGONDA,GUNDLA PALLE,0858005,Vavilkole,Paddy,,1,0,1,0,0,0,0,0,,95.0,97.0,6.0,17.0,0.0807,0.0807,,0.0
NALGONDA,GUNDLA PALLE,0858007,Kandukur,Cotton,,2,0,2,0,0,0,0,0,,114.0,41.0,5.0,13.5,0.0258,0.0516,,0.0
NALGONDA,GUNDLA PALLE,0858008,Dasarinemalipur,Cotton,,3,0,3,0,0,0,0,0,,93.0,52.6667,4.0,13.3333,0.1964,0.5891,,0.0
NALGONDA,GUNDLA PALLE,0858009,Kame Palle,Cotton,,1,0,1,0,0,0,0,0,,92.0,52.0,2.0,13.0,0.1648,0.1648,,0.0
NALGONDA,GUNDLA PALLE,0858010,Yerraram,Cotton,,2,0,2,0,0,0,0,0,,101.5,47.5,3.0,14.5,0.1763,0.3526,,0.0
NALGONDA,GUNDLA PALLE,0858013,Bollana Palle,Cotton,,8,0,8,0,0,0,0,0,,93.75,54.5,4.625,12.125,0.158,1.2642,,0.0
NALGONDA,GUNDLA PALLE,0858013,Bollana Palle,Paddy,,1,0,1,0,0,0,0,0,,82.0,90.0,6.0,17.0,0.0595,0.0595,,0.0
NALGONDA,GUNDLA PALLE,0858014,Cherkupalle,Cotton,,2,0,2,0,0,0,0,0,,91.0,48.5,2.5,13.0,0.2063,0.4126,,0.0
NALGONDA,GUNDLA PALLE,0858014,Cherkupalle,Paddy,,1,0,1,0,0,0,0,0,,56.0,83.0,4.0,17.0,0.1015,0.1015,,0.0
NALGONDA,GUNDLA PALLE,0858018,Gonakole,Cotton,,2,0,2,0,0,0,0,0,,92.0,46.5,4.0,11.0,0.0617,0.1233,,0.0
NALGONDA,GUNDLA PALLE,0858021,Gonaboina Palle,Paddy,,1,0,1,0,0,0,0,0,,51.0,84.0,6.0,17.0,0.1617,0.1617,,0.0
NALGONDA,GURRAMPODE,0854001,Pochampalle,Cotton,Healthy,3,3,0,3,0,0,0,0,0.0,103.3333,48.6667,2.6667,12.0,0.2114,0.6343,0.0,100.0
NALGONDA,GURRAMPODE,0854001,Pochampalle,Cotton,Pests,1,1,0,0,0,0,1,1,0.9,111.0,49.0,2.0,10.0,0.5078,0.5078,100.0,100.0
NALGONDA,GURRAMPODE,0854003,Kondapur,Cotton,Healthy,2,2,0,2,0,0,0,0,0.0,67.5,50.0,3.0,14.0,0.131,0.2621,0.0,100.0
NALGONDA,GURRAMPODE,0854004,Chamled,Paddy,Healthy,1,1,0,1,0,0,0,0,0.0,60.0,81.0,5.0,16.0,0.1258,0.1258,0.0,100.0
NALGONDA,GURRAMPODE,0854005,Vattikode,Cotton,Diseased,1,1,0,0,0,1,0,1,0.8,116.0,53.0,4.0,11.0,0.1471,0.1471,100.0,100.0
NALGONDA,GURRAMPODE,0854005,Vattikode,Cotton,Healthy,4,4,0,4,0,0,0,0,0.0,93.75,54.0,4.0,11.75,0.3433,1.3734,0.0,100.0
NALGONDA,GURRAMPODE,0854006,Koppole,Cotton,Healthy,4,4,0,4,0,0,0,0,0.0,89.5,54.75,4.75,12.75,0.7516,3.0064,0.0,100.0
NALGONDA,GURRAMPODE,0854006,Koppole,Cotton,Stressed,1,1,0,0,1,0,0,1,0.5,113.0,43.0,6.0,14.0,0.0993,0.0993,100.0,100.0
NALGONDA,GURRAMPODE,0854006,Koppole,Paddy,Healthy,1,1,0,1,0,0,0,0,0.0,62.0,92.0,6.0,16.0,0.0909,0.0909,0.0,100.0
NALGONDA,GURRAMPODE,0854007,Nadikuda,Cotton,Diseased,1,1,0,0,0,1,0,1,0.8,64.0,49.0,4.0,11.0,1.1386,1.1386,100.0,100.0
NALGONDA,GURRAMPODE,0854007,Nadikuda,Cotton,Healthy,3,3,0,3,0,0,0,0,0.0,80.3333,52.0,2.0,12.6667,0.4782,1.4347,0.0,100.0
NALGONDA,GURRAMPODE,0854007,Nadikuda,Cotton,Pests,1,1,0,0,0,0,1,1,0.9,97.0,49.0,5.0,11.0,1.3021,1.3021,100.0,100.0
NALGONDA,GURRAMPODE,0854007,Nadikuda,Cotton,Stressed,1,1,0,0,1,0,0,1,0.5,116.0,54.0,5.0,14.0,1.0254,1.0254,100.0,100.0
NALGONDA,GURRAMPODE,0854010,Gurram Pode,Cotton,Healthy,1,1,0,1,0,0,0,0,0.0,83.0,50.0,2.0,14.0,0.1833,0.1833,0.0,100.0
NALGONDA,GURRAMPODE,0854010,Gurram Pode,Paddy,Healthy,1,1,0,1,0,0,0,0,0.0,69.0,80.0,6.0,17.0,0.0978,0.0978,0.0,100.0
NALGONDA,GURRAMPODE,0854011,Tenepalle,Cotton,Healthy,1,1,0,1,0,0,0,0,0.0,113.0,48.0,3.0,12.0,0.2753,0.2753,0.0,100.0
NALGONDA,GURRAMPODE,0854012,Ootlapalle,Cotton,Healthy,2,2,0,2,0,0,0,0,0.0,85.0,57.0,5.0,11.5,0.7091,1.4182,0.0,100.0
NALGONDA,GURRAMPODE,0854013,Sulthanpur,Cotton,Healthy,1,1,0,1,0,0,0,0,0.0,93.0,51.0,6.0,13.0,0.268,0.268,0.0,100.0
NALGONDA,GURRAMPODE,0854014,Chinthagudam,Cotton,,2,0,2,0,0,0,0,0,,99.5,55.5,4.5,14.0,1.0194,2.0388,,0.0
NALGONDA,GURRAMPODE,0854014,Chinthagudam,Cotton,Healthy,1,1,0,1,0,0,0,0,0.0,72.0,45.0,5.0,13.0,0.8616,0.8616,0.0,100.0
NALGONDA,GURRAMPODE,0854015,Shagazipur,Cotton,Healthy,1,1,0,1,0,0,0,0,0.0,73.0,47.0,5.0,10.0,1.3859,1.3859,0.0,100.0
NALGONDA,GURRAMPODE,0854016,Kalwapalle,Cotton,Healthy,3,3,0,3,0,0,0,0,0.0,88.0,50.6667,4.0,13.0,0.5668,1.7005,0.0,100.0
NALGONDA,GURRAMPODE,0854016,Kalwapalle,Cotton,Stressed,1,1,0,0,1,0,0,1,0.5,68.0,45.0,3.0,14.0,0.1637,0.1637,100.0,100.0
NALGONDA,GURRAMPODE,0854017,Palwai,Cotton,Healthy,1,1,0,1,0,0,0,0,0.0,94.0,50.0,6.0,12.0,0.382,0.382,0.0,100.0
NALGONDA,GURRAMPODE,0854018,Parla Palle,Cotton,Healthy,1,1,0,1,0,0,0,0,0.0,102.0,43.0,2.0,12.0,1.0704,1.0704,0.0,100.0
NALGONDA,GURRAMPODE,0854019,Makka Palle,Cotton,Healthy,1,1,0,1,0,0,0,0,0.0,92.0,59.0,6.0,11.0,0.6197,0.6197,0.0,100.0
NALGONDA,GURRAMPODE,0854020,Mailapur,Cotton,Healthy,1,1,0,1,0,0,0,0,0.0,105.0,59.0,2.0,13.0,0.7414,0.7414,0.0,100.0
NALGONDA,GURRAMPODE,0854021,Junuthla,Cotton,Healthy,1,1,0,1,0,0,0,0,0.0,90.0,45.0,2.0,12.0,1.2709,1.2709,0.0,100.0
NALGONDA,GURRAMPODE,0854023,Kacharam (P) Koppole,Paddy,Healthy,1,1,0,1,0,0,0,0,0.0,69.0,93.0,4.0,17.0,0.0684,0.0684,0.0,100.0
NALGONDA,GURRAMPODE,0854025,Chepur,Cotton,Healthy,8,8,0,8,0,0,0,0,0.0,94.0,53.25,3.875,13.125,0.3089,2.4711,0.0,100.0
NALGONDA,GURRAMPODE,0854025,Chepur,Cotton,Pests,1,1,0,0,0,0,1,1,0.9,90.0,42.0,5.0,11.0,0.4735,0.4735,100.0,100.0
NALGONDA,KANGAL,0839002,Ponugode,Cotton,Diseased,1,1,0,0,0,1,0,1,0.8,81.0,52.0,4.0,11.0,0.1477,0.1477,100.0,100.0
NALGONDA,KANGAL,0839002,Ponugode,Cotton,Healthy,3,3,0,3,0,0,0,0,0.0,97.3333,54.6667,4.3333,13.0,0.1648,0.4945,0.0,100.0
NALGONDA,KANGAL,0839003,Gaddamvari Yadavally,Paddy,Healthy,1,1,0,1,0,0,0,0,0.0,85.0,85.0,4.0,19.0,0.098,0.098,0.0,100.0
NALGONDA,KANGAL,0839005,Pagidi Marri,Paddy,Healthy,2,2,0,2,0,0,0,0,0.0,63.0,95.5,5.5,16.0,0.1937,0.3874,0.0,100.0
NALGONDA,KANGAL,0839005,Pagidi Marri,Paddy,Pests,1,1,0,0,0,0,1,1,0.9,87.0,100.0,6.0,20.0,0.101,0.101,100.0,100.0
NALGONDA,KANGAL,0839006,Dorepalle,Cotton,Healthy,1,1,0,1,0,0,0,0,0.0,86.0,53.0,2.0,14.0,0.7209,0.7209,0.0,100.0
NALGONDA,KANGAL,0839006,Dorepalle,Paddy,Diseased,1,1,0,0,0,1,0,1,0.8,72.0,90.0,3.0,19.0,0.0871,0.0871,100.0,100.0
NALGONDA,KANGAL,0839006,Dorepalle,Paddy,Healthy,7,7,0,7,0,0,0,0,0.0,82.8571,89.0,5.1429,18.7143,0.3223,2.2563,0.0,100.0
NALGONDA,KANGAL,0839006,Dorepalle,Paddy,Pests,2,2,0,0,0,0,2,2,0.9,82.0,94.5,5.0,17.5,0.4883,0.9766,100.0,100.0
NALGONDA,KANGAL,0839007,Chennaram,Paddy,Healthy,3,3,0,3,0,0,0,0,0.0,91.6667,95.3333,5.0,16.3333,0.1223,0.367,0.0,100.0
NALGONDA,KANGAL,0839007,Chennaram,Paddy,Pests,1,1,0,0,0,0,1,1,0.9,75.0,83.0,4.0,18.0,0.1439,0.1439,100.0,100.0
NALGONDA,KANGAL,0839008,Derveshpur @ Dharvespur,Paddy,Healthy,4,4,0,4,0,0,0,0,0.0,58.75,89.75,4.5,22.25,1.0513,4.205,0.0,100.0
NALGONDA,KANGAL,0839010,Parvathagiri,Cotton,Healthy,2,2,0,2,0,0,0,0,0.0,93.5,52.5,4.5,16.0,1.626,3.252,0.0,100.0
NALGONDA,KANGAL,0839010,Parvathagiri,Paddy,Healthy,2,2,0,2,0,0,0,0,0.0,84.5,89.5,5.5,20.0,0.2052,0.4104,0.0,100.0
NALGONDA,KANGAL,0839011,Boinapalle,Paddy,Healthy,1,1,0,1,0,0,0,0,0.0,58.0,99.0,5.0,19.0,0.0574,0.0574,0.0,100.0
NALGONDA,KANGAL,0839012,Budemerla Palle,Paddy,Healthy,17,17,0,17,0,0,0,0,0.0,80.7647,91.4706,4.3529,18.7059,0.2739,4.6559,0.0,100.0
NALGONDA,KANGAL,0839013,Kangal,Paddy,Healthy,4,4,0,4,0,0,0,0,0.0,78.5,93.0,5.5,17.75,0.0902,0.3606,0.0,100.0
NALGONDA,KANGAL,0839015,Hydlapur,Cotton,Healthy,3,3,0,3,0,0,0,0,0.0,101.6667,43.3333,3.6667,13.0,0.6531,1.9593,0.0,100.0
NALGONDA,KANGAL,0839016,M.Gowraram,Paddy,Healthy,1,1,0,1,0,0,0,0,0.0,61.0,89.0,6.0,15.0,0.0895,0.0895,0.0,100.0
NALGONDA,KANGAL,0839018,Bommepalle,Paddy,Healthy,1,1,0,1,0,0,0,0,0.0,50.0,91.0,6.0,19.0,0.0696,0.0696,0.0,100.0
NALGONDA,KANGAL,0839019,Serilingotam,Paddy,Healthy,1,1,0,1,0,0,0,0,0.0,78.0,92.0,4.0,16.0,0.122,0.122,0.0,100.0
NALGONDA,KANGAL,0839021,Narsimhapur,Paddy,Healthy,1,1,0,1,0,0,0,0,0.0,85.0,90.0,4.0,16.0,0.1075,0.1075,0.0,100.0
NALGONDA,KANGAL,0839022,Thoragal,Paddy,Healthy,2,2,0,2,0,0,0,0,0.0,76.0,87.5,5.5,15.5,0.1191,0.2382,0.0,100.0
NALGONDA,KATTANGOOR,0823001,Thimmapur,Paddy,Healthy,2,2,0,2,0,0,0,0,0.0,74.0,90.0,4.0,17.0,0.2213,0.4425,0.0,100.0
NALGONDA,KATTANGOOR,0823002,Parada,Cotton,Healthy,1,1,0,1,0,0,0,0,0.0,89.0,59.0,4.0,15.0,0.2601,0.2601,0.0,100.0
NALGONDA,KATTANGOOR,0823002,Parada,Paddy,Healthy,6,6,0,6,0,0,0,0,0.0,69.3333,93.3333,4.3333,20.1667,1.3944,8.3662,0.0,100.0
NALGONDA,KATTANGOOR,0823002,Parada,Paddy,Stressed,1,1,0,0,1,0,0,1,0.5,50.0,91.0,6.0,20.0,0.0799,0.0799,100.0,100.0
NALGONDA,KATTANGOOR,0823003,Eduluru,Paddy,Healthy,1,1,0,1,0,0,0,0,0.0,64.0,90.0,4.0,18.0,0.1426,0.1426,0.0,100.0
NALGONDA,KATTANGOOR,0823003,Eduluru,Paddy,Pests,1,1,0,0,0,0,1,1,0.9,79.0,90.0,6.0,21.0,0.3041,0.3041,100.0,100.0
NALGONDA,KATTANGOOR,0823004,Pandena Palle,Cotton,Healthy,1,1,0,1,0,0,0,0,0.0,92.0,42.0,5.0,13.0,0.4913,0.4913,0.0,100.0
NALGONDA,KATTANGOOR,0823004,Pandena Palle,Paddy,Diseased,1,1,0,0,0,1,0,1,0.8,97.0,96.0,3.0,18.0,0.1503,0.1503,100.0,100.0
NALGONDA,KATTANGOOR,0823004,Pandena Palle,Paddy,Healthy,1,1,0,1,0,0,0,0,0.0,93.0,97.0,3.0,15.0,0.2239,0.2239,0.0,100.0
NALGONDA,KATTANGOOR,0823005,Kurumathy,Cotton,Healthy,2,2,0,2,0,0,0,0,0.0,89.5,47.0,4.5,12.0,0.3192,0.6384,0.0,100.0
NALGONDA,KATTANGOOR,0823005,Kurumathy,Paddy,Diseased,1,1,0,0,0,1,0,1,0.8,95.0,96.0,4.0,15.0,0.2662,0.2662,100.0,100.0
NALGONDA,KATTANGOOR,0823005,Kurumathy,Paddy,Healthy,3,3,0,3,0,0,0,0,0.0,79.0,92.0,4.3333,16.0,0.1776,0.5329,0.0,100.0
NALGONDA,KATTANGOOR,0823006,Cheruvannaram,Cotton,,1,0,1,0,0,0,0,0,,92.0,47.0,2.0,13.0,0.9671,0.9671,,0.0
NALGONDA,KATTANGOOR,0823006,Cheruvannaram,Cotton,Healthy,1,1,0,1,0,0,0,0,0.0,75.0,49.0,3.0,10.0,0.5029,0.5029,0.0,100.0
NALGONDA,KATTANGOOR,0823006,Cheruvannaram,Paddy,Healthy,2,2,0,2,0,0,0,0,0.0,81.0,92.0,4.5,16.5,0.1454,0.2908,0.0,100.0
NALGONDA,KATTANGOOR,0823006,Cheruvannaram,Paddy,Pests,1,1,0,0,0,0,1,1,0.9,77.0,99.0,4.0,18.0,0.1863,0.1863,100.0,100.0
NALGONDA,KATTANGOOR,0823007,Munukuntla,Cotton,Diseased,1,1,0,0,0,1,0,1,0.8,104.0,43.0,4.0,12.0,1.4599,1.4599,100.0,100.0
NALGONDA,KATTANGOOR,0823007,Munukuntla,Cotton,Healthy,1,1,0,1,0,0,0,0,0.0,86.0,49.0,6.0,11.0,0.8471,0.8471,0.0,100.0
NALGONDA,KATTANGOOR,0823007,Munukuntla,Paddy,Diseased,1,1,0,0,0,1,0,1,0.8,73.0,95.0,3.0,18.0,0.1371,0.1371,100.0,100.0
NALGONDA,KATTANGOOR,0823007,Munukuntla,Paddy,Healthy,4,4,0,4,0,0,0,0,0.0,66.5,87.5,4.5,18.0,0.274,1.0962,0.0,100.0
NALGONDA,KATTANGOOR,0823007,Munukuntla,Paddy,Pests,1,1,0,0,0,0,1,1,0.9,76.0,98.0,3.0,15.0,0.0988,0.0988,100.0,100.0
NALGONDA,KATTANGOOR,0823008,Kalmera,Paddy,Healthy,3,3,0,3,0,0,0,0,0.0,86.3333,88.6667,6.0,19.6667,0.3996,1.1987,0.0,100.0
NALGONDA,KATTANGOOR,0823009,Yersaniguda,Paddy,Diseased,2,2,0,0,0,2,0,2,0.8,74.0,96.5,4.0,17.0,0.085,0.1699,100.0,100.0
NALGONDA,KATTANGOOR,0823009,Yersaniguda,Paddy,Stressed,1,1,0,0,1,0,0,1,0.5,85.0,99.0,6.0,16.0,0.0885,0.0885,100.0,100.0
NALGONDA,KATTANGOOR,0823010,Pamanagundla,Cotton,Healthy,2,2,0,2,0,0,0,0,0.0,97.5,46.5,4.5,10.5,0.3156,0.6311,0.0,100.0
NALGONDA,KATTANGOOR,0823010,Pamanagundla,Cotton,Stressed,1,1,0,0,1,0,0,1,0.5,61.0,52.0,4.0,14.0,1.8307,1.8307,100.0,100.0
NALGONDA,KATTANGOOR,0823010,Pamanagundla,Paddy,Diseased,1,1,0,0,0,1,0,1,0.8,80.0,90.0,4.0,17.0,0.0363,0.0363,100.0,100.0
NALGONDA,KATTANGOOR,0823010,Pamanagundla,Paddy,Healthy,5,5,0,5,0,0,0,0,0.0,78.8,89.4,3.8,17.2,0.0718,0.3591,0.0,100.0
NALGONDA,KATTANGOOR,0823012,Pittam Palle,Cotton,Healthy,1,1,0,1,0,0,0,0,0.0,70.0,42.0,4.0,11.0,0.5013,0.5013,0.0,100.0
NALGONDA,KATTANGOOR,0823012,Pittam Palle,Paddy,Healthy,1,1,0,1,0,0,0,0,0.0,90.0,83.0,5.0,15.0,0.1999,0.1999,0.0,100.0
NALGONDA,KATTANGOOR,0823013,Dugnevally,Cotton,Healthy,3,3,0,3,0,0,0,0,0.0,85.0,52.6667,3.6667,13.0,0.2106,0.6318,0.0,100.0
NALGONDA,KATTANGOOR,0823013,Dugnevally,Paddy,Healthy,4,4,0,4,0,0,0,0,0.0,71.75,88.25,4.5,17.25,0.1838,0.7352,0.0,100.0
NALGONDA,KATTANGOOR,0823013,Dugnevally,Paddy,Pests,1,1,0,0,0,0,1,1,0.9,95.0,89.0,6.0,15.0,0.0785,0.0785,100.0,100.0
NALGONDA,KATTANGOOR,0823014,Kattangoor,Cotton,Healthy,1,1,0,1,0,0,0,0,0.0,75.0,59.0,3.0,10.0,0.4308,0.4308,0.0,100.0
NALGONDA,KATTANGOOR,0823014,Kattangoor,Paddy,Diseased,2,2,0,0,0,2,0,2,0.8,74.0,88.5,4.0,17.0,0.1387,0.2773,100.0,100.0
NALGONDA,KATTANGOOR,0823014,Kattangoor,Paddy,Healthy,5,5,0,5,0,0,0,0,0.0,79.0,91.8,4.0,17.2,0.084,0.4202,0.0,100.0
NALGONDA,KATTANGOOR,0823015,Aiti Pamula,Paddy,Healthy,2,2,0,2,0,0,0,0,0.0,82.0,88.0,3.5,19.0,0.1192,0.2385,0.0,100.0
NALGONDA,KATTANGOOR,0823016,Ramachandrapuram,Paddy,Healthy,2,2,0,2,0,0,0,0,0.0,86.5,90.5,4.0,18.0,0.1274,0.2548,0.0,100.0
NALGONDA,KATTANGOOR,0823018,Bollepalle,Paddy,,1,0,1,0,0,0,0,0,,92.0,90.0,3.0,15.0,0.1214,0.1214,,0.0
NALGONDA,KATTANGOOR,0823018,Bollepalle,Paddy,Healthy,2,2,0,2,0,0,0,0,0.0,74.5,91.0,6.0,18.0,0.1467,0.2934,0.0,100.0
NALGONDA,KETHEPALLE,0825001,Ippala Gudem,Paddy,,11,0,11,0,0,0,0,0,,76.9091,90.1818,3.7273,17.0909,0.1544,1.6982,,0.0
NALGONDA,KETHEPALLE,0825002,Gudiwada,Cotton,,2,0,2,0,0,0,0,0,,93.5,52.0,5.0,13.5,0.2312,0.4625,,0.0
NALGONDA,KETHEPALLE,0825002,Gudiwada,Paddy,,15,0,15,0,0,0,0,0,,76.1333,89.0,4.6,16.8667,0.1649,2.4732,,0.0
NALGONDA,KETHEPALLE,0825003,Bopparam,Paddy,,19,0,19,0,0,0,0,0,,75.9474,92.0,4.2105,16.7368,0.1004,1.9077,,0.0
NALGONDA,KETHEPALLE,0825004,Kasangode,Paddy,,9,0,9,0,0,0,0,0,,77.7778,86.4444,4.3333,17.1111,0.108,0.9723,,0.0
NALGONDA,KETHEPALLE,0825005,Kethepalle,Cotton,,2,0,2,0,0,0,0,0,,103.0,51.5,2.5,12.5,0.2816,0.5632,,0.0
NALGONDA,KETHEPALLE,0825005,Kethepalle,Paddy,,24,0,24,0,0,0,0,0,,72.8333,91.8333,4.0833,17.2083,0.1615,3.8768,,0.0
NALGONDA,KETHEPALLE,0825006,Korla Pahad,Cotton,,1,0,1,0,0,0,0,0,,98.0,58.0,5.0,15.0,0.6097,0.6097,,0.0
NALGONDA,KETHEPALLE,0825006,Korla Pahad,Paddy,,8,0,8,0,0,0,0,0,,75.75,89.25,4.125,17.25,0.2026,1.6212,,0.0
NALGONDA,KETHEPALLE,0825007,Inpamula,Cotton,,2,0,2,0,0,0,0,0,,109.0,51.0,4.0,12.5,0.3808,0.7617,,0.0
NALGONDA,KETHEPALLE,0825007,Inpamula,Paddy,,2,0,2,0,0,0,0,0,,78.5,85.5,4.0,16.0,0.1868,0.3737,,0.0
NALGONDA,KETHEPALLE,0825008,Bonda Palem,Paddy,,6,0,6,0,0,0,0,0,,72.8333,89.1667,4.6667,17.3333,0.132,0.7917,,0.0
NALGONDA,KETHEPALLE,0825009,Cheruku Palle,Paddy,,11,0,11,0,0,0,0,0,,74.3636,90.0,4.4545,17.2727,0.1739,1.9129,,0.0
NALGONDA,KETHEPALLE,0825010,Thungathurthy,Paddy,,2,0,2,0,0,0,0,0,,74.0,82.0,4.0,17.0,0.181,0.3619,,0.0
NALGONDA,KETHEPALLE,0825011,Uppala Pahad,Paddy,,17,0,17,0,0,0,0,0,,74.0,90.1765,4.0,17.0,0.1209,2.0554,,0.0
NALGONDA,KETHEPALLE,0825012,Koppole,Paddy,,5,0,5,0,0,0,0,0,,74.0,90.0,4.0,17.0,0.1211,0.6054,,0.0
NALGONDA,MARRIGUDA,0837007,Namapur,Cotton,Diseased,1,1,0,0,0,1,0,1,0.8,99.0,45.0,5.0,11.0,0.6121,0.6121,100.0,100.0
NALGONDA,MARRIGUDA,0837007,Namapur,Cotton,Healthy,5,5,0,5,0,0,0,0,0.0,94.4,45.4,4.0,14.0,0.3076,1.538,0.0,100.0
NALGONDA,MARRIGUDA,0837007,Namapur,Cotton,Pests,2,2,0,0,0,0,2,2,0.9,95.5,52.5,4.0,12.5,0.1639,0.3278,100.0,100.0
NALGONDA,MARRIGUDA,0837008,Lankalapalle,Cotton,,3,0,3,0,0,0,0,0,,97.0,53.3333,3.3333,11.0,0.4726,1.4177,,0.0
NALGONDA,MARRIGUDA,0837009,Metichandapur,Cotton,,3,0,3,0,0,0,0,0,,82.3333,54.3333,4.3333,11.6667,0.863,2.5889,,0.0
NALGONDA,MARRIGUDA,0837009,Metichandapur,Cotton,Diseased,1,1,0,0,0,1,0,1,0.8,100.0,50.0,2.0,14.0,0.4417,0.4417,100.0,100.0
NALGONDA,MARRIGUDA,0837009,Metichandapur,Cotton,Healthy,1,1,0,1,0,0,0,0,0.0,100.0,54.0,4.0,15.0,0.6469,0.6469,0.0,100.0
NALGONDA,MARRIGUDA,0837009,Metichandapur,Cotton,Pests,1,1,0,0,0,0,1,1,0.9,111.0,57.0,3.0,10.0,0.5369,0.5369,100.0,100.0
NALGONDA,MARRIGUDA,0837011,Indurthi,Cotton,,2,0,2,0,0,0,0,0,,98.0,50.0,5.5,13.0,0.4365,0.8731,,0.0
NALGONDA,MARRIGUDA,0837011,Indurthi,Cotton,Healthy,1,1,0,1,0,0,0,0,0.0,109.0,55.0,4.0,12.0,0.4865,0.4865,0.0,100.0
NALGONDA,MARRIGUDA,0837012,Sarampet,Cotton,,1,0,1,0,0,0,0,0,,84.0,45.0,4.0,15.0,0.5819,0.5819,,0.0
NALGONDA,MARRIGUDA,0837013,Damera Bheeman Palle,Cotton,,2,0,2,0,0,0,0,0,,86.0,54.0,5.0,12.0,0.5172,1.0344,,0.0
NALGONDA,MARRIGUDA,0837015,Bhatla Palle,Cotton,,1,0,1,0,0,0,0,0,,98.0,52.0,4.0,13.0,0.3608,0.3608,,0.0
NALGONDA,MARRIGUDA,0837017,Kondur,Cotton,,1,0,1,0,0,0,0,0,,69.0,53.0,2.0,14.0,0.0795,0.0795,,0.0
NALGONDA,MIRYALAGUDA,0842003,Chillapuram,Paddy,Healthy,7,7,0,7,0,0,0,0,0.0,74.0,87.1429,4.0,17.0,0.1142,0.7991,0.0,100.0
NALGONDA,MIRYALAGUDA,0842005,Nandi Pahad (Rural),Paddy,Healthy,1,1,0,1,0,0,0,0,0.0,74.0,91.0,4.0,17.0,0.2146,0.2146,0.0,100.0
NALGONDA,MIRYALAGUDA,0842007,Yadgarpalle,Paddy,Healthy,2,2,0,2,0,0,0,0,0.0,74.0,91.5,4.0,17.0,0.1152,0.2303,0.0,100.0
NALGONDA,MIRYALAGUDA,0842008,Vootla Palle,Paddy,Diseased,2,2,0,0,0,2,0,2,0.8,74.0,84.5,4.0,17.0,0.18,0.3599,100.0,100.0
NALGONDA,MIRYALAGUDA,0842008,Vootla Palle,Paddy,Healthy,2,2,0,2,0,0,0,0,0.0,74.0,89.0,4.0,17.0,0.0885,0.177,0.0,100.0
NALGONDA,MIRYALAGUDA,0842009,Takkellapahad,Paddy,Healthy,2,2,0,2,0,0,0,0,0.0,74.0,94.0,4.0,17.0,0.3861,0.7722,0.0,100.0
NALGONDA,MIRYALAGUDA,0842010,Tadkamalla,Paddy,Diseased,3,3,0,0,0,3,0,3,0.8,74.0,91.3333,4.0,17.0,0.1419,0.4257,100.0,100.0
NALGONDA,MIRYALAGUDA,0842010,Tadkamalla,Paddy,Healthy,7,7,0,7,0,0,0,0,0.0,74.0,85.2857,4.0,17.0,0.0911,0.638,0.0,100.0
NALGONDA,MIRYALAGUDA,0842012,Kalva Palle,Paddy,Diseased,1,1,0,0,0,1,0,1,0.8,74.0,94.0,4.0,17.0,0.1621,0.1621,100.0,100.0
NALGONDA,MIRYALAGUDA,0842012,Kalva Palle,Paddy,Healthy,1,1,0,1,0,0,0,0,0.0,74.0,87.0,4.0,17.0,0.1293,0.1293,0.0,100.0
NALGONDA,MIRYALAGUDA,0842013,Alagadapa,Paddy,Diseased,3,3,0,0,0,3,0,3,0.8,74.0,97.3333,4.0,17.0,0.1167,0.3501,100.0,100.0
NALGONDA,MIRYALAGUDA,0842013,Alagadapa,Paddy,Healthy,4,4,0,4,0,0,0,0,0.0,74.0,86.5,4.0,17.0,0.1151,0.4603,0.0,100.0
NALGONDA,MIRYALAGUDA,0842014,Rayanpalem,Paddy,Diseased,2,2,0,0,0,2,0,2,0.8,74.0,97.0,4.0,17.0,0.0755,0.151,100.0,100.0
NALGONDA,MIRYALAGUDA,0842014,Rayanpalem,Paddy,Healthy,9,9,0,9,0,0,0,0,0.0,74.0,90.3333,4.0,17.0,0.0797,0.7172,0.0,100.0
NALGONDA,MIRYALAGUDA,0842016,Rudraram,Paddy,Diseased,4,4,0,0,0,4,0,4,0.8,74.0,96.25,4.0,17.0,0.1039,0.4155,100.0,100.0
NALGONDA,MIRYALAGUDA,0842016,Rudraram,Paddy,Healthy,14,14,0,14,0,0,0,0,0.0,74.0,90.2143,4.0,17.0,0.0981,1.3727,0.0,100.0
NALGONDA,MIRYALAGUDA,0842017,Kothaguda,Paddy,Healthy,4,4,0,4,0,0,0,0,0.0,74.0,87.75,4.0,17.0,0.0557,0.2229,0.0,100.0
NALGONDA,MIRYALAGUDA,0842019,Gudur,Paddy,Healthy,2,2,0,2,0,0,0,0,0.0,74.0,94.0,4.0,17.0,0.1478,0.2955,0.0,100.0
NALGONDA,MIRYALAGUDA,0842023,Zaptiveerappaguda,Paddy,Healthy,1,1,0,1,0,0,0,0,0.0,74.0,98.0,4.0,17.0,0.0813,0.0813,0.0,100.0
NALGONDA,MIRYALAGUDA,0842024,Annaram,Paddy,Healthy,3,3,0,3,0,0,0,0,0.0,74.0,94.3333,4.0,17.0,0.0515,0.1544,0.0,100.0
NALGONDA,MUNUGODE,0835002,Kistapuram,Cotton,,2,0,2,0,0,0,0,0,,101.0,57.5,3.5,11.5,0.3486,0.6972,,0.0
NALGONDA,MUNUGODE,0835002,Kistapuram,Paddy,,3,0,3,0,0,0,0,0,,74.0,89.0,4.0,17.0,0.1265,0.3795,,0.0
NALGONDA,MUNUGODE,0835003,Ipparthy,Cotton,,1,0,1,0,0,0,0,0,,101.0,51.0,2.0,13.0,0.8431,0.8431,,0.0
NALGONDA,MUNUGODE,0835004,Palivela,Cotton,,2,0,2,0,0,0,0,0,,98.5,50.5,5.0,11.5,0.2393,0.4785,,0.0
NALGONDA,MUNUGODE,0835005,Vookondi,Cotton,,6,0,6,0,0,0,0,0,,92.0,52.5,4.5,15.3333,0.407,2.4422,,0.0
NALGONDA,MUNUGODE,0835005,Vookondi,Cotton,Diseased,1,1,0,0,0,1,0,1,0.8,95.0,52.0,4.0,10.0,0.364,0.364,100.0,100.0
NALGONDA,MUNUGODE,0835005,Vookondi,Paddy,,1,0,1,0,0,0,0,0,,81.0,91.0,3.0,22.0,0.2949,0.2949,,0.0
NALGONDA,MUNUGODE,0835006,Rathi Palle,Cotton,,1,0,1,0,0,0,0,0,,100.0,43.0,5.0,14.0,0.2428,0.2428,,0.0
NALGONDA,MUNUGODE,0835007,Pulipalpula,Cotton,Healthy,1,1,0,1,0,0,0,0,0.0,64.0,43.0,4.0,10.0,0.3041,0.3041,0.0,100.0
NALGONDA,MUNUGODE,0835008,Kalavalapalle,Paddy,,1,0,1,0,0,0,0,0,,57.0,91.0,3.0,16.0,0.215,0.215,,0.0
NALGONDA,MUNUGODE,0835008,Kalavalapalle,Paddy,Healthy,1,1,0,1,0,0,0,0,0.0,85.0,84.0,3.0,18.0,0.1236,0.1236,0.0,100.0
NALGONDA,MUNUGODE,0835009,Gudapur,Cotton,,1,0,1,0,0,0,0,0,,107.0,51.0,6.0,11.0,0.6656,0.6656,,0.0
NALGONDA,MUNUGODE,0835010,Jamasthanpalle,Cotton,,6,0,6,0,0,0,0,0,,96.3333,54.0,3.8333,14.0,1.1268,6.7608,,0.0
NALGONDA,MUNUGODE,0835010,Jamasthanpalle,Paddy,,4,0,4,0,0,0,0,0,,62.5,94.5,4.75,21.0,0.6329,2.5317,,0.0
NALGONDA,MUNUGODE,0835013,Cheekati Mamidi,Cotton,,22,0,22,0,0,0,0,0,,89.0455,49.2727,3.6364,11.9545,0.715,15.7303,,0.0
NALGONDA,MUNUGODE,0835014,Kompalle,Cotton,,5,0,5,0,0,0,0,0,,100.2,53.0,4.0,12.6,0.3471,1.7353,,0.0
NALGONDA,MUNUGODE,0835015,Chalmeda,Cotton,,1,0,1,0,0,0,0,0,,104.0,57.0,5.0,10.0,0.1069,0.1069,,0.0
NALGONDA,MUNUGODE,0835016,Velmakanne,Cotton,,1,0,1,0,0,0,0,0,,91.0,50.0,5.0,11.0,0.2353,0.2353,,0.0
NALGONDA,MUNUGODE,0835016,Velmakanne,Cotton,Healthy,1,1,0,1,0,0,0,0,0.0,103.0,58.0,5.0,15.0,0.4065,0.4065,0.0,100.0
NALGONDA,MUNUGODE,0835017,Marrigudem,Cotton,,1,0,1,0,0,0,0,0,,83.0,60.0,3.0,14.0,1.2941,1.2941,,0.0
NALGONDA,MUNUGODE,0835018,Kalwakuntla,Cotton,,4,0,4,0,0,0,0,0,,83.5,51.5,4.0,12.75,0.3857,1.5429,,0.0
NALGONDA,MUNUGODE,0835019,Cholledu,Cotton,,7,0,7,0,0,0,0,0,,94.0,47.5714,4.0,11.7143,0.2666,1.8661,,0.0
NALGONDA,MUNUGODE,0835020,Munugode,Cotton,,12,0,12,0,0,0,0,0,,92.0833,50.25,3.3333,12.4167,0.8045,9.6534,,0.0
NALGONDA,MUNUGODE,0835020,Munugode,Paddy,,3,0,3,0,0,0,0,0,,78.0,93.6667,4.0,20.3333,0.3292,0.9876,,0.0
NALGONDA,MUNUGODE,0835021,Solipuram,Cotton,Healthy,2,2,0,2,0,0,0,0,0.0,93.5,54.5,6.0,12.5,0.9018,1.8035,0.0,100.0
NALGONDA,MUNUGODE,0835022,Koratikal,Cotton,,20,0,20,0,0,0,0,0,,89.0,51.55,4.05,13.4,0.5013,10.0266,,0.0
NALGONDA,MUNUGODE,0835022,Koratikal,Cotton,Healthy,1,1,0,1,0,0,0,0,0.0,109.0,46.0,6.0,14.0,1.2437,1.2437,0.0,100.0
NALGONDA,MUNUGODE,0835022,Koratikal,Paddy,,5,0,5,0,0,0,0,0,,81.0,89.2,4.2,19.6,0.3878,1.9388,,0.0
NALGONDA,MUNUGODE,0835022,Koratikal,Paddy,Healthy,1,1,0,1,0,0,0,0,0.0,82.0,100.0,6.0,18.0,0.127,0.127,0.0,100.0
NALGONDA,NAKREKAL,0824001,Ogode,Cotton,,1,0,1,0,0,0,0,0,,69.0,59.0,3.0,15.0,0.4923,0.4923,,0.0
NALGONDA,NAKREKAL,0824001,Ogode,Cotton,Healthy,2,2,0,2,0,0,0,0,0.0,84.0,51.5,2.5,12.0,0.048,0.096,0.0,100.0
NALGONDA,NAKREKAL,0824001,Ogode,Paddy,,3,0,3,0,0,0,0,0,,73.6667,89.6667,5.0,16.6667,0.1091,0.3273,,0.0
NALGONDA,NAKREKAL,0824002,Vallabhapur,Paddy,,3,0,3,0,0,0,0,0,,75.3333,89.3333,4.3333,17.3333,0.1509,0.4528,,0.0
NALGONDA,NAKREKAL,0824003,Palem,Cotton,,2,0,2,0,0,0,0,0,,116.0,50.0,2.0,10.5,0.4335,0.867,,0.0
NALGONDA,NAKREKAL,0824003,Palem,Paddy,,2,0,2,0,0,0,0,0,,78.0,88.5,4.5,18.0,0.1416,0.2833,,0.0
NALGONDA,NAKREKAL,0824004,Nomula,Cotton,,5,0,5,0,0,0,0,0,,85.0,47.6,3.2,13.2,0.5631,2.8155,,0.0
NALGONDA,NAKREKAL,0824005,Kadaparthy,Cotton,,1,0,1,0,0,0,0,0,,60.0,56.0,3.0,14.0,0.8338,0.8338,,0.0
NALGONDA,NAKREKAL,0824005,Kadaparthy,Cotton,Healthy,1,1,0,1,0,0,0,0,0.0,102.0,51.0,4.0,13.0,0.7134,0.7134,0.0,100.0
NALGONDA,NAKREKAL,0824006,Adavi Bollaram,Cotton,,3,0,3,0,0,0,0,0,,85.3333,48.0,4.0,13.6667,0.2799,0.8396,,0.0
NALGONDA,NAKREKAL,0824009,Nakrekal,Cotton,,4,0,4,0,0,0,0,0,,105.25,45.5,3.75,11.5,1.114,4.4562,,0.0
NALGONDA,NAKREKAL,0824009,Nakrekal,Paddy,,1,0,1,0,0,0,0,0,,51.0,83.0,5.0,20.0,0.3253,0.3253,,0.0
NALGONDA,NAKREKAL,0824011,Tettekunta,Paddy,,1,0,1,0,0,0,0,0,,80.0,82.0,3.0,16.0,0.1396,0.1396,,0.0
NALGONDA,NAKREKAL,0824012,Mangali Palle,Cotton,,1,0,1,0,0,0,0,0,,101.0,59.0,4.0,17.0,0.7566,0.7566,,0.0
NALGONDA,NAKREKAL,0824012,Mangali Palle,Paddy,,3,0,3,0,0,0,0,0,,62.3333,93.3333,5.0,22.6667,0.9149,2.7447,,0.0
NALGONDA,NAKREKAL,0824013,Marrur,Paddy,,3,0,3,0,0,0,0,0,,72.3333,80.6667,3.6667,16.6667,0.1138,0.3414,,0.0
NALGONDA,NAKREKAL,0824014,Chandupatla,Paddy,,2,0,2,0,0,0,0,0,,73.0,90.5,4.5,18.0,0.132,0.2639,,0.0
NALGONDA,NAKREKAL,0824015,Mandalapur,Paddy,,4,0,4,0,0,0,0,0,,70.25,90.5,4.0,16.75,0.1089,0.4356,,0.0
NALGONDA,NAKREKAL,0824015,Mandalapur,Paddy,Diseased,1,1,0,0,0,1,0,1,0.8,74.0,89.0,4.0,17.0,0.1636,0.1636,100.0,100.0
NALGONDA,NAKREKAL,0824015,Mandalapur,Paddy,Healthy,3,3,0,3,0,0,0,0,0.0,81.0,84.3333,3.6667,17.3333,0.1483,0.4449,0.0,100.0
NALGONDA,NAKREKAL,0824016,Gorenkal Palle,Paddy,,2,0,2,0,0,0,0,0,,76.0,90.5,5.0,17.5,0.179,0.3579,,0.0
NALGONDA,NALGONDA,0834000,Nalgonda (M),Paddy,Healthy,3,3,0,3,0,0,0,0,0.0,70.6667,93.0,4.6667,17.0,0.1821,0.5463,0.0,100.0
NALGONDA,NALGONDA,0834001,Appaji Peta,Cotton,Healthy,2,2,0,2,0,0,0,0,0.0,90.5,50.0,5.5,15.0,0.8231,1.6461,0.0,100.0
NALGONDA,NALGONDA,0834001,Appaji Peta,Cotton,Pests,1,1,0,0,0,0,1,1,0.9,89.0,48.0,5.0,12.0,0.7533,0.7533,100.0,100.0
NALGONDA,NALGONDA,0834001,Appaji Peta,Paddy,Healthy,1,1,0,1,0,0,0,0,0.0,63.0,95.0,5.0,19.0,0.1045,0.1045,0.0,100.0
NALGONDA,NALGONDA,0834002,Anneparthy,Cotton,Diseased,1,1,0,0,0,1,0,1,0.8,83.0,42.0,4.0,11.0,0.4348,0.4348,100.0,100.0
NALGONDA,NALGONDA,0834003,Cherlapalle,Paddy,Diseased,1,1,0,0,0,1,0,1,0.8,79.0,100.0,3.0,17.0,0.2253,0.2253,100.0,100.0
NALGONDA,NALGONDA,0834003,Cherlapalle,Paddy,Healthy,6,6,0,6,0,0,0,0,0.0,70.0,91.8333,3.5,18.1667,0.1687,1.012,0.0,100.0
NALGONDA,NALGONDA,0834005,Dandampalle,Cotton,Healthy,1,1,0,1,0,0,0,0,0.0,64.0,48.0,5.0,14.0,0.3002,0.3002,0.0,100.0
NALGONDA,NALGONDA,0834005,Dandampalle,Paddy,Healthy,5,5,0,5,0,0,0,0,0.0,68.8,88.0,3.8,17.4,0.2157,1.0787,0.0,100.0
NALGONDA,NALGONDA,0834006,Chandan Palle,Cotton,Healthy,3,3,0,3,0,0,0,0,0.0,84.6667,51.0,4.6667,13.3333,0.537,1.6109,0.0,100.0
NALGONDA,NALGONDA,0834006,Chandan Palle,Cotton,Stressed,1,1,0,0,1,0,0,1,0.5,81.0,58.0,5.0,14.0,1.1991,1.1991,100.0,100.0
NALGONDA,NALGONDA,0834006,Chandan Palle,Paddy,Diseased,1,1,0,0,0,1,0,1,0.8,100.0,88.0,6.0,16.0,0.4194,0.4194,100.0,100.0
NALGONDA,NALGONDA,0834006,Chandan Palle,Paddy,Healthy,7,7,0,7,0,0,0,0,0.0,74.0,91.4286,4.0,17.0,0.2279,1.5954,0.0,100.0
NALGONDA,NALGONDA,0834006,Chandan Palle,Paddy,Stressed,1,1,0,0,1,0,0,1,0.5,55.0,88.0,4.0,22.0,1.3552,1.3552,100.0,100.0
NALGONDA,NALGONDA,0834007,Panagallu (Rural),Cotton,Pests,1,1,0,0,0,0,1,1,0.9,85.0,43.0,3.0,12.0,1.7903,1.7903,100.0,100.0
NALGONDA,NALGONDA,0834007,Panagallu (Rural),Paddy,Diseased,1,1,0,0,0,1,0,1,0.8,51.0,84.0,3.0,20.0,0.1688,0.1688,100.0,100.0
NALGONDA,NALGONDA,0834007,Panagallu (Rural),Paddy,Healthy,10,10,0,10,0,0,0,0,0.0,82.8,89.2,4.9,17.9,0.2605,2.6048,0.0,100.0
NALGONDA,NALGONDA,0834008,Marriguda,Paddy,Diseased,1,1,0,0,0,1,0,1,0.8,66.0,81.0,5.0,17.0,0.0842,0.0842,100.0,100.0
NALGONDA,NALGONDA,0834008,Marriguda,Paddy,Healthy,8,8,0,8,0,0,0,0,0.0,71.75,91.0,5.25,18.375,0.0955,0.7636,0.0,100.0
NALGONDA,NALGONDA,0834009,Budharam,Paddy,Healthy,2,2,0,2,0,0,0,0,0.0,65.5,90.5,4.0,18.5,0.1672,0.3344,0.0,100.0
NALGONDA,NALGONDA,0834010,Kanchanpalle,Cotton,Healthy,1,1,0,1,0,0,0,0,0.0,63.0,43.0,5.0,10.0,0.6296,0.6296,0.0,100.0
NALGONDA,NALGONDA,0834010,Kanchanpalle,Paddy,Healthy,5,5,0,5,0,0,0,0,0.0,80.0,88.6,4.6,16.8,0.086,0.4298,0.0,100.0
NALGONDA,NALGONDA,0834011,K.Kondaram,Cotton,Healthy,2,2,0,2,0,0,0,0,0.0,89.5,47.5,3.5,11.5,0.5348,1.0695,0.0,100.0
NALGONDA,NALGONDA,0834013,M.Domalapalle,Paddy,Healthy,1,1,0,1,0,0,0,0,0.0,83.0,84.0,5.0,17.0,0.0893,0.0893,0.0,100.0
NALGONDA,NALGONDA,0834014,Narsing Batla,Paddy,Healthy,3,3,0,3,0,0,0,0,0.0,80.3333,89.0,5.0,16.3333,0.2477,0.7432,0.0,100.0
NALGONDA,NALGONDA,0834015,Khudavanpur,Paddy,Healthy,2,2,0,2,0,0,0,0,0.0,63.0,82.5,4.5,17.0,0.2171,0.4343,0.0,100.0
NALGONDA,NALGONDA,0834017,Gundlapalle,Paddy,Healthy,3,3,0,3,0,0,0,0,0.0,76.6667,91.3333,4.3333,18.6667,0.1654,0.4962,0.0,100.0
NALGONDA,NALGONDA,0834022,G.K.Annaram,Paddy,Diseased,1,1,0,0,0,1,0,1,0.8,100.0,95.0,4.0,15.0,0.1188,0.1188,100.0,100.0
NALGONDA,NALGONDA,0834022,G.K.Annaram,Paddy,Healthy,1,1,0,1,0,0,0,0,0.0,88.0,82.0,3.0,17.0,0.3297,0.3297,0.0,100.0
NALGONDA,NALGONDA,0834023,Medla Duppala Palle,Paddy,Healthy,1,1,0,1,0,0,0,0,0.0,52.0,98.0,6.0,17.0,0.1088,0.1088,0.0,100.0
NALGONDA,NALGONDA,0834026,Rasoolpur,Groundnut,Healthy,1,1,0,1,0,0,0,0,0.0,22.0,37.0,1.0,9.0,1.6238,1.6238,0.0,100.0
NALGONDA,NALGONDA,0834026,Rasoolpur,Paddy,Healthy,3,3,0,3,0,0,0,0,0.0,78.3333,90.3333,4.3333,17.6667,0.1815,0.5446,0.0,100.0
NALGONDA,NALGONDA,0834027,Musham Palle,Paddy,Healthy,2,2,0,2,0,0,0,0,0.0,65.5,97.0,3.5,16.5,0.1148,0.2295,0.0,100.0
NALGONDA,NAMPALLE,0855001,Hydelapur,Cotton,,4,0,4,0,0,0,0,0,,97.75,42.5,4.25,13.5,0.3474,1.3896,,0.0
NALGONDA,NAMPALLE,0855002,Swamulavari  Lingotam,Cotton,,7,0,7,0,0,0,0,0,,106.4286,51.4286,4.1429,12.0,0.2964,2.0745,,0.0
NALGONDA,NAMPALLE,0855004,Damera,Cotton,,4,0,4,0,0,0,0,0,,92.75,52.75,5.25,13.0,0.3196,1.2783,,0.0
NALGONDA,NAMPALLE,0855009,Mohamadapur,Cotton,,2,0,2,0,0,0,0,0,,83.5,53.0,5.0,14.0,0.8977,1.7953,,0.0
NALGONDA,NAMPALLE,0855010,Peddapur,Cotton,,6,0,6,0,0,0,0,0,,82.8333,48.3333,4.0,12.5,0.8443,5.0656,,0.0
NALGONDA,NAMPALLE,0855011,Nampalle,Cotton,,3,0,3,0,0,0,0,0,,92.3333,48.6667,5.3333,12.3333,0.6276,1.8828,,0.0
NALGONDA,NAMPALLE,0855012,Chittam Pahad,Cotton,,1,0,1,0,0,0,0,0,,93.0,56.0,5.0,14.0,0.1335,0.1335,,0.0
NALGONDA,NAMPALLE,0855013,Vadde Palle,Cotton,,3,0,3,0,0,0,0,0,,91.6667,53.0,4.6667,11.6667,0.4876,1.4628,,0.0
NALGONDA,NAMPALLE,0855016,Tirumalagiri,Cotton,,2,0,2,0,0,0,0,0,,91.5,51.0,2.5,10.5,0.4707,0.9414,,0.0
NALGONDA,NAMPALLE,0855018,Ghatlamallapalle,Cotton,,2,0,2,0,0,0,0,0,,113.5,42.5,5.5,12.5,0.7026,1.4052,,0.0
NALGONDA,NAMPALLE,0855021,Pasnoor,Cotton,,1,0,1,0,0,0,0,0,,108.0,47.0,3.0,13.0,0.4375,0.4375,,0.0
NALGONDA,NAMPALLE,0855022,Sharabhapur,Paddy,,1,0,1,0,0,0,0,0,,61.0,86.0,5.0,20.0,0.033,0.033,,0.0
NALGONDA,NAMPALLE,0855023,Fakirpur,Paddy,,1,0,1,0,0,0,0,0,,83.0,93.0,3.0,19.0,0.0816,0.0816,,0.0
NALGONDA,NAMPALLE,0855024,Rebelli,Paddy,,1,0,1,0,0,0,0,0,,84.0,100.0,5.0,18.0,0.0692,0.0692,,0.0
NALGONDA,NAMPALLE,0855025,Bandathimmapur,Cotton,,3,0,3,0,0,0,0,0,,87.0,53.0,4.3333,11.0,0.8653,2.5958,,0.0
NALGONDA,NAMPALLE,0855027,Deveth Palle,Cotton,,1,0,1,0,0,0,0,0,,98.0,40.0,2.0,13.0,1.3056,1.3056,,0.0
NALGONDA,NAMPALLE,0855027,Deveth Palle,Paddy,,1,0,1,0,0,0,0,0,,74.0,94.0,3.0,20.0,0.0219,0.0219,,0.0
NALGONDA,NARAYANAPUR,0836011,Puttapaka,Cotton,,1,0,1,0,0,0,0,0,,63.0,54.0,4.0,12.0,0.0524,0.0524,,0.0
NALGONDA,NARKETPALLE,0822001,Sabbidiguda,Paddy,Healthy,6,6,0,6,0,0,0,0,0.0,73.6667,87.3333,4.3333,17.0,0.1537,0.9221,0.0,100.0
NALGONDA,NARKETPALLE,0822002,Ammanabole,Cotton,Healthy,2,2,0,2,0,0,0,0,0.0,100.0,49.0,5.5,10.5,0.3329,0.6659,0.0,100.0
NALGONDA,NARKETPALLE,0822002,Ammanabole,Cotton,Stressed,1,1,0,0,1,0,0,1,0.5,120.0,52.0,5.0,10.0,0.3279,0.3279,100.0,100.0
NALGONDA,NARKETPALLE,0822002,Ammanabole,Paddy,Healthy,3,3,0,3,0,0,0,0,0.0,67.0,95.6667,5.3333,18.6667,0.3089,0.9267,0.0,100.0
NALGONDA,NARKETPALLE,0822002,Ammanabole,Paddy,Pests,2,2,0,0,0,0,2,2,0.9,65.5,89.0,5.0,17.5,0.0964,0.1928,100.0,100.0
NALGONDA,NARKETPALLE,0822003,Akkene Palle,Paddy,Diseased,1,1,0,0,0,1,0,1,0.8,74.0,85.0,4.0,17.0,0.1165,0.1165,100.0,100.0
NALGONDA,NARKETPALLE,0822003,Akkene Palle,Paddy,Healthy,5,5,0,5,0,0,0,0,0.0,74.4,90.0,4.2,16.2,0.2483,1.2417,0.0,100.0
NALGONDA,NARKETPALLE,0822003,Akkene Palle,Paddy,Stressed,1,1,0,0,1,0,0,1,0.5,88.0,97.0,5.0,19.0,0.1678,0.1678,100.0,100.0
NALGONDA,NARKETPALLE,0822004,Nakkala Palle,Paddy,Healthy,2,2,0,2,0,0,0,0,0.0,71.5,82.0,6.0,16.0,0.0916,0.1833,0.0,100.0
NALGONDA,NARKETPALLE,0822005,Sha Palle,Paddy,Healthy,1,1,0,1,0,0,0,0,0.0,50.0,98.0,3.0,17.0,0.0672,0.0672,0.0,100.0
NALGONDA,NARKETPALLE,0822006,Chippala Palle,Paddy,Diseased,1,1,0,0,0,1,0,1,0.8,74.0,97.0,4.0,17.0,0.1023,0.1023,100.0,100.0
NALGONDA,NARKETPALLE,0822006,Chippala Palle,Paddy,Healthy,6,6,0,6,0,0,0,0,0.0,73.3333,89.5,4.3333,17.0,0.1579,0.9472,0.0,100.0
NALGONDA,NARKETPALLE,0822006,Chippala Palle,Paddy,Pests,2,2,0,0,0,0,2,2,0.9,63.5,90.5,5.5,17.5,0.3467,0.6933,100.0,100.0
NALGONDA,NARKETPALLE,0822007,Thondalvai,Paddy,Diseased,3,3,0,0,0,3,0,3,0.8,70.3333,88.6667,4.0,16.6667,0.2084,0.6251,100.0,100.0
NALGONDA,NARKETPALLE,0822007,Thondalvai,Paddy,Healthy,5,5,0,5,0,0,0,0,0.0,71.8,91.4,4.0,17.2,0.1044,0.5221,0.0,100.0
NALGONDA,NARKETPALLE,0822007,Thondalvai,Paddy,Pests,1,1,0,0,0,0,1,1,0.9,55.0,99.0,3.0,19.0,0.1067,0.1067,100.0,100.0
NALGONDA,NARKETPALLE,0822007,Thondalvai,Paddy,Stressed,1,1,0,0,1,0,0,1,0.5,79.0,96.0,6.0,18.0,0.2547,0.2547,100.0,100.0
NALGONDA,NARKETPALLE,0822010,Madhayedavally,Paddy,Healthy,1,1,0,1,0,0,0,0,0.0,53.0,91.0,3.0,20.0,0.161,0.161,0.0,100.0
NALGONDA,NARKETPALLE,0822011,Nemmani,Paddy,Healthy,3,3,0,3,0,0,0,0,0.0,88.0,93.3333,5.0,17.3333,0.1306,0.3918,0.0,100.0
NALGONDA,NARKETPALLE,0822013,Akkenepalle Vari Lingotam,Paddy,Diseased,1,1,0,0,0,1,0,1,0.8,85.0,85.0,3.0,15.0,0.056,0.056,100.0,100.0
NALGONDA,NARKETPALLE,0822013,Akkenepalle Vari Lingotam,Paddy,Healthy,2,2,0,2,0,0,0,0,0.0,98.0,82.0,4.5,17.0,0.1787,0.3573,0.0,100.0
NALGONDA,NARKETPALLE,0822014,Cherughat,Cotton,Healthy,2,2,0,2,0,0,0,0,0.0,79.0,52.5,3.5,13.0,1.0308,2.0615,0.0,100.0
NALGONDA,NARKETPALLE,0822015,Narketpalle,Paddy,Healthy,1,1,0,1,0,0,0,0,0.0,98.0,91.0,6.0,20.0,0.2448,0.2448,0.0,100.0
NALGONDA,NARKETPALLE,0822016,Choudampalle,Cotton,Healthy,2,2,0,2,0,0,0,0,0.0,84.0,52.5,4.0,12.0,1.5268,3.0536,0.0,100.0
NALGONDA,NARKETPALLE,0822016,Choudampalle,Cotton,Pests,1,1,0,0,0,0,1,1,0.9,97.0,50.0,2.0,18.0,1.2123,1.2123,100.0,100.0
NALGONDA,NARKETPALLE,0822016,Choudampalle,Paddy,Healthy,1,1,0,1,0,0,0,0,0.0,61.0,95.0,5.0,15.0,0.1223,0.1223,0.0,100.0
NALGONDA,NARKETPALLE,0822017,Brahmanvellemla,Cotton,Healthy,2,2,0,2,0,0,0,0,0.0,84.5,50.5,4.5,18.5,0.3716,0.7432,0.0,100.0
NALGONDA,NARKETPALLE,0822017,Brahmanvellemla,Paddy,Healthy,2,2,0,2,0,0,0,0,0.0,78.5,89.0,6.0,17.5,0.5687,1.1375,0.0,100.0
NALGONDA,NARKETPALLE,0822017,Brahmanvellemla,Paddy,Pests,1,1,0,0,0,0,1,1,0.9,50.0,100.0,4.0,23.0,0.8357,0.8357,100.0,100.0
NALGONDA,NARKETPALLE,0822018,Auravani,Cotton,Healthy,2,2,0,2,0,0,0,0,0.0,92.0,51.0,4.0,15.0,0.5493,1.0986,0.0,100.0
NALGONDA,NARKETPALLE,0822019,Yellareddy Guda,Cotton,Healthy,3,3,0,3,0,0,0,0,0.0,101.0,54.0,5.3333,11.3333,0.3736,1.1208,0.0,100.0
NALGONDA,NARKETPALLE,0822019,Yellareddy Guda,Paddy,Diseased,1,1,0,0,0,1,0,1,0.8,59.0,86.0,6.0,19.0,0.305,0.305,100.0,100.0
NALGONDA,NARKETPALLE,0822019,Yellareddy Guda,Paddy,Healthy,1,1,0,1,0,0,0,0,0.0,87.0,85.0,3.0,21.0,0.9611,0.9611,0.0,100.0
NALGONDA,NEREDCHERLA,0849003,Somavaram,Paddy,Healthy,1,1,0,1,0,0,0,0,0.0,74.0,82.0,4.0,17.0,0.0667,0.0667,0.0,100.0
NALGONDA,NEREDCHERLA,0849010,Bodaladinna,Paddy,Healthy,2,2,0,2,0,0,0,0,0.0,74.0,86.5,4.0,17.0,0.1369,0.2737,0.0,100.0
NALGONDA,NEREDCHERLA,0849017,Sajjapuram,Paddy,Healthy,1,1,0,1,0,0,0,0,0.0,74.0,94.0,4.0,17.0,0.0217,0.0217,0.0,100.0
NALGONDA,NEREDCHERLA,0849018,Sunya Pahad,Paddy,Healthy,1,1,0,1,0,0,0,0,0.0,74.0,82.0,4.0,17.0,0.0855,0.0855,0.0,100.0
NALGONDA,NIDAMANUR,0840001,Kesavapuram,Paddy,Healthy,5,5,0,5,0,0,0,0,0.0,76.2,93.2,4.2,16.2,0.164,0.8201,0.0,100.0
NALGONDA,NIDAMANUR,0840002,Kannekal,Cotton,Diseased,1,1,0,0,0,1,0,1,0.8,84.0,46.0,6.0,13.0,1.2633,1.2633,100.0,100.0
NALGONDA,NIDAMANUR,0840002,Kannekal,Paddy,Healthy,5,5,0,5,0,0,0,0,0.0,72.6,89.2,4.2,18.2,0.1547,0.7735,0.0,100.0
NALGONDA,NIDAMANUR,0840002,Kannekal,Paddy,Pests,1,1,0,0,0,0,1,1,0.9,86.0,82.0,4.0,17.0,0.2625,0.2625,100.0,100.0
NALGONDA,NIDAMANUR,0840004,Yerraballi,Paddy,Healthy,1,1,0,1,0,0,0,0,0.0,74.0,81.0,4.0,17.0,0.0869,0.0869,0.0,100.0
NALGONDA,NIDAMANUR,0840006,Vutkur,Cotton,Healthy,7,7,0,7,0,0,0,0,0.0,89.2857,47.7143,3.1429,12.5714,0.0755,0.5282,0.0,100.0
NALGONDA,NIDAMANUR,0840006,Vutkur,Cotton,Pests,1,1,0,0,0,0,1,1,0.9,95.0,41.0,5.0,10.0,0.0625,0.0625,100.0,100.0
NALGONDA,NIDAMANUR,0840006,Vutkur,Paddy,Diseased,2,2,0,0,0,2,0,2,0.8,74.0,93.5,4.0,17.0,0.0704,0.1407,100.0,100.0
NALGONDA,NIDAMANUR,0840006,Vutkur,Paddy,Healthy,4,4,0,4,0,0,0,0,0.0,74.0,97.0,4.0,17.0,0.1258,0.5032,0.0,100.0
NALGONDA,NIDAMANUR,0840007,Gunti Palle,Paddy,Healthy,2,2,0,2,0,0,0,0,0.0,76.0,86.0,4.5,18.5,0.1374,0.2747,0.0,100.0
NALGONDA,NIDAMANUR,0840008,Mupparam,Paddy,Healthy,1,1,0,1,0,0,0,0,0.0,74.0,86.0,4.0,17.0,0.1927,0.1927,0.0,100.0
NALGONDA,NIDAMANUR,0840009,Nidamanur,Cotton,Healthy,2,2,0,2,0,0,0,0,0.0,75.0,42.5,3.5,10.5,0.0674,0.1348,0.0,100.0
NALGONDA,NIDAMANUR,0840011,Sakhapur,Paddy,Healthy,5,5,0,5,0,0,0,0,0.0,75.4,85.6,5.2,17.8,0.5293,2.6465,0.0,100.0
NALGONDA,NIDAMANUR,0840012,Vempahad,Paddy,Diseased,1,1,0,0,0,1,0,1,0.8,74.0,96.0,4.0,17.0,0.0724,0.0724,100.0,100.0
NALGONDA,NIDAMANUR,0840012,Vempahad,Paddy,Healthy,4,4,0,4,0,0,0,0,0.0,74.0,86.5,4.0,17.0,0.1035,0.414,0.0,100.0
NALGONDA,NIDAMANUR,0840014,Tummadam,Cotton,Healthy,1,1,0,1,0,0,0,0,0.0,77.0,54.0,2.0,15.0,0.0755,0.0755,0.0,100.0
NALGONDA,NIDAMANUR,0840016,Surepalle,Paddy,Healthy,1,1,0,1,0,0,0,0,0.0,72.0,95.0,4.0,20.0,0.0795,0.0795,0.0,100.0
NALGONDA,PEDDA ADISERLA PALLE,0853002,Chilka Marry,Cotton,Healthy,5,5,0,5,0,0,0,0,0.0,103.4,49.2,3.8,13.0,0.6911,3.4554,0.0,100.0
NALGONDA,PEDDA ADISERLA PALLE,0853002,Chilka Marry,Paddy,Healthy,1,1,0,1,0,0,0,0,0.0,75.0,82.0,5.0,20.0,0.0575,0.0575,0.0,100.0
NALGONDA,PEDDA ADISERLA PALLE,0853005,Keshamneni Palle,Cotton,Diseased,1,1,0,0,0,1,0,1,0.8,98.0,59.0,2.0,12.0,0.4408,0.4408,100.0,100.0
NALGONDA,PEDDA ADISERLA PALLE,0853010,Madhapur,Groundnut,Healthy,1,1,0,1,0,0,0,0,0.0,20.0,36.0,2.0,12.0,0.9923,0.9923,0.0,100.0
NALGONDA,PEDDA ADISERLA PALLE,0853011,Ghatnemilipur,Paddy,Healthy,1,1,0,1,0,0,0,0,0.0,65.0,93.0,3.0,20.0,0.1123,0.1123,0.0,100.0
NALGONDA,PEDDA ADISERLA PALLE,0853013,Tirumalagiri (Patti Dugyal),Paddy,Healthy,1,1,0,1,0,0,0,0,0.0,68.0,85.0,6.0,16.0,0.1977,0.1977,0.0,100.0
NALGONDA,PEDDA ADISERLA PALLE,0853014,Dugyala,Paddy,Healthy,7,7,0,7,0,0,0,0,0.0,73.7143,91.2857,4.4286,16.4286,0.1538,1.0766,0.0,100.0
NALGONDA,PEDDA ADISERLA PALLE,0853014,Dugyala,Paddy,Pests,2,2,0,0,0,0,2,2,0.9,77.5,90.0,4.5,17.5,0.0765,0.153,100.0,100.0
NALGONDA,PEDDA ADISERLA PALLE,0853015,Pedda Adiserla Palle,Paddy,Healthy,2,2,0,2,0,0,0,0,0.0,76.5,87.0,5.0,18.0,0.2049,0.4097,0.0,100.0
NALGONDA,PEDDA ADISERLA PALLE,0853017,Azmapur,Cotton,Healthy,4,4,0,4,0,0,0,0,0.0,102.5,53.0,4.75,12.0,0.0357,0.1427,0.0,100.0
NALGONDA,PEDDA ADISERLA PALLE,0853017,Azmapur,Cotton,Stressed,1,1,0,0,1,0,0,1,0.5,75.0,60.0,5.0,15.0,0.0452,0.0452,100.0,100.0
NALGONDA,PEDDA ADISERLA PALLE,0853022,Yellapuram,Groundnut,Healthy,1,1,0,1,0,0,0,0,0.0,27.0,21.0,1.0,15.0,0.9722,0.9722,0.0,100.0
NALGONDA,PEDDA ADISERLA PALLE,0853023,Nambapuram,Paddy,Healthy,3,3,0,3,0,0,0,0,0.0,63.0,89.3333,4.6667,18.3333,0.1251,0.3753,0.0,100.0
NALGONDA,PEDDA ADISERLA PALLE,0853023,Nambapuram,Paddy,Stressed,1,1,0,0,1,0,0,1,0.5,59.0,86.0,3.0,18.0,0.2147,0.2147,100.0,100.0
NALGONDA,PEDDAVOORA,0852004,Pothnur,Paddy,Healthy,1,1,0,1,0,0,0,0,0.0,69.0,100.0,3.0,20.0,0.2208,0.2208,0.0,100.0
NALGONDA,PEDDAVOORA,0852004,Pothnur,Paddy,Stressed,1,1,0,0,1,0,0,1,0.5,93.0,94.0,5.0,16.0,0.1225,0.1225,100.0,100.0
NALGONDA,PEDDAVOORA,0852006,Pinnavura,Paddy,Pests,1,1,0,0,0,0,1,1,0.9,83.0,97.0,3.0,16.0,0.1465,0.1465,100.0,100.0
NALGONDA,PEDDAVOORA,0852012,Lingampalle,Paddy,Healthy,1,1,0,1,0,0,0,0,0.0,97.0,81.0,6.0,17.0,0.0693,0.0693,0.0,100.0
NALGONDA,PEDDAVOORA,0852014,Peddavoora,Cotton,Healthy,1,1,0,1,0,0,0,0,0.0,118.0,49.0,3.0,12.0,0.5333,0.5333,0.0,100.0
NALGONDA,PEDDAVOORA,0852015,Chintapalle,Groundnut,Healthy,10,10,0,10,0,0,0,0,0.0,30.6,31.0,2.6,12.4,0.9508,9.5081,0.0,100.0
NALGONDA,PEDDAVOORA,0852015,Chintapalle,Groundnut,Pests,1,1,0,0,0,0,1,1,0.9,25.0,33.0,4.0,11.0,0.4972,0.4972,100.0,100.0
NALGONDA,PEDDAVOORA,0852015,Chintapalle,Groundnut,Stressed,1,1,0,0,1,0,0,1,0.5,40.0,42.0,2.0,13.0,0.5576,0.5576,100.0,100.0
NALGONDA,PEDDAVOORA,0852015,Chintapalle,Paddy,Healthy,1,1,0,1,0,0,0,0,0.0,65.0,92.0,5.0,19.0,0.1783,0.1783,0.0,100.0
NALGONDA,PEDDAVOORA,0852016,Thungathurthy,Cotton,Diseased,1,1,0,0,0,1,0,1,0.8,104.0,43.0,6.0,10.0,0.0864,0.0864,100.0,100.0
NALGONDA,PEDDAVOORA,0852016,Thungathurthy,Cotton,Healthy,5,5,0,5,0,0,0,0,0.0,97.2,43.8,3.6,12.2,0.3134,1.5668,0.0,100.0
NALGONDA,PEDDAVOORA,0852017,Parvedula,Groundnut,Healthy,3,3,0,3,0,0,0,0,0.0,25.6667,47.0,2.3333,12.0,0.6131,1.8392,0.0,100.0
NALGONDA,PEDDAVOORA,0852017,Parvedula,Paddy,Healthy,1,1,0,1,0,0,0,0,0.0,59.0,81.0,5.0,19.0,0.2603,0.2603,0.0,100.0
NALGONDA,PEDDAVOORA,0852018,Chalakurthy,Cotton,Healthy,4,4,0,4,0,0,0,0,0.0,85.5,51.75,4.5,11.5,0.2892,1.1567,0.0,100.0
NALGONDA,PEDDAVOORA,0852018,Chalakurthy,Cotton,Pests,1,1,0,0,0,0,1,1,0.9,63.0,50.0,6.0,12.0,0.1293,0.1293,100.0,100.0
NALGONDA,PEDDAVOORA,0852018,Chalakurthy,Cotton,Stressed,1,1,0,0,1,0,0,1,0.5,72.0,44.0,5.0,12.0,0.0769,0.0769,100.0,100.0
NALGONDA,PEDDAVOORA,0852018,Chalakurthy,Groundnut,Healthy,1,1,0,1,0,0,0,0,0.0,32.0,26.0,1.0,11.0,1.7145,1.7145,0.0,100.0
NALGONDA,PEDDAVOORA,0852022,Jammanakota,Paddy,Pests,1,1,0,0,0,0,1,1,0.9,69.0,87.0,4.0,19.0,0.1483,0.1483,100.0,100.0
NALGONDA,PEDDAVOORA,0852023,Nellikal,Groundnut,Diseased,2,2,0,0,0,2,0,2,0.8,29.0,41.5,3.5,12.0,0.485,0.9701,100.0,100.0
NALGONDA,PEDDAVOORA,0852023,Nellikal,Groundnut,Healthy,51,51,0,51,0,0,0,0,0.0,29.6275,35.6667,2.5294,12.3137,0.7003,35.7172,0.0,100.0
NALGONDA,PEDDAVOORA,0852023,Nellikal,Groundnut,Pests,5,5,0,0,0,0,5,5,0.9,34.2,39.0,2.4,13.4,0.687,3.435,100.0,100.0
NALGONDA,PEDDAVOORA,0852023,Nellikal,Groundnut,Stressed,4,4,0,0,4,0,0,4,0.5,35.25,31.5,2.75,13.0,0.9991,3.9963,100.0,100.0
NALGONDA,PEDDAVOORA,0852024,Chintalapalem,Cotton,Healthy,6,6,0,6,0,0,0,0,0.0,92.5,53.0,3.6667,11.6667,0.0436,0.2614,0.0,100.0
NALGONDA,PEDDAVOORA,0852025,Thimmaipalem,Groundnut,,2,0,2,0,0,0,0,0,,30.0,35.5,2.5,12.5,1.0246,2.0492,,0.0
NALGONDA,PEDDAVOORA,0852025,Thimmaipalem,Groundnut,Healthy,3,3,0,3,0,0,0,0,0.0,35.0,34.6667,3.3333,11.3333,0.4645,1.3936,0.0,100.0
NALGONDA,PEDDAVOORA,0852025,Thimmaipalem,Paddy,Healthy,2,2,0,2,0,0,0,0,0.0,91.5,83.5,5.5,16.0,0.0298,0.0596,0.0,100.0
NALGONDA,PEDDAVOORA,0852026,Thuniki Nuthula,Groundnut,Healthy,4,4,0,4,0,0,0,0,0.0,34.25,35.5,2.5,12.5,0.2971,1.1886,0.0,100.0
NALGONDA,PEDDAVOORA,0852026,Thuniki Nuthula,Groundnut,Stressed,2,2,0,0,2,0,0,2,0.5,35.5,32.5,1.5,13.0,0.0806,0.1612,100.0,100.0
NALGONDA,PEDDAVOORA,0852026,Thuniki Nuthula,Paddy,Healthy,1,1,0,1,0,0,0,0,0.0,90.0,94.0,6.0,20.0,0.0778,0.0778,0.0,100.0
NALGONDA,PEDDAVOORA,0852F01,FOREST,Groundnut,Diseased,1,1,0,0,0,1,0,1,0.8,34.0,34.0,4.0,10.0,0.1873,0.1873,100.0,100.0
NALGONDA,PEDDAVOORA,0852F01,FOREST,Groundnut,Healthy,7,7,0,7,0,0,0,0,0.0,30.8571,38.4286,2.7143,12.2857,0.5409,3.7861,0.0,100.0
NALGONDA,PEDDAVOORA,0852F01,FOREST,Groundnut,Pests,1,1,0,0,0,0,1,1,0.9,33.0,48.0,3.0,13.0,0.4727,0.4727,100.0,100.0
NALGONDA,PEDDAVOORA,0852F01,FOREST,Groundnut,Stressed,1,1,0,0,1,0,0,1,0.5,31.0,46.0,3.0,15.0,0.5192,0.5192,100.0,100.0
NALGONDA,PEDDAVOORA,0852F03,FOREST,Groundnut,Diseased,1,1,0,0,0,1,0,1,0.8,40.0,27.0,3.0,10.0,0.4699,0.4699,100.0,100.0
NALGONDA,PEDDAVOORA,0852F03,FOREST,Groundnut,Healthy,8,8,0,8,0,0,0,0,0.0,30.625,32.5,3.0,12.5,0.7643,6.1146,0.0,100.0
NALGONDA,PEDDAVOORA,0852F03,FOREST,Groundnut,Pests,2,2,0,0,0,0,2,2,0.9,31.0,46.0,2.5,13.0,0.6934,1.3868,100.0,100.0
NALGONDA,RAMANNAPETA,0820009,Kunkudu Pamula,Cotton,Healthy,3,3,0,3,0,0,0,0,0.0,83.6667,44.6667,5.3333,14.0,0.5316,1.5948,0.0,100.0
NALGONDA,RAMANNAPETA,0820011,Kakkireni,Paddy,Healthy,1,1,0,1,0,0,0,0,0.0,82.0,85.0,4.0,15.0,0.157,0.157,0.0,100.0
NALGONDA,RAMANNAPETA,0820011,Kakkireni,Paddy,Stressed,1,1,0,0,1,0,0,1,0.5,100.0,85.0,4.0,15.0,0.259,0.259,100.0,100.0
NALGONDA,SALI GOURARAM,0812001,Uppalancha,Paddy,Diseased,2,2,0,0,0,2,0,2,0.8,60.0,89.5,4.5,17.5,0.1902,0.3803,100.0,100.0
NALGONDA,SALI GOURARAM,0812001,Uppalancha,Paddy,Healthy,1,1,0,1,0,0,0,0,0.0,65.0,83.0,5.0,17.0,0.2525,0.2525,0.0,100.0
NALGONDA,SALI GOURARAM,0812002,Manimadde,Paddy,Healthy,7,7,0,7,0,0,0,0,0.0,69.1429,92.5714,4.8571,17.4286,0.1458,1.0207,0.0,100.0
NALGONDA,SALI GOURARAM,0812002,Manimadde,Paddy,Stressed,1,1,0,0,1,0,0,1,0.5,98.0,88.0,4.0,17.0,0.0762,0.0762,100.0,100.0
NALGONDA,SALI GOURARAM,0812003,Gurijala,Paddy,Diseased,1,1,0,0,0,1,0,1,0.8,89.0,85.0,5.0,15.0,0.0409,0.0409,100.0,100.0
NALGONDA,SALI GOURARAM,0812003,Gurijala,Paddy,Healthy,5,5,0,5,0,0,0,0,0.0,75.2,89.2,5.0,18.8,0.1165,0.5827,0.0,100.0
NALGONDA,SALI GOURARAM,0812004,Sali Lingotam,Paddy,Healthy,3,3,0,3,0,0,0,0,0.0,75.6667,97.0,5.0,17.3333,0.1071,0.3213,0.0,100.0
NALGONDA,SALI GOURARAM,0812005,Tudimidi,Cotton,Healthy,2,2,0,2,0,0,0,0,0.0,90.5,57.0,5.0,12.0,0.2163,0.4325,0.0,100.0
NALGONDA,SALI GOURARAM,0812005,Tudimidi,Paddy,Healthy,7,7,0,7,0,0,0,0,0.0,68.5714,94.2857,3.7143,19.1429,0.1349,0.9443,0.0,100.0
NALGONDA,SALI GOURARAM,0812006,Chittalur,Cotton,Diseased,1,1,0,0,0,1,0,1,0.8,60.0,44.0,5.0,15.0,1.0401,1.0401,100.0,100.0
NALGONDA,SALI GOURARAM,0812006,Chittalur,Cotton,Healthy,11,11,0,11,0,0,0,0,0.0,85.6364,48.2727,4.0909,12.0909,0.5287,5.8159,0.0,100.0
NALGONDA,SALI GOURARAM,0812006,Chittalur,Cotton,Pests,2,2,0,0,0,0,2,2,0.9,88.5,57.0,3.0,13.0,0.3677,0.7355,100.0,100.0
NALGONDA,SALI GOURARAM,0812006,Chittalur,Cotton,Stressed,1,1,0,0,1,0,0,1,0.5,68.0,50.0,2.0,11.0,0.1553,0.1553,100.0,100.0
NALGONDA,SALI GOURARAM,0812006,Chittalur,Paddy,Healthy,4,4,0,4,0,0,0,0,0.0,68.5,94.0,3.5,18.25,0.0997,0.399,0.0,100.0
NALGONDA,SALI GOURARAM,0812006,Chittalur,Paddy,Pests,2,2,0,0,0,0,2,2,0.9,59.0,93.5,4.0,15.5,0.0907,0.1814,100.0,100.0
NALGONDA,SALI GOURARAM,0812007,Vangamarthi,Cotton,Healthy,2,2,0,2,0,0,0,0,0.0,73.5,46.5,4.0,14.0,0.3898,0.7797,0.0,100.0
NALGONDA,SALI GOURARAM,0812007,Vangamarthi,Cotton,Stressed,1,1,0,0,1,0,0,1,0.5,97.0,58.0,4.0,14.0,0.6144,0.6144,100.0,100.0
NALGONDA,SALI GOURARAM,0812007,Vangamarthi,Paddy,Healthy,3,3,0,3,0,0,0,0,0.0,73.3333,98.0,4.6667,17.6667,0.0603,0.1808,0.0,100.0
NALGONDA,SALI GOURARAM,0812007,Vangamarthi,Paddy,Pests,1,1,0,0,0,0,1,1,0.9,83.0,88.0,4.0,16.0,0.1085,0.1085,100.0,100.0
NALGONDA,SALI GOURARAM,0812008,Itukula Pahad,Cotton,Healthy,3,3,0,3,0,0,0,0,0.0,102.0,49.6667,5.3333,14.0,0.5179,1.5537,0.0,100.0
NALGONDA,SALI GOURARAM,0812009,Madaram Kalan,Cotton,Diseased,1,1,0,0,0,1,0,1,0.8,70.0,52.0,6.0,15.0,0.7013,0.7013,100.0,100.0
NALGONDA,SALI GOURARAM,0812009,Madaram Kalan,Cotton,Healthy,2,2,0,2,0,0,0,0,0.0,87.0,48.0,3.0,11.5,0.3767,0.7534,0.0,100.0
NALGONDA,SALI GOURARAM,0812009,Madaram Kalan,Paddy,Diseased,2,2,0,0,0,2,0,2,0.8,91.5,89.5,3.5,19.5,0.0641,0.1281,100.0,100.0
NALGONDA,SALI GOURARAM,0812009,Madaram Kalan,Paddy,Healthy,4,4,0,4,0,0,0,0,0.0,82.75,91.25,4.5,17.25,0.0979,0.3916,0.0,100.0
NALGONDA,SALI GOURARAM,0812010,Utukur (Or) Utkoor,Cotton,Healthy,2,2,0,2,0,0,0,0,0.0,100.0,48.0,4.5,12.0,0.9459,1.8918,0.0,100.0
NALGONDA,SALI GOURARAM,0812010,Utukur (Or) Utkoor,Cotton,Stressed,2,2,0,0,2,0,0,2,0.5,83.0,51.0,5.0,12.0,0.5526,1.1052,100.0,100.0
NALGONDA,SALI GOURARAM,0812011,Saligouraram,Paddy,Diseased,1,1,0,0,0,1,0,1,0.8,66.0,96.0,3.0,15.0,0.1716,0.1716,100.0,100.0
NALGONDA,SALI GOURARAM,0812011,Saligouraram,Paddy,Healthy,2,2,0,2,0,0,0,0,0.0,73.0,91.0,4.0,17.5,0.1148,0.2297,0.0,100.0
NALGONDA,SALI GOURARAM,0812012,Vaddi Pamula,Paddy,Healthy,1,1,0,1,0,0,0,0,0.0,60.0,80.0,5.0,18.0,0.3328,0.3328,0.0,100.0
NALGONDA,SALI GOURARAM,0812012,Vaddi Pamula,Paddy,Stressed,1,1,0,0,1,0,0,1,0.5,55.0,86.0,5.0,16.0,0.2301,0.2301,100.0,100.0
NALGONDA,SALI GOURARAM,0812014,Baironi Banda,Cotton,Healthy,1,1,0,1,0,0,0,0,0.0,63.0,47.0,5.0,11.0,0.4706,0.4706,0.0,100.0
NALGONDA,SALI GOURARAM,0812015,Thakkedla Pahad,Cotton,Healthy,2,2,0,2,0,0,0,0,0.0,76.0,58.0,4.0,13.0,0.2193,0.4386,0.0,100.0
NALGONDA,SALI GOURARAM,0812015,Thakkedla Pahad,Paddy,Healthy,2,2,0,2,0,0,0,0,0.0,88.0,86.0,4.5,16.5,0.0775,0.155,0.0,100.0
NALGONDA,SALI GOURARAM,0812016,Akaram,Cotton,Healthy,4,4,0,4,0,0,0,0,0.0,75.25,54.0,4.0,12.0,0.3759,1.5036,0.0,100.0
NALGONDA,SALI GOURARAM,0812016,Akaram,Cotton,Pests,1,1,0,0,0,0,1,1,0.9,101.0,60.0,5.0,13.0,0.2103,0.2103,100.0,100.0
NALGONDA,SALI GOURARAM,0812016,Akaram,Paddy,Healthy,3,3,0,3,0,0,0,0,0.0,78.6667,94.6667,4.6667,16.6667,0.136,0.408,0.0,100.0
NALGONDA,SALI GOURARAM,0812017,Vallala,Cotton,Diseased,1,1,0,0,0,1,0,1,0.8,86.0,54.0,6.0,11.0,0.227,0.227,100.0,100.0
NALGONDA,SALI GOURARAM,0812017,Vallala,Cotton,Healthy,8,8,0,8,0,0,0,0,0.0,90.375,51.875,3.0,12.5,0.3097,2.4776,0.0,100.0
NALGONDA,SALI GOURARAM,0812017,Vallala,Cotton,Pests,2,2,0,0,0,0,2,2,0.9,71.5,58.0,3.5,15.0,1.2494,2.4988,100.0,100.0
NALGONDA,SALI GOURARAM,0812018,Adlur,Cotton,Healthy,2,2,0,2,0,0,0,0,0.0,103.5,56.5,3.5,13.5,0.272,0.5441,0.0,100.0
NALGONDA,SALI GOURARAM,0812018,Adlur,Paddy,Healthy,1,1,0,1,0,0,0,0,0.0,97.0,88.0,5.0,20.0,0.1545,0.1545,0.0,100.0
NALGONDA,SALI GOURARAM,0812019,Patha Kondaram,Cotton,Healthy,5,5,0,5,0,0,0,0,0.0,83.0,51.0,4.0,12.4,0.467,2.3349,0.0,100.0
NALGONDA,SALI GOURARAM,0812019,Patha Kondaram,Cotton,Stressed,1,1,0,0,1,0,0,1,0.5,64.0,49.0,4.0,10.0,0.1178,0.1178,100.0,100.0
NALGONDA,SALI GOURARAM,0812020,Perka Kondaram,Cotton,Diseased,1,1,0,0,0,1,0,1,0.8,117.0,40.0,5.0,14.0,0.1921,0.1921,100.0,100.0
NALGONDA,SALI GOURARAM,0812020,Perka Kondaram,Cotton,Healthy,6,6,0,6,0,0,0,0,0.0,87.8333,54.0,4.5,12.1667,0.6787,4.072,0.0,100.0
NALGONDA,SALI GOURARAM,0812020,Perka Kondaram,Paddy,Healthy,2,2,0,2,0,0,0,0,0.0,53.0,84.0,5.0,18.0,0.1651,0.3303,0.0,100.0
NALGONDA,THIPPARTHI,0833001,Keshrajpalle,Cotton,Healthy,1,1,0,1,0,0,0,0,0.0,115.0,52.0,5.0,15.0,2.5427,2.5427,0.0,100.0
NALGONDA,THIPPARTHI,0833001,Keshrajpalle,Paddy,Healthy,2,2,0,2,0,0,0,0,0.0,63.5,85.5,3.5,16.5,0.1358,0.2717,0.0,100.0
NALGONDA,THIPPARTHI,0833002,A.Duppala Palle,Paddy,Healthy,3,3,0,3,0,0,0,0,0.0,74.0,89.6667,4.6667,21.0,0.797,2.3911,0.0,100.0
NALGONDA,THIPPARTHI,0833003,Kankanala Palle,Paddy,Healthy,8,8,0,8,0,0,0,0,0.0,71.5,89.75,4.0,17.375,0.1228,0.9826,0.0,100.0
NALGONDA,THIPPARTHI,0833004,Thanderpalle,Paddy,Healthy,3,3,0,3,0,0,0,0,0.0,72.3333,92.3333,4.3333,16.6667,0.2014,0.6043,0.0,100.0
NALGONDA,THIPPARTHI,0833005,Khajiramaram,Paddy,Diseased,1,1,0,0,0,1,0,1,0.8,74.0,83.0,4.0,17.0,0.0894,0.0894,100.0,100.0
NALGONDA,THIPPARTHI,0833005,Khajiramaram,Paddy,Healthy,3,3,0,3,0,0,0,0,0.0,74.0,86.3333,4.0,17.0,0.076,0.228,0.0,100.0
NALGONDA,THIPPARTHI,0833006,Suraram,Cotton,Healthy,2,2,0,2,0,0,0,0,0.0,98.5,49.5,4.5,15.0,0.6125,1.2249,0.0,100.0
NALGONDA,THIPPARTHI,0833006,Suraram,Paddy,Healthy,6,6,0,6,0,0,0,0,0.0,80.3333,92.8333,5.0,17.1667,0.222,1.3319,0.0,100.0
NALGONDA,THIPPARTHI,0833007,Pajjur,Paddy,,1,0,1,0,0,0,0,0,,68.0,95.0,3.0,16.0,0.1546,0.1546,,0.0
NALGONDA,THIPPARTHI,0833007,Pajjur,Paddy,Diseased,1,1,0,0,0,1,0,1,0.8,74.0,80.0,4.0,17.0,0.0864,0.0864,100.0,100.0
NALGONDA,THIPPARTHI,0833007,Pajjur,Paddy,Healthy,22,22,0,22,0,0,0,0,0.0,73.5455,89.3636,4.0909,17.4545,0.187,4.1146,0.0,100.0
NALGONDA,THIPPARTHI,0833008,Gaddikondaram,Paddy,Healthy,2,2,0,2,0,0,0,0,0.0,74.0,89.5,3.0,19.0,0.1427,0.2853,0.0,100.0
NALGONDA,THIPPARTHI,0833008,Gaddikondaram,Paddy,Stressed,1,1,0,0,1,0,0,1,0.5,69.0,82.0,5.0,18.0,0.0978,0.0978,100.0,100.0
NALGONDA,THIPPARTHI,0833009,Indloor,Paddy,Diseased,1,1,0,0,0,1,0,1,0.8,74.0,87.0,4.0,17.0,0.1635,0.1635,100.0,100.0
NALGONDA,THIPPARTHI,0833009,Indloor,Paddy,Healthy,4,4,0,4,0,0,0,0,0.0,74.0,97.5,4.0,17.0,0.121,0.4841,0.0,100.0
NALGONDA,THIPPARTHI,0833010,Mamidala,Paddy,Diseased,3,3,0,0,0,3,0,3,0.8,79.6667,88.3333,4.0,18.0,0.186,0.5579,100.0,100.0
NALGONDA,THIPPARTHI,0833010,Mamidala,Paddy,Healthy,12,12,0,12,0,0,0,0,0.0,71.5833,88.5,4.4167,16.75,0.1692,2.0299,0.0,100.0
NALGONDA,THIPPARTHI,0833010,Mamidala,Paddy,Stressed,1,1,0,0,1,0,0,1,0.5,63.0,91.0,3.0,16.0,0.1753,0.1753,100.0,100.0
NALGONDA,THIPPARTHI,0833011,Sarvaram,Cotton,Diseased,1,1,0,0,0,1,0,1,0.8,111.0,41.0,2.0,11.0,1.9116,1.9116,100.0,100.0
NALGONDA,THIPPARTHI,0833011,Sarvaram,Cotton,Healthy,3,3,0,3,0,0,0,0,0.0,71.3333,46.6667,5.0,11.0,1.2474,3.7423,0.0,100.0
NALGONDA,THIPPARTHI,0833011,Sarvaram,Cotton,Stressed,1,1,0,0,1,0,0,1,0.5,83.0,48.0,6.0,10.0,0.1462,0.1462,100.0,100.0
NALGONDA,THIPPARTHI,0833011,Sarvaram,Paddy,Healthy,11,11,0,11,0,0,0,0,0.0,75.6364,91.5455,4.1818,16.9091,0.1538,1.6919,0.0,100.0
NALGONDA,THIPPARTHI,0833012,Thipparthi,Cotton,Stressed,1,1,0,0,1,0,0,1,0.5,104.0,55.0,2.0,20.0,0.7764,0.7764,100.0,100.0
NALGONDA,THIPPARTHI,0833012,Thipparthi,Paddy,Diseased,2,2,0,0,0,2,0,2,0.8,74.0,90.5,4.0,17.0,0.1329,0.2657,100.0,100.0
NALGONDA,THIPPARTHI,0833012,Thipparthi,Paddy,Healthy,7,7,0,7,0,0,0,0,0.0,73.7143,90.5714,4.1429,17.5714,0.5126,3.5884,0.0,100.0
NALGONDA,THIPPARTHI,0833013,Jangamreddi Gudem,Cotton,Healthy,1,1,0,1,0,0,0,0,0.0,113.0,57.0,3.0,13.0,1.2284,1.2284,0.0,100.0
NALGONDA,THIPPARTHI,0833013,Jangamreddi Gudem,Paddy,Diseased,2,2,0,0,0,2,0,2,0.8,74.0,84.0,4.0,17.0,0.2448,0.4896,100.0,100.0
NALGONDA,THIPPARTHI,0833013,Jangamreddi Gudem,Paddy,Healthy,12,12,0,12,0,0,0,0,0.0,77.3333,88.9167,5.0,19.25,0.3404,4.0849,0.0,100.0
NALGONDA,THIPPARTHI,0833013,Jangamreddi Gudem,Paddy,Stressed,1,1,0,0,1,0,0,1,0.5,85.0,98.0,4.0,22.0,1.0721,1.0721,100.0,100.0
NALGONDA,THIPPARTHI,0833014,Rajupeta,Paddy,Healthy,1,1,0,1,0,0,0,0,0.0,87.0,84.0,6.0,19.0,0.2786,0.2786,0.0,100.0
NALGONDA,THIPPARTHI,0833015,Ganganapalem,Paddy,Diseased,1,1,0,0,0,1,0,1,0.8,54.0,91.0,6.0,18.0,0.1951,0.1951,100.0,100.0
NALGONDA,THIPPARTHI,0833015,Ganganapalem,Paddy,Healthy,2,2,0,2,0,0,0,0,0.0,71.5,83.0,4.5,15.0,0.1906,0.3812,0.0,100.0
NALGONDA,THIPPARTHI,0833015,Ganganapalem,Paddy,Stressed,1,1,0,0,1,0,0,1,0.5,70.0,84.0,4.0,16.0,0.0872,0.0872,100.0,100.0
NALGONDA,THIPPARTHI,0833016,Cheruvu Palle,Cotton,Healthy,1,1,0,1,0,0,0,0,0.0,116.0,47.0,6.0,13.0,0.4077,0.4077,0.0,100.0
NALGONDA,THIPPARTHI,0833016,Cheruvu Palle,Paddy,Diseased,3,3,0,0,0,3,0,3,0.8,77.3333,89.0,5.0,17.0,0.1945,0.5836,100.0,100.0
NALGONDA,THIPPARTHI,0833016,Cheruvu Palle,Paddy,Healthy,22,22,0,22,0,0,0,0,0.0,67.5909,88.4545,4.2273,17.6364,0.1675,3.684,0.0,100.0
NALGONDA,THIPPARTHI,0833017,Dacharam,Paddy,Healthy,1,1,0,1,0,0,0,0,0.0,83.0,92.0,6.0,18.0,0.1488,0.1488,0.0,100.0
NALGONDA,THIPPARTHI,0833018,Madugula Palle,Paddy,Diseased,1,1,0,0,0,1,0,1,0.8,74.0,94.0,4.0,17.0,0.1147,0.1147,100.0,100.0
NALGONDA,THIPPARTHI,0833018,Madugula Palle,Paddy,Healthy,8,8,0,8,0,0,0,0,0.0,71.875,91.125,4.25,17.5,0.1386,1.1088,0.0,100.0
NALGONDA,THIPPARTHI,0833019,Indugula,Paddy,Diseased,1,1,0,0,0,1,0,1,0.8,74.0,89.0,4.0,17.0,0.1309,0.1309,100.0,100.0
NALGONDA,THIPPARTHI,0833019,Indugula,Paddy,Healthy,5,5,0,5,0,0,0,0,0.0,70.6,88.2,4.6,17.8,0.1129,0.5647,0.0,100.0
NALGONDA,THRIPURARAM,0841001,Konthala Palle,Paddy,Healthy,3,3,0,3,0,0,0,0,0.0,78.0,93.0,4.0,17.0,0.1479,0.4437,0.0,100.0
NALGONDA,THRIPURARAM,0841002,Annaram,Paddy,Healthy,8,8,0,8,0,0,0,0,0.0,73.625,92.875,4.25,16.875,0.1489,1.1913,0.0,100.0
NALGONDA,THRIPURARAM,0841003,Dugge Palle,Paddy,Healthy,2,2,0,2,0,0,0,0,0.0,74.0,92.5,4.0,17.0,0.1203,0.2407,0.0,100.0
NALGONDA,THRIPURARAM,0841004,Kamareddi Gudem,Paddy,Healthy,4,4,0,4,0,0,0,0,0.0,78.5,90.0,4.5,17.0,0.0952,0.3807,0.0,100.0
NALGONDA,THRIPURARAM,0841005,Kampala Palle,Paddy,Healthy,1,1,0,1,0,0,0,0,0.0,58.0,87.0,3.0,20.0,0.0539,0.0539,0.0,100.0
NALGONDA,THRIPURARAM,0841007,Gajalapur,Paddy,Healthy,2,2,0,2,0,0,0,0,0.0,79.5,88.5,5.0,17.0,0.3093,0.6185,0.0,100.0
NALGONDA,THRIPURARAM,0841008,Abhanga Puram,Paddy,Healthy,2,2,0,2,0,0,0,0,0.0,74.0,84.5,4.0,17.0,0.2357,0.4714,0.0,100.0
NALGONDA,THRIPURARAM,0841009,Narasimhula Gudem,Paddy,Healthy,2,2,0,2,0,0,0,0,0.0,74.0,91.5,4.0,17.0,0.306,0.6121,0.0,100.0
NALGONDA,THRIPURARAM,0841010,Pedda Devula Palle,Paddy,Diseased,1,1,0,0,0,1,0,1,0.8,74.0,82.0,4.0,17.0,0.233,0.233,100.0,100.0
NALGONDA,THRIPURARAM,0841010,Pedda Devula Palle,Paddy,Healthy,3,3,0,3,0,0,0,0,0.0,78.0,90.6667,3.6667,17.3333,0.1695,0.5086,0.0,100.0
NALGONDA,THRIPURARAM,0841012,Kampa Sagar,Paddy,Diseased,8,8,0,0,0,8,0,8,0.8,72.25,91.625,4.125,17.25,0.1324,1.0589,100.0,100.0
NALGONDA,THRIPURARAM,0841012,Kampa Sagar,Paddy,Healthy,14,14,0,14,0,0,0,0,0.0,74.8571,90.0714,3.9286,17.2143,0.1099,1.5382,0.0,100.0
NALGONDA,THRIPURARAM,0841013,Narlakantiguda,Paddy,Diseased,1,1,0,0,0,1,0,1,0.8,74.0,88.0,4.0,17.0,0.1273,0.1273,100.0,100.0
NALGONDA,THRIPURARAM,0841013,Narlakantiguda,Paddy,Healthy,3,3,0,3,0,0,0,0,0.0,74.0,91.3333,4.0,17.0,0.1183,0.3549,0.0,100.0
NALGONDA,THRIPURARAM,0841015,Thripuraram,Paddy,Healthy,1,1,0,1,0,0,0,0,0.0,74.0,92.0,4.0,17.0,0.1172,0.1172,0.0,100.0
NALGONDA,THRIPURARAM,0841017,Anjana Palle,Paddy,Diseased,1,1,0,0,0,1,0,1,0.8,74.0,94.0,4.0,17.0,0.2189,0.2189,100.0,100.0
NALGONDA,THRIPURARAM,0841018,Ragadapa,Paddy,Healthy,2,2,0,2,0,0,0,0,0.0,74.0,90.0,4.0,17.0,0.0714,0.1427,0.0,100.0
NALGONDA,THRIPURARAM,0841019,Matur,Paddy,Healthy,2,2,0,2,0,0,0,0,0.0,74.0,88.5,4.0,17.0,0.1556,0.3112,0.0,100.0
NALGONDA,THRIPURARAM,0841020,Borrai Palem,Paddy,Diseased,1,1,0,0,0,1,0,1,0.8,74.0,94.0,4.0,17.0,0.0299,0.0299,100.0,100.0
NALGONDA,THRIPURARAM,0841020,Borrai Palem,Paddy,Healthy,4,4,0,4,0,0,0,0,0.0,74.0,89.0,4.0,17.0,0.1811,0.7244,0.0,100.0
NALGONDA,VEMULAPALLE,0832001,Koyalpahad,Paddy,Diseased,1,1,0,0,0,1,0,1,0.8,74.0,89.0,3.0,20.0,0.1417,0.1417,100.0,100.0
NALGONDA,VEMULAPALLE,0832001,Koyalpahad,Paddy,Healthy,4,4,0,4,0,0,0,0,0.0,68.25,92.5,4.5,16.75,0.1854,0.7417,0.0,100.0
NALGONDA,VEMULAPALLE,0832001,Koyalpahad,Paddy,Pests,1,1,0,0,0,0,1,1,0.9,56.0,91.0,3.0,18.0,0.4239,0.4239,100.0,100.0
NALGONDA,VEMULAPALLE,0832002,Agamothkur,Paddy,Healthy,8,8,0,8,0,0,0,0,0.0,71.375,83.375,4.5,17.625,0.2016,1.6129,0.0,100.0
NALGONDA,VEMULAPALLE,0832002,Agamothkur,Paddy,Pests,1,1,0,0,0,0,1,1,0.9,78.0,86.0,4.0,18.0,0.1619,0.1619,100.0,100.0
NALGONDA,VEMULAPALLE,0832003,Chirumarthy,Paddy,Diseased,1,1,0,0,0,1,0,1,0.8,89.0,93.0,3.0,16.0,0.2125,0.2125,100.0,100.0
NALGONDA,VEMULAPALLE,0832003,Chirumarthy,Paddy,Healthy,3,3,0,3,0,0,0,0,0.0,81.0,90.6667,5.3333,17.3333,0.0701,0.2103,0.0,100.0
NALGONDA,VEMULAPALLE,0832004,Pamulapahad,Paddy,Healthy,2,2,0,2,0,0,0,0,0.0,74.0,92.5,4.0,17.0,0.1444,0.2888,0.0,100.0
NALGONDA,VEMULAPALLE,0832005,Amangal,Paddy,Healthy,7,7,0,7,0,0,0,0,0.0,74.0,90.4286,4.0,17.0,0.0739,0.5171,0.0,100.0
NALGONDA,VEMULAPALLE,0832008,Thopucherla,Paddy,Healthy,2,2,0,2,0,0,0,0,0.0,74.0,82.0,4.0,17.0,0.2036,0.4073,0.0,100.0
NALGONDA,VEMULAPALLE,0832011,Buggabavi Guda,Paddy,Diseased,1,1,0,0,0,1,0,1,0.8,74.0,90.0,4.0,17.0,0.1747,0.1747,100.0,100.0
NALGONDA,VEMULAPALLE,0832011,Buggabavi Guda,Paddy,Healthy,1,1,0,1,0,0,0,0,0.0,74.0,85.0,4.0,17.0,0.1099,0.1099,0.0,100.0
NALGONDA,VEMULAPALLE,0832018,Salkunur,Paddy,Diseased,2,2,0,0,0,2,0,2,0.8,74.0,99.5,4.0,17.0,0.1334,0.2669,100.0,100.0
NALGONDA,VEMULAPALLE,0832018,Salkunur,Paddy,Healthy,4,4,0,4,0,0,0,0,0.0,74.0,86.75,4.0,17.0,0.1351,0.5403,0.0,100.0
NALGONDA,VEMULAPALLE,0832019,Kalvalapalem,Paddy,Healthy,1,1,0,1,0,0,0,0,0.0,74.0,88.0,4.0,17.0,0.1283,0.1283,0.0,100.0
NALGONDA,VEMULAPALLE,0832020,Chali Chimala Palem,Paddy,Healthy,1,1,0,1,0,0,0,0,0.0,74.0,97.0,4.0,17.0,0.0695,0.0695,0.0,100.0
NALGONDA,VEMULAPALLE,0832021,Ravula Penta,Paddy,Diseased,3,3,0,0,0,3,0,3,0.8,74.0,84.6667,4.0,17.0,0.1798,0.5395,100.0,100.0
NALGONDA,VEMULAPALLE,0832021,Ravula Penta,Paddy,Healthy,4,4,0,4,0,0,0,0,0.0,74.0,90.5,4.0,17.0,0.0587,0.2346,0.0,100.0
NALGONDA,VEMULAPALLE,0832022,Molka Patnam,Paddy,Healthy,1,1,0,1,0,0,0,0,0.0,74.0,93.0,4.0,17.0,0.0706,0.0706,0.0,100.0
NALGONDA,VEMULAPALLE,0832023,Kamepalle,Paddy,Healthy,1,1,0,1,0,0,0,0,0.0,74.0,80.0,4.0,17.0,0.1816,0.1816,0.0,100.0
NIZAMABAD,BHIKNOOR,0235015,Mallupalle,Maize,Healthy,1,1,0,1,0,0,0,0,0.0,230.0,56.0,3.0,25.0,0.1352,0.1352,0.0,100.0
NIZAMABAD,BHIKNOOR,0235018,Isannapalle,Maize,Healthy,1,1,0,1,0,0,0,0,0.0,109.0,49.0,4.0,30.0,0.085,0.085,0.0,100.0
NIZAMABAD,BHIKNOOR,0235018,Isannapalle,Paddy,Healthy,1,1,0,1,0,0,0,0,0.0,89.0,98.0,6.0,24.0,0.367,0.367,0.0,100.0
NIZAMABAD,BHIKNOOR,0235019,Bhagirathipalle,Paddy,Healthy,1,1,0,1,0,0,0,0,0.0,61.0,85.0,5.0,23.0,0.3191,0.3191,0.0,100.0
NIZAMABAD,DOMAKONDA,0236020,Issanagar,Cotton,,1,0,1,0,0,0,0,0,,71.0,54.0,6.0,10.0,0.6279,0.6279,,0.0
NIZAMABAD,DOMAKONDA,0236020,Issanagar,Maize,,1,0,1,0,0,0,0,0,,177.0,58.0,4.0,25.0,0.1907,0.1907,,0.0
RANGAREDDY,DOMA,0526028,Gumdal,Groundnut,Healthy,4,4,0,4,0,0,0,0,0.0,30.0,38.0,3.0,13.0,0.2321,0.9284,0.0,100.0
RANGAREDDY,GANDEED,0527001,Kaplapur,Groundnut,,5,0,5,0,0,0,0,0,,31.0,33.0,2.6,12.0,0.9052,4.526,,0.0
RANGAREDDY,GANDEED,0527002,Vennached,Cotton,,5,0,5,0,0,0,0,0,,84.8,52.4,4.6,12.4,0.6505,3.2524,,0.0
RANGAREDDY,GANDEED,0527002,Vennached,Groundnut,,13,0,13,0,0,0,0,0,,28.6154,36.4615,2.5385,12.2308,0.16,2.08,,0.0
RANGAREDDY,GANDEED,0527003,Jinnaram,Groundnut,,2,0,2,0,0,0,0,0,,22.0,41.0,1.5,15.0,0.6047,1.2093,,0.0
RANGAREDDY,GANDEED,0527003,Jinnaram,Groundnut,Healthy,1,1,0,1,0,0,0,0,0.0,23.0,24.0,4.0,15.0,0.0259,0.0259,0.0,100.0
RANGAREDDY,GANDEED,0527004,Chelmilla,Groundnut,,1,0,1,0,0,0,0,0,,23.0,45.0,1.0,15.0,0.029,0.029,,0.0
RANGAREDDY,GANDEED,0527006,Peddavarval,Groundnut,,4,0,4,0,0,0,0,0,,35.25,30.25,2.75,12.75,0.1329,0.5315,,0.0
RANGAREDDY,GANDEED,0527006,Peddavarval,Groundnut,Healthy,6,6,0,6,0,0,0,0,0.0,30.8333,32.0,3.0,14.0,0.1556,0.9335,0.0,100.0
RANGAREDDY,GANDEED,0527007,Chinnavarval,Groundnut,,2,0,2,0,0,0,0,0,,35.0,34.0,3.0,11.0,0.1261,0.2522,,0.0
RANGAREDDY,GANDEED,0527009,Gandeed,Groundnut,,9,0,9,0,0,0,0,0,,29.6667,36.7778,1.8889,12.0,0.2228,2.0055,,0.0
RANGAREDDY,GANDEED,0527010,Baispalle,Cotton,,2,0,2,0,0,0,0,0,,103.5,49.5,5.5,12.0,0.2626,0.5252,,0.0
RANGAREDDY,GANDEED,0527011,Reddipalle,Groundnut,,3,0,3,0,0,0,0,0,,33.6667,30.0,3.0,11.6667,0.1373,0.4119,,0.0
RANGAREDDY,GANDEED,0527012,Salkerpet,Groundnut,,8,0,8,0,0,0,0,0,,30.0,35.25,2.5,12.5,0.2347,1.8778,,0.0
RANGAREDDY,GANDEED,0527013,Varahagiripalle(UI),Groundnut,,13,0,13,0,0,0,0,0,,25.3846,38.3846,2.7692,12.3846,0.1478,1.9211,,0.0
RANGAREDDY,GANDEED,0527014,Govindapalle,Groundnut,,11,0,11,0,0,0,0,0,,29.6364,36.0909,2.6364,13.0909,0.1387,1.5255,,0.0
RANGAREDDY,GANDEED,0527015,Pagdiyal,Cotton,,10,0,10,0,0,0,0,0,,87.4,47.8,3.8,13.3,0.2798,2.7981,,0.0
RANGAREDDY,GANDEED,0527015,Pagdiyal,Groundnut,,36,0,36,0,0,0,0,0,,30.6944,35.8056,2.75,12.4722,0.1197,4.3096,,0.0
RANGAREDDY,GANDEED,0527016,Balsulgonda,Groundnut,,6,0,6,0,0,0,0,0,,26.6667,35.0,2.3333,11.6667,0.094,0.5639,,0.0
RANGAREDDY,GANDEED,0527017,Kondapur,Cotton,,2,0,2,0,0,0,0,0,,85.0,52.0,4.0,11.5,0.2425,0.485,,0.0
RANGAREDDY,GANDEED,0527018,Mansoorpalle,Cotton,,1,0,1,0,0,0,0,0,,80.0,40.0,4.0,15.0,0.1539,0.1539,,0.0
RANGAREDDY,GANDEED,0527018,Mansoorpalle,Groundnut,,31,0,31,0,0,0,0,0,,28.4194,35.2258,2.6452,12.3226,0.0738,2.2873,,0.0
RANGAREDDY,GANDEED,0527019,Komreddipalle,Groundnut,,2,0,2,0,0,0,0,0,,26.0,42.5,3.5,11.5,0.1774,0.3548,,0.0
RANGAREDDY,GANDEED,0527020,Nancherla,Groundnut,Healthy,14,14,0,14,0,0,0,0,0.0,32.6429,34.0,1.9286,11.7857,0.184,2.5765,0.0,100.0
RANGAREDDY,GANDEED,0527021,Gadrial,Groundnut,Healthy,1,1,0,1,0,0,0,0,0.0,23.0,39.0,2.0,13.0,0.2128,0.2128,0.0,100.0
RANGAREDDY,GANDEED,0527022,Chowderpalle,Groundnut,Healthy,3,3,0,3,0,0,0,0,0.0,38.3333,36.6667,3.3333,12.6667,0.1252,0.3756,0.0,100.0
RANGAREDDY,GANDEED,0527023,Mangampet,Groundnut,Healthy,2,2,0,2,0,0,0,0,0.0,23.0,41.5,3.0,15.0,0.0907,0.1813,0.0,100.0
RANGAREDDY,GANDEED,0527024,Mukarlabad,Groundnut,Diseased,2,2,0,0,0,2,0,2,0.8,30.5,49.0,4.0,12.0,0.0902,0.1805,100.0,100.0
RANGAREDDY,GANDEED,0527024,Mukarlabad,Groundnut,Healthy,1,1,0,1,0,0,0,0,0.0,28.0,24.0,2.0,10.0,0.0848,0.0848,0.0,100.0
RANGAREDDY,GANDEED,0527025,Julapalle,Cotton,,1,0,1,0,0,0,0,0,,100.0,43.0,5.0,14.0,0.3538,0.3538,,0.0
RANGAREDDY,GANDEED,0527025,Julapalle,Groundnut,,2,0,2,0,0,0,0,0,,31.5,41.0,1.5,14.0,0.859,1.718,,0.0
RANGAREDDY,GANDEED,0527025,Julapalle,Groundnut,Healthy,5,5,0,5,0,0,0,0,0.0,30.4,26.6,2.4,12.8,0.1376,0.6878,0.0,100.0
RANGAREDDY,GANDEED,0527025,Julapalle,Groundnut,Pests,1,1,0,0,0,0,1,1,0.9,22.0,23.0,4.0,15.0,0.0678,0.0678,100.0,100.0
RANGAREDDY,GANDEED,0527026,Annareddipalle,Groundnut,Healthy,4,4,0,4,0,0,0,0,0.0,26.0,28.75,1.25,10.75,0.2604,1.0416,0.0,100.0
RANGAREDDY,GANDEED,0527027,Lingaipalle,Cotton,,1,0,1,0,0,0,0,0,,107.0,52.0,5.0,12.0,0.1563,0.1563,,0.0
RANGAREDDY,GANDEED,0527028,Mohammadabad,Groundnut,Diseased,1,1,0,0,0,1,0,1,0.8,26.0,25.0,1.0,13.0,0.0518,0.0518,100.0,100.0
RANGAREDDY,GANDEED,0527028,Mohammadabad,Groundnut,Healthy,6,6,0,6,0,0,0,0,0.0,26.1667,36.6667,3.5,12.8333,0.1115,0.6689,0.0,100.0
RANGAREDDY,GANDEED,0527028,Mohammadabad,Paddy,Healthy,1,1,0,1,0,0,0,0,0.0,54.0,80.0,3.0,20.0,0.0788,0.0788,0.0,100.0
WARANGAL,CHENNARAOPET,0931011,Papaiahpeta,Chillies,Diseased,1,1,0,0,0,1,0,1,0.8,70.0,48.0,3.0,7.0,0.1667,0.1667,100.0,100.0
WARANGAL,CHENNARAOPET,0931011,Papaiahpeta,Chillies,Healthy,5,5,0,5,0,0,0,0,0.0,77.4,54.0,3.2,7.2,0.2264,1.132,0.0,100.0
WARANGAL,CHENNARAOPET,0931011,Papaiahpeta,Chillies,Pests,1,1,0,0,0,0,1,1,0.9,92.0,52.0,3.0,12.0,0.4718,0.4718,100.0,100.0
WARANGAL,CHENNARAOPET,0931011,Papaiahpeta,Cotton,Healthy,1,1,0,1,0,0,0,0,0.0,91.0,49.0,6.0,15.0,0.3468,0.3468,0.0,100.0
WARANGAL,DORNAKAL,0922002,Gollacherla,Chillies,Healthy,3,3,0,3,0,0,0,0,0.0,80.0,54.3333,3.0,7.6667,0.1302,0.3905,0.0,100.0
WARANGAL,DORNAKAL,0922002,Gollacherla,Chillies,Pests,1,1,0,0,0,0,1,1,0.9,55.0,58.0,3.0,8.0,0.0423,0.0423,100.0,100.0
WARANGAL,DORNAKAL,0922004,Uyyalawada,Chillies,Healthy,5,5,0,5,0,0,0,0,0.0,79.6,46.0,3.4,8.4,0.1783,0.8917,0.0,100.0
WARANGAL,DORNAKAL,0922004,Uyyalawada,Chillies,Pests,3,3,0,0,0,0,3,3,0.9,96.0,52.0,3.6667,8.6667,0.0391,0.1173,100.0,100.0
WARANGAL,DORNAKAL,0922004,Uyyalawada,Chillies,Stressed,1,1,0,0,1,0,0,1,0.5,77.0,50.0,3.0,8.0,0.2055,0.2055,100.0,100.0
WARANGAL,DORNAKAL,0922005,Burgupahad,Chillies,Healthy,5,5,0,5,0,0,0,0,0.0,71.0,47.6,4.0,8.0,0.0643,0.3216,0.0,100.0
WARANGAL,DORNAKAL,0922005,Burgupahad,Chillies,Stressed,1,1,0,0,1,0,0,1,0.5,99.0,53.0,4.0,6.0,0.0257,0.0257,100.0,100.0
WARANGAL,DORNAKAL,0922006,Perumandla -Sankesa,Chillies,Diseased,1,1,0,0,0,1,0,1,0.8,86.0,57.0,3.0,6.0,0.2856,0.2856,100.0,100.0
WARANGAL,DORNAKAL,0922006,Perumandla -Sankesa,Chillies,Healthy,6,6,0,6,0,0,0,0,0.0,72.1667,51.0,3.3333,7.3333,0.0585,0.3508,0.0,100.0
WARANGAL,DORNAKAL,0922006,Perumandla -Sankesa,Chillies,Pests,2,2,0,0,0,0,2,2,0.9,68.5,49.5,3.5,6.5,0.1094,0.2189,100.0,100.0
WARANGAL,DORNAKAL,0922007,Mannegudem,Chillies,Healthy,5,5,0,5,0,0,0,0,0.0,76.0,53.0,3.0,6.0,0.1008,0.5042,0.0,100.0
WARANGAL,DORNAKAL,0922010,Kannegundla,Chillies,Diseased,2,2,0,0,0,2,0,2,0.8,82.5,48.5,4.5,5.0,0.0528,0.1055,100.0,100.0
WARANGAL,DORNAKAL,0922010,Kannegundla,Chillies,Healthy,9,9,0,9,0,0,0,0,0.0,76.3333,47.4444,3.7778,7.5556,0.0975,0.8776,0.0,100.0
WARANGAL,DORNAKAL,0922010,Kannegundla,Chillies,Pests,1,1,0,0,0,0,1,1,0.9,83.0,50.0,3.0,10.0,0.0262,0.0262,100.0,100.0
WARANGAL,DORNAKAL,0922010,Kannegundla,Chillies,Stressed,2,2,0,0,2,0,0,2,0.5,62.0,58.5,5.0,6.0,0.0192,0.0385,100.0,100.0
WARANGAL,DORNAKAL,0922011,Vennaram,Chillies,Healthy,10,10,0,10,0,0,0,0,0.0,72.2,51.1,4.0,8.6,0.0693,0.6929,0.0,100.0
WARANGAL,DORNAKAL,0922011,Vennaram,Chillies,Pests,1,1,0,0,0,0,1,1,0.9,58.0,43.0,3.0,9.0,0.0441,0.0441,100.0,100.0
WARANGAL,DORNAKAL,0922011,Vennaram,Chillies,Stressed,1,1,0,0,1,0,0,1,0.5,61.0,50.0,2.0,6.0,0.0861,0.0861,100.0,100.0
WARANGAL,GUDUR,0927001,Gundenga,Chillies,Diseased,1,1,0,0,0,1,0,1,0.8,66.0,41.0,3.0,6.0,0.2957,0.2957,100.0,100.0
WARANGAL,GUDUR,0927001,Gundenga,Chillies,Healthy,10,10,0,10,0,0,0,0,0.0,73.7,49.4,3.4,7.8,0.3109,3.1087,0.0,100.0
WARANGAL,GUDUR,0927001,Gundenga,Chillies,Pests,2,2,0,0,0,0,2,2,0.9,92.0,48.5,3.5,9.0,0.5499,1.0999,100.0,100.0
WARANGAL,GUDUR,0927001,Gundenga,Cotton,Healthy,3,3,0,3,0,0,0,0,0.0,95.3333,52.6667,3.3333,16.0,0.6548,1.9645,0.0,100.0
WARANGAL,GUDUR,0927001,Gundenga,Groundnut,Diseased,1,1,0,0,0,1,0,1,0.8,20.0,35.0,1.0,14.0,0.551,0.551,100.0,100.0
WARANGAL,GUDUR,0927001,Gundenga,Maize,Pests,1,1,0,0,0,0,1,1,0.9,121.0,52.0,4.0,23.0,0.6038,0.6038,100.0,100.0
WARANGAL,GUDUR,0927001,Gundenga,Paddy,Healthy,1,1,0,1,0,0,0,0,0.0,72.0,88.0,5.0,24.0,0.2905,0.2905,0.0,100.0
WARANGAL,GUDUR,0927002,Madanapur,Chillies,Healthy,1,1,0,1,0,0,0,0,0.0,75.0,44.0,4.0,7.0,0.4893,0.4893,0.0,100.0
WARANGAL,GUDUR,0927003,Gajulagattu,Chillies,Healthy,3,3,0,3,0,0,0,0,0.0,78.0,45.3333,3.0,9.0,0.4617,1.385,0.0,100.0
WARANGAL,GUDUR,0927003,Gajulagattu,Chillies,Pests,1,1,0,0,0,0,1,1,0.9,58.0,51.0,2.0,12.0,0.2481,0.2481,100.0,100.0
WARANGAL,GUDUR,0927003,Gajulagattu,Paddy,Healthy,1,1,0,1,0,0,0,0,0.0,60.0,91.0,6.0,22.0,1.6197,1.6197,0.0,100.0
WARANGAL,GUDUR,0927004,Ayodhyapur,Chillies,Healthy,1,1,0,1,0,0,0,0,0.0,96.0,42.0,4.0,10.0,0.8243,0.8243,0.0,100.0
WARANGAL,GUDUR,0927004,Ayodhyapur,Paddy,Healthy,2,2,0,2,0,0,0,0,0.0,69.0,92.0,5.0,21.5,1.0173,2.0347,0.0,100.0
WARANGAL,GUDUR,0927005,Ponugodu,Chillies,Healthy,13,13,0,13,0,0,0,0,0.0,85.5385,49.1538,3.9231,8.5385,0.5226,6.7941,0.0,100.0
WARANGAL,GUDUR,0927005,Ponugodu,Cotton,Healthy,2,2,0,2,0,0,0,0,0.0,80.0,51.5,4.5,16.5,0.3264,0.6528,0.0,100.0
WARANGAL,GUDUR,0927005,Ponugodu,Maize,Healthy,1,1,0,1,0,0,0,0,0.0,162.0,46.0,4.0,29.0,0.397,0.397,0.0,100.0
WARANGAL,GUDUR,0927005,Ponugodu,Paddy,Diseased,1,1,0,0,0,1,0,1,0.8,50.0,91.0,3.0,25.0,0.0207,0.0207,100.0,100.0
WARANGAL,GUDUR,0927005,Ponugodu,Paddy,Healthy,5,5,0,5,0,0,0,0,0.0,76.2,87.4,4.8,24.0,0.337,1.6852,0.0,100.0
WARANGAL,GUDUR,0927006,Keshavapatnam,Chillies,Healthy,9,9,0,9,0,0,0,0,0.0,74.5556,50.4444,3.3333,7.3333,0.278,2.5021,0.0,100.0
WARANGAL,GUDUR,0927006,Keshavapatnam,Chillies,Stressed,2,2,0,0,2,0,0,2,0.5,68.5,44.5,2.5,8.5,0.1422,0.2845,100.0,100.0
WARANGAL,GUDUR,0927006,Keshavapatnam,Paddy,Healthy,2,2,0,2,0,0,0,0,0.0,79.0,87.0,4.5,22.0,0.0408,0.0817,0.0,100.0
WARANGAL,GUDUR,0927008,Bhupathipet,Paddy,Healthy,3,3,0,3,0,0,0,0,0.0,63.3333,88.6667,6.0,23.6667,1.233,3.6989,0.0,100.0
WARANGAL,GUDUR,0927009,Adivarampet,Paddy,Healthy,7,7,0,7,0,0,0,0,0.0,70.8571,94.4286,4.2857,22.0,0.0749,0.5246,0.0,100.0
WARANGAL,GUDUR,0927010,Chinnayellapur,Chillies,Healthy,3,3,0,3,0,0,0,0,0.0,69.6667,51.0,3.0,10.0,0.3682,1.1045,0.0,100.0
WARANGAL,GUDUR,0927010,Chinnayellapur,Cotton,Healthy,1,1,0,1,0,0,0,0,0.0,82.0,59.0,3.0,20.0,0.3572,0.3572,0.0,100.0
WARANGAL,GUDUR,0927010,Chinnayellapur,Cotton,Stressed,1,1,0,0,1,0,0,1,0.5,118.0,55.0,6.0,10.0,0.5218,0.5218,100.0,100.0
WARANGAL,GUDUR,0927010,Chinnayellapur,Paddy,Healthy,3,3,0,3,0,0,0,0,0.0,75.3333,90.3333,3.3333,24.0,0.4189,1.2568,0.0,100.0
WARANGAL,GUDUR,0927011,Seetanagar,Chillies,Healthy,1,1,0,1,0,0,0,0,0.0,79.0,56.0,2.0,8.0,0.5005,0.5005,0.0,100.0
WARANGAL,GUDUR,0927011,Seetanagar,Paddy,Healthy,4,4,0,4,0,0,0,0,0.0,65.5,91.5,4.5,21.25,0.0313,0.1251,0.0,100.0
WARANGAL,GUDUR,0927011,Seetanagar,Paddy,Pests,1,1,0,0,0,0,1,1,0.9,65.0,96.0,5.0,24.0,0.0328,0.0328,100.0,100.0
WARANGAL,GUDUR,0927011,Seetanagar,Paddy,Stressed,2,2,0,0,2,0,0,2,0.5,94.0,82.5,4.0,21.0,0.0599,0.1197,100.0,100.0
WARANGAL,GUDUR,0927012,Veerampet,Chillies,Healthy,6,6,0,6,0,0,0,0,0.0,82.8333,50.8333,4.0,8.5,0.3992,2.3952,0.0,100.0
WARANGAL,GUDUR,0927012,Veerampet,Chillies,Stressed,1,1,0,0,1,0,0,1,0.5,64.0,51.0,2.0,10.0,0.5093,0.5093,100.0,100.0
WARANGAL,GUDUR,0927012,Veerampet,Cotton,Pests,1,1,0,0,0,0,1,1,0.9,102.0,43.0,6.0,18.0,0.7091,0.7091,100.0,100.0
WARANGAL,GUDUR,0927012,Veerampet,Maize,Pests,1,1,0,0,0,0,1,1,0.9,219.0,55.0,5.0,25.0,0.6468,0.6468,100.0,100.0
WARANGAL,GUDUR,0927012,Veerampet,Paddy,Diseased,1,1,0,0,0,1,0,1,0.8,69.0,83.0,3.0,20.0,0.7055,0.7055,100.0,100.0
WARANGAL,GUDUR,0927012,Veerampet,Paddy,Healthy,2,2,0,2,0,0,0,0,0.0,62.5,87.5,4.5,21.5,1.0346,2.0692,0.0,100.0
WARANGAL,GUDUR,0927014,Macherla,Chillies,Healthy,1,1,0,1,0,0,0,0,0.0,87.0,60.0,5.0,7.0,0.2026,0.2026,0.0,100.0
WARANGAL,GUDUR,0927014,Macherla,Cotton,Stressed,1,1,0,0,1,0,0,1,0.5,87.0,46.0,2.0,10.0,0.3659,0.3659,100.0,100.0
WARANGAL,GUDUR,0927014,Macherla,Paddy,Diseased,1,1,0,0,0,1,0,1,0.8,56.0,80.0,5.0,20.0,0.0535,0.0535,100.0,100.0
WARANGAL,GUDUR,0927014,Macherla,Paddy,Healthy,7,7,0,7,0,0,0,0,0.0,72.0,89.1429,4.1429,23.1429,0.4179,2.9252,0.0,100.0
WARANGAL,GUDUR,0927015,Gudur,Chillies,Healthy,5,5,0,5,0,0,0,0,0.0,64.4,52.2,3.6,7.8,0.1454,0.7268,0.0,100.0
WARANGAL,GUDUR,0927015,Gudur,Chillies,Pests,1,1,0,0,0,0,1,1,0.9,70.0,43.0,5.0,6.0,0.0604,0.0604,100.0,100.0
WARANGAL,GUDUR,0927015,Gudur,Chillies,Stressed,1,1,0,0,1,0,0,1,0.5,72.0,53.0,4.0,8.0,0.7321,0.7321,100.0,100.0
WARANGAL,GUDUR,0927015,Gudur,Cotton,Healthy,1,1,0,1,0,0,0,0,0.0,116.0,42.0,3.0,19.0,0.3546,0.3546,0.0,100.0
WARANGAL,GUDUR,0927015,Gudur,Paddy,Healthy,14,14,0,14,0,0,0,0,0.0,68.9286,91.5,4.3571,22.5714,0.2887,4.0422,0.0,100.0
WARANGAL,GUDUR,0927015,Gudur,Paddy,Pests,2,2,0,0,0,0,2,2,0.9,63.0,95.0,5.0,23.5,0.0534,0.1068,100.0,100.0
WARANGAL,GUDUR,0927016,Bollepalle,Chillies,Healthy,5,5,0,5,0,0,0,0,0.0,69.2,48.4,4.4,9.8,0.3462,1.7309,0.0,100.0
WARANGAL,GUDUR,0927016,Bollepalle,Chillies,Pests,1,1,0,0,0,0,1,1,0.9,73.0,48.0,5.0,9.0,0.6819,0.6819,100.0,100.0
WARANGAL,GUDUR,0927016,Bollepalle,Chillies,Stressed,1,1,0,0,1,0,0,1,0.5,82.0,42.0,4.0,12.0,0.5507,0.5507,100.0,100.0
WARANGAL,GUDUR,0927016,Bollepalle,Paddy,Diseased,1,1,0,0,0,1,0,1,0.8,66.0,100.0,6.0,20.0,0.7944,0.7944,100.0,100.0
WARANGAL,GUDUR,0927016,Bollepalle,Paddy,Healthy,3,3,0,3,0,0,0,0,0.0,62.3333,89.0,4.0,22.0,0.0399,0.1198,0.0,100.0
WARANGAL,GUDUR,0927017,Rajanpalle,Chillies,Healthy,1,1,0,1,0,0,0,0,0.0,80.0,49.0,5.0,9.0,0.4238,0.4238,0.0,100.0
WARANGAL,GUDUR,0927017,Rajanpalle,Paddy,Healthy,1,1,0,1,0,0,0,0,0.0,98.0,86.0,3.0,21.0,0.0201,0.0201,0.0,100.0
WARANGAL,GUDUR,0927018,Naikpalle,Chillies,Healthy,1,1,0,1,0,0,0,0,0.0,94.0,50.0,3.0,9.0,0.3727,0.3727,0.0,100.0
WARANGAL,GUDUR,0927018,Naikpalle,Paddy,Healthy,2,2,0,2,0,0,0,0,0.0,79.0,82.0,5.0,22.5,0.0686,0.1372,0.0,100.0
WARANGAL,GUDUR,0927018,Naikpalle,Paddy,Stressed,1,1,0,0,1,0,0,1,0.5,84.0,85.0,3.0,24.0,0.0501,0.0501,100.0,100.0
WARANGAL,GUDUR,0927019,Teegalveni,Chillies,,2,0,2,0,0,0,0,0,,70.0,48.0,4.5,10.0,0.2546,0.5093,,0.0
WARANGAL,GUDUR,0927019,Teegalveni,Chillies,Diseased,2,2,0,0,0,2,0,2,0.8,71.5,50.5,3.5,10.5,0.6177,1.2354,100.0,100.0
WARANGAL,GUDUR,0927019,Teegalveni,Chillies,Healthy,9,9,0,9,0,0,0,0,0.0,75.2222,51.7778,2.8889,9.4444,0.4425,3.9822,0.0,100.0
WARANGAL,GUDUR,0927019,Teegalveni,Paddy,Diseased,1,1,0,0,0,1,0,1,0.8,52.0,97.0,3.0,24.0,0.6913,0.6913,100.0,100.0
WARANGAL,GUDUR,0927019,Teegalveni,Paddy,Healthy,2,2,0,2,0,0,0,0,0.0,77.0,88.5,3.0,22.5,0.3195,0.639,0.0,100.0
WARANGAL,GUDUR,0927020,Govindapur,Chillies,,3,0,3,0,0,0,0,0,,76.0,47.3333,3.3333,8.6667,0.5132,1.5396,,0.0
WARANGAL,GUDUR,0927020,Govindapur,Chillies,Diseased,1,1,0,0,0,1,0,1,0.8,86.0,50.0,3.0,11.0,0.4561,0.4561,100.0,100.0
WARANGAL,GUDUR,0927020,Govindapur,Chillies,Healthy,2,2,0,2,0,0,0,0,0.0,71.5,51.5,4.0,8.0,0.419,0.8381,0.0,100.0
WARANGAL,GUDUR,0927020,Govindapur,Paddy,,3,0,3,0,0,0,0,0,,61.0,93.0,3.6667,24.3333,0.0313,0.0938,,0.0
WARANGAL,GUDUR,0927020,Govindapur,Paddy,Healthy,8,8,0,8,0,0,0,0,0.0,73.0,89.125,4.375,21.875,0.1495,1.1959,0.0,100.0
WARANGAL,GUDUR,0927020,Govindapur,Paddy,Pests,1,1,0,0,0,0,1,1,0.9,97.0,85.0,3.0,23.0,0.0448,0.0448,100.0,100.0
WARANGAL,GUDUR,0927021,Damaravancha,Paddy,Healthy,1,1,0,1,0,0,0,0,0.0,61.0,98.0,6.0,23.0,0.0193,0.0193,0.0,100.0
WARANGAL,GUDUR,0927022,Apparajpalle,Chillies,Healthy,2,2,0,2,0,0,0,0,0.0,82.5,48.5,5.0,7.5,0.4467,0.8934,0.0,100.0
WARANGAL,GUDUR,0927022,Apparajpalle,Chillies,Stressed,1,1,0,0,1,0,0,1,0.5,63.0,57.0,4.0,7.0,0.4901,0.4901,100.0,100.0
WARANGAL,GUDUR,0927022,Apparajpalle,Maize,Healthy,1,1,0,1,0,0,0,0,0.0,167.0,57.0,4.0,26.0,0.7385,0.7385,0.0,100.0
WARANGAL,GUDUR,0927022,Apparajpalle,Paddy,Healthy,1,1,0,1,0,0,0,0,0.0,55.0,86.0,4.0,20.0,0.7576,0.7576,0.0,100.0
WARANGAL,GUDUR,0927023,Boddugonda,Chillies,Healthy,11,11,0,11,0,0,0,0,0.0,80.2727,48.5455,3.7273,8.4545,0.4481,4.9293,0.0,100.0
WARANGAL,GUDUR,0927023,Boddugonda,Chillies,Pests,2,2,0,0,0,0,2,2,0.9,87.0,50.0,3.5,7.0,0.4229,0.8457,100.0,100.0
WARANGAL,GUDUR,0927023,Boddugonda,Chillies,Stressed,1,1,0,0,1,0,0,1,0.5,80.0,56.0,4.0,7.0,0.9901,0.9901,100.0,100.0
WARANGAL,GUDUR,0927023,Boddugonda,Maize,Healthy,2,2,0,2,0,0,0,0,0.0,181.0,54.0,3.5,23.5,0.2789,0.5578,0.0,100.0
WARANGAL,GUDUR,0927023,Boddugonda,Paddy,Healthy,2,2,0,2,0,0,0,0,0.0,89.0,93.0,4.0,18.0,0.5237,1.0474,0.0,100.0
WARANGAL,GUDUR,0927024,Kolhapuram,Chillies,Healthy,1,1,0,1,0,0,0,0,0.0,66.0,40.0,2.0,9.0,0.3925,0.3925,0.0,100.0
WARANGAL,GUDUR,0927024,Kolhapuram,Chillies,Stressed,1,1,0,0,1,0,0,1,0.5,52.0,52.0,3.0,11.0,0.3001,0.3001,100.0,100.0
WARANGAL,GUDUR,0927024,Kolhapuram,Paddy,Healthy,2,2,0,2,0,0,0,0,0.0,92.5,92.0,5.0,23.0,0.5621,1.1242,0.0,100.0
WARANGAL,GUDUR,0927F01,FOREST,Chillies,Diseased,1,1,0,0,0,1,0,1,0.8,55.0,58.0,4.0,12.0,0.5013,0.5013,100.0,100.0
WARANGAL,GUDUR,0927F01,FOREST,Chillies,Healthy,17,17,0,17,0,0,0,0,0.0,75.8824,50.9412,3.9412,8.6471,0.3644,6.194,0.0,100.0
WARANGAL,GUDUR,0927F01,FOREST,Chillies,Pests,2,2,0,0,0,0,2,2,0.9,86.0,58.0,5.0,11.0,0.4504,0.9007,100.0,100.0
WARANGAL,GUDUR,0927F01,FOREST,Cotton,Healthy,1,1,0,1,0,0,0,0,0.0,88.0,51.0,3.0,13.0,0.38,0.38,0.0,100.0
WARANGAL,GUDUR,0927F01,FOREST,Cotton,Stressed,1,1,0,0,1,0,0,1,0.5,77.0,40.0,3.0,13.0,0.3241,0.3241,100.0,100.0
WARANGAL,GUDUR,0927F01,FOREST,Paddy,Diseased,2,2,0,0,0,2,0,2,0.8,72.5,84.0,4.0,22.0,0.86,1.72,100.0,100.0
WARANGAL,GUDUR,0927F01,FOREST,Paddy,Healthy,19,19,0,19,0,0,0,0,0.0,77.2105,89.8421,4.0526,22.7895,0.165,3.1351,0.0,100.0
WARANGAL,GUDUR,0927F01,FOREST,Paddy,Pests,1,1,0,0,0,0,1,1,0.9,87.0,80.0,5.0,23.0,0.0408,0.0408,100.0,100.0
WARANGAL,GUDUR,0927F01,FOREST,Paddy,Stressed,1,1,0,0,1,0,0,1,0.5,79.0,82.0,6.0,21.0,0.0252,0.0252,100.0,100.0
WARANGAL,GUDUR,0927F02,FOREST,Chillies,,1,0,1,0,0,0,0,0,,65.0,51.0,4.0,9.0,0.3605,0.3605,,0.0
WARANGAL,GUDUR,0927F02,FOREST,Chillies,Healthy,5,5,0,5,0,0,0,0,0.0,76.8,45.4,3.2,8.4,0.7719,3.8596,0.0,100.0
WARANGAL,GUDUR,0927F02,FOREST,Cotton,Healthy,1,1,0,1,0,0,0,0,0.0,100.0,44.0,6.0,19.0,1.3712,1.3712,0.0,100.0
WARANGAL,GUDUR,0927F02,FOREST,Maize,Healthy,1,1,0,1,0,0,0,0,0.0,225.0,55.0,3.0,25.0,0.7524,0.7524,0.0,100.0
WARANGAL,GUDUR,0927F02,FOREST,Maize,Pests,1,1,0,0,0,0,1,1,0.9,103.0,42.0,2.0,27.0,0.334,0.334,100.0,100.0
WARANGAL,GUDUR,0927F02,FOREST,Paddy,Diseased,1,1,0,0,0,1,0,1,0.8,94.0,90.0,5.0,23.0,1.0967,1.0967,100.0,100.0
WARANGAL,GUDUR,0927F02,FOREST,Paddy,Healthy,3,3,0,3,0,0,0,0,0.0,75.0,91.3333,3.6667,24.0,0.0244,0.0732,0.0,100.0
WARANGAL,KESAMUDRAM,0925001,Korukondapalle,Chillies,,2,0,2,0,0,0,0,0,,76.0,53.5,4.5,8.5,0.3183,0.6367,,0.0
WARANGAL,KESAMUDRAM,0925001,Korukondapalle,Cotton,,2,0,2,0,0,0,0,0,,86.5,43.0,4.5,15.0,0.4581,0.9161,,0.0
WARANGAL,KESAMUDRAM,0925001,Korukondapalle,Paddy,,7,0,7,0,0,0,0,0,,76.4286,88.1429,4.2857,21.5714,0.2977,2.0837,,0.0
WARANGAL,KESAMUDRAM,0925003,Katrapalle,Chillies,,2,0,2,0,0,0,0,0,,82.0,49.0,3.0,6.0,0.411,0.8221,,0.0
WARANGAL,KESAMUDRAM,0925003,Katrapalle,Chillies,Healthy,1,1,0,1,0,0,0,0,0.0,69.0,58.0,2.0,9.0,0.3602,0.3602,0.0,100.0
WARANGAL,KESAMUDRAM,0925003,Katrapalle,Paddy,,7,0,7,0,0,0,0,0,,73.2857,88.5714,4.5714,22.7143,0.3034,2.124,,0.0
WARANGAL,KESAMUDRAM,0925004,Arpanapalle,Chillies,,1,0,1,0,0,0,0,0,,75.0,42.0,5.0,10.0,0.2095,0.2095,,0.0
WARANGAL,KESAMUDRAM,0925005,Upparapalle,Chillies,,3,0,3,0,0,0,0,0,,86.0,52.3333,3.3333,10.0,0.515,1.545,,0.0
WARANGAL,KESAMUDRAM,0925005,Upparapalle,Cotton,,1,0,1,0,0,0,0,0,,104.0,46.0,5.0,13.0,0.2044,0.2044,,0.0
WARANGAL,KESAMUDRAM,0925006,Kesamudram,Chillies,,3,0,3,0,0,0,0,0,,72.3333,43.6667,2.3333,8.0,0.4407,1.3221,,0.0
WARANGAL,KESAMUDRAM,0925006,Kesamudram,Cotton,,2,0,2,0,0,0,0,0,,90.5,53.5,4.0,13.5,0.3425,0.6849,,0.0
WARANGAL,KESAMUDRAM,0925006,Kesamudram,Paddy,,11,0,11,0,0,0,0,0,,71.0,90.4545,4.7273,21.7273,0.1165,1.282,,0.0
WARANGAL,KESAMUDRAM,0925007,Mahamoodpatnam,Chillies,,1,0,1,0,0,0,0,0,,74.0,45.0,3.0,9.0,0.8144,0.8144,,0.0
WARANGAL,KESAMUDRAM,0925007,Mahamoodpatnam,Paddy,,2,0,2,0,0,0,0,0,,67.5,86.0,4.5,24.0,0.0633,0.1266,,0.0
WARANGAL,KESAMUDRAM,0925008,Inugurthy,Cotton,Healthy,2,2,0,2,0,0,0,0,0.0,77.0,55.5,3.0,14.5,0.3866,0.7733,0.0,100.0
WARANGAL,KESAMUDRAM,0925008,Inugurthy,Maize,Healthy,1,1,0,1,0,0,0,0,0.0,153.0,58.0,3.0,28.0,0.0529,0.0529,0.0,100.0
WARANGAL,KESAMUDRAM,0925008,Inugurthy,Paddy,Diseased,1,1,0,0,0,1,0,1,0.8,88.0,91.0,6.0,25.0,0.6922,0.6922,100.0,100.0
WARANGAL,KESAMUDRAM,0925008,Inugurthy,Paddy,Healthy,4,4,0,4,0,0,0,0,0.0,78.25,90.25,4.5,23.0,0.4112,1.6447,0.0,100.0
WARANGAL,KESAMUDRAM,0925009,Komatipalle,Paddy,Healthy,7,7,0,7,0,0,0,0,0.0,69.2857,87.4286,4.1429,22.8571,0.0578,0.4044,0.0,100.0
WARANGAL,KESAMUDRAM,0925009,Komatipalle,Paddy,Pests,1,1,0,0,0,0,1,1,0.9,68.0,82.0,5.0,21.0,0.0212,0.0212,100.0,100.0
WARANGAL,KESAMUDRAM,0925010,Kalwala,Chillies,,7,0,7,0,0,0,0,0,,73.7143,51.2857,4.0,8.1429,0.5008,3.5053,,0.0
WARANGAL,KESAMUDRAM,0925010,Kalwala,Cotton,,3,0,3,0,0,0,0,0,,73.0,50.3333,3.0,14.0,0.3644,1.0931,,0.0
WARANGAL,KESAMUDRAM,0925010,Kalwala,Maize,,1,0,1,0,0,0,0,0,,225.0,44.0,5.0,22.0,0.3637,0.3637,,0.0
WARANGAL,KESAMUDRAM,0925010,Kalwala,Paddy,,1,0,1,0,0,0,0,0,,69.0,82.0,5.0,22.0,0.3146,0.3146,,0.0
WARANGAL,KESAMUDRAM,0925011,Dhadnnasari,Chillies,,9,0,9,0,0,0,0,0,,76.1111,49.5556,3.4444,9.3333,0.4328,3.8948,,0.0
WARANGAL,KESAMUDRAM,0925011,Dhadnnasari,Paddy,,2,0,2,0,0,0,0,0,,71.0,87.5,4.0,22.0,0.4085,0.8171,,0.0
WARANGAL,KESAMUDRAM,0925012,Penugonda,Chillies,,5,0,5,0,0,0,0,0,,66.0,50.8,4.0,9.0,0.6301,3.1507,,0.0
WARANGAL,KESAMUDRAM,0925013,Beriwada,Chillies,,11,0,11,0,0,0,0,0,,73.6364,49.9091,3.9091,8.8182,0.4489,4.9376,,0.0
WARANGAL,KESAMUDRAM,0925013,Beriwada,Maize,,8,0,8,0,0,0,0,0,,151.875,49.375,3.875,22.625,0.3525,2.8198,,0.0
WARANGAL,KESAMUDRAM,0925013,Beriwada,Paddy,,3,0,3,0,0,0,0,0,,93.0,82.6667,3.6667,22.6667,0.1776,0.5328,,0.0
WARANGAL,KESAMUDRAM,0925014,Rangapuram,Chillies,,2,0,2,0,0,0,0,0,,74.0,54.5,4.5,6.0,0.3418,0.6835,,0.0
WARANGAL,KESAMUDRAM,0925014,Rangapuram,Maize,,1,0,1,0,0,0,0,0,,122.0,52.0,4.0,21.0,0.5333,0.5333,,0.0
WARANGAL,KESAMUDRAM,0925015,Tallapoosapalle,Chillies,,2,0,2,0,0,0,0,0,,83.5,50.0,5.0,8.0,0.5215,1.043,,0.0
WARANGAL,KESAMUDRAM,0925016,Annaram,Paddy,,3,0,3,0,0,0,0,0,,69.3333,96.6667,4.3333,22.3333,0.0703,0.211,,0.0
WARANGAL,KESAMUDRAM,0925F01,FOREST,Chillies,,9,0,9,0,0,0,0,0,,81.6667,49.4444,3.5556,9.5556,0.4006,3.6053,,0.0
WARANGAL,KESAMUDRAM,0925F01,FOREST,Paddy,,8,0,8,0,0,0,0,0,,77.25,92.125,4.125,22.5,0.0965,0.7718,,0.0
WARANGAL,KESAMUDRAM,0925F02,FOREST,Chillies,Healthy,1,1,0,1,0,0,0,0,0.0,58.0,57.0,4.0,8.0,0.308,0.308,0.0,100.0
WARANGAL,KESAMUDRAM,0925F02,FOREST,Maize,Healthy,8,8,0,8,0,0,0,0,0.0,179.125,50.625,3.5,27.25,0.08,0.6396,0.0,100.0
WARANGAL,KESAMUDRAM,0925F05,FOREST,Chillies,,6,0,6,0,0,0,0,0,,72.3333,50.5,3.8333,7.5,0.4559,2.7351,,0.0
WARANGAL,KESAMUDRAM,0925F05,FOREST,Maize,,2,0,2,0,0,0,0,0,,193.5,52.0,3.5,24.0,0.4832,0.9664,,0.0
WARANGAL,KESAMUDRAM,0925F05,FOREST,Paddy,Diseased,1,1,0,0,0,1,0,1,0.8,60.0,97.0,6.0,22.0,0.0899,0.0899,100.0,100.0
WARANGAL,KESAMUDRAM,0925F05,FOREST,Paddy,Healthy,1,1,0,1,0,0,0,0,0.0,97.0,86.0,4.0,24.0,0.0684,0.0684,0.0,100.0
WARANGAL,KESAMUDRAM,0925F06,FOREST,Chillies,,1,0,1,0,0,0,0,0,,74.0,50.0,3.0,6.0,0.0153,0.0153,,0.0
WARANGAL,KESAMUDRAM,0925F06,FOREST,Paddy,,1,0,1,0,0,0,0,0,,82.0,98.0,3.0,23.0,0.0209,0.0209,,0.0
WARANGAL,KESAMUDRAM,0925F07,FOREST,Chillies,,5,0,5,0,0,0,0,0,,66.8,47.0,3.2,6.6,0.2467,1.2333,,0.0
WARANGAL,KESAMUDRAM,0925F07,FOREST,Paddy,,2,0,2,0,0,0,0,0,,83.5,90.0,5.0,22.5,0.1316,0.2632,,0.0
WARANGAL,KHANAPUR,0929005,Pocharam,Chillies,Healthy,1,1,0,1,0,0,0,0,0.0,78.0,48.0,5.0,9.0,0.3208,0.3208,0.0,100.0
WARANGAL,KHANAPUR,0929005,Pocharam,Chillies,Stressed,1,1,0,0,1,0,0,1,0.5,85.0,40.0,3.0,5.0,0.4325,0.4325,100.0,100.0
WARANGAL,KHANAPUR,0929006,Budharaopet,Paddy,Healthy,1,1,0,1,0,0,0,0,0.0,79.0,97.0,3.0,24.0,0.0718,0.0718,0.0,100.0
WARANGAL,KHANAPUR,0929014,Dharmaraopet,Chillies,Healthy,1,1,0,1,0,0,0,0,0.0,54.0,47.0,2.0,10.0,0.0479,0.0479,0.0,100.0
WARANGAL,KOTHAGUDEM,0928026,Jangalpalle,Maize,Diseased,1,1,0,0,0,1,0,1,0.8,136.0,52.0,4.0,27.0,0.0909,0.0909,100.0,100.0
WARANGAL,KOTHAGUDEM,0928026,Jangalpalle,Maize,Healthy,4,4,0,4,0,0,0,0,0.0,181.25,46.75,2.75,27.75,0.2196,0.8785,0.0,100.0
WARANGAL,KOTHAGUDEM,0928026,Jangalpalle,Maize,Pests,1,1,0,0,0,0,1,1,0.9,112.0,56.0,2.0,29.0,0.0296,0.0296,100.0,100.0
WARANGAL,KOTHAGUDEM,0928032,Kamaram,Maize,Diseased,1,1,0,0,0,1,0,1,0.8,101.0,45.0,5.0,28.0,0.0123,0.0123,100.0,100.0
WARANGAL,KOTHAGUDEM,0928032,Kamaram,Maize,Healthy,4,4,0,4,0,0,0,0,0.0,141.0,52.0,2.75,27.0,0.0886,0.3546,0.0,100.0
WARANGAL,KOTHAGUDEM,0928032,Kamaram,Maize,Pests,1,1,0,0,0,0,1,1,0.9,249.0,54.0,4.0,29.0,0.0206,0.0206,100.0,100.0
WARANGAL,KOTHAGUDEM,0928033,Ponugonda,Maize,Healthy,6,6,0,6,0,0,0,0,0.0,182.0,47.1667,3.1667,27.3333,0.0272,0.163,0.0,100.0
WARANGAL,KOTHAGUDEM,0928035,Mamidigudem,Maize,Healthy,4,4,0,4,0,0,0,0,0.0,219.25,53.0,2.75,26.75,0.0584,0.2334,0.0,100.0
WARANGAL,KOTHAGUDEM,0928035,Mamidigudem,Maize,Pests,1,1,0,0,0,0,1,1,0.9,218.0,47.0,5.0,25.0,0.0522,0.0522,100.0,100.0
WARANGAL,KOTHAGUDEM,0928036,Dubbaguda,Maize,Healthy,2,2,0,2,0,0,0,0,0.0,151.0,56.5,3.0,25.5,0.0235,0.047,0.0,100.0
WARANGAL,KOTHAGUDEM,0928037,Marriguda,Maize,Healthy,1,1,0,1,0,0,0,0,0.0,175.0,46.0,5.0,28.0,0.1449,0.1449,0.0,100.0
WARANGAL,KOTHAGUDEM,0928042,Narsugudem,Maize,Diseased,1,1,0,0,0,1,0,1,0.8,117.0,47.0,5.0,30.0,0.021,0.021,100.0,100.0
WARANGAL,KOTHAGUDEM,0928042,Narsugudem,Maize,Healthy,3,3,0,3,0,0,0,0,0.0,192.6667,49.3333,3.6667,27.6667,0.4508,1.3525,0.0,100.0
WARANGAL,KOTHAGUDEM,0928043,Katrainam,Maize,Healthy,22,22,0,22,0,0,0,0,0.0,181.5909,50.5455,3.4545,27.5,0.0801,1.7614,0.0,100.0
WARANGAL,KOTHAGUDEM,0928043,Katrainam,Maize,Pests,3,3,0,0,0,0,3,3,0.9,148.0,49.6667,4.6667,27.3333,0.2315,0.6944,100.0,100.0
WARANGAL,KOTHAGUDEM,0928043,Katrainam,Maize,Stressed,2,2,0,0,2,0,0,2,0.5,174.5,57.0,4.5,28.0,0.03,0.06,100.0,100.0
WARANGAL,KOTHAGUDEM,0928044,Komatlagudem,Maize,Healthy,2,2,0,2,0,0,0,0,0.0,175.0,45.5,2.5,26.5,0.2617,0.5234,0.0,100.0
WARANGAL,KOTHAGUDEM,0928045,Bavurugonda,Maize,Healthy,4,4,0,4,0,0,0,0,0.0,160.5,48.25,3.0,27.75,0.2228,0.8911,0.0,100.0
WARANGAL,KOTHAGUDEM,0928045,Bavurugonda,Maize,Pests,1,1,0,0,0,0,1,1,0.9,164.0,51.0,4.0,29.0,0.021,0.021,100.0,100.0
WARANGAL,KOTHAGUDEM,0928045,Bavurugonda,Maize,Stressed,1,1,0,0,1,0,0,1,0.5,180.0,44.0,3.0,29.0,0.0531,0.0531,100.0,100.0
WARANGAL,KOTHAGUDEM,0928054,Bakkachintalapadu,Cotton,Healthy,1,1,0,1,0,0,0,0,0.0,67.0,59.0,5.0,11.0,0.8778,0.8778,0.0,100.0
WARANGAL,KOTHAGUDEM,0928060,Eshwaragudem,Cotton,Healthy,1,1,0,1,0,0,0,0,0.0,62.0,50.0,3.0,16.0,1.5204,1.5204,0.0,100.0
WARANGAL,KOTHAGUDEM,0928062,Tirmalgandi,Maize,Healthy,3,3,0,3,0,0,0,0,0.0,157.0,54.0,2.3333,26.6667,0.0191,0.0574,0.0,100.0
WARANGAL,KOTHAGUDEM,0928062,Tirmalgandi,Maize,Pests,1,1,0,0,0,0,1,1,0.9,204.0,58.0,5.0,26.0,0.0215,0.0215,100.0,100.0
WARANGAL,KOTHAGUDEM,0928066,Gangaram,Maize,Healthy,10,10,0,10,0,0,0,0,0.0,167.6,49.5,3.7,28.0,0.0217,0.2171,0.0,100.0
WARANGAL,KOTHAGUDEM,0928F08,FOREST,Chillies,Diseased,1,1,0,0,0,1,0,1,0.8,79.0,54.0,3.0,5.0,0.1222,0.1222,100.0,100.0
WARANGAL,KOTHAGUDEM,0928F08,FOREST,Chillies,Healthy,13,13,0,13,0,0,0,0,0.0,81.1538,47.7692,3.8462,8.2308,0.28,3.6403,0.0,100.0
WARANGAL,KOTHAGUDEM,0928F08,FOREST,Cotton,Diseased,1,1,0,0,0,1,0,1,0.8,63.0,49.0,5.0,19.0,0.9443,0.9443,100.0,100.0
WARANGAL,KOTHAGUDEM,0928F08,FOREST,Cotton,Healthy,1,1,0,1,0,0,0,0,0.0,60.0,45.0,5.0,11.0,0.2786,0.2786,0.0,100.0
WARANGAL,KOTHAGUDEM,0928F08,FOREST,Maize,Diseased,1,1,0,0,0,1,0,1,0.8,244.0,48.0,2.0,30.0,0.1186,0.1186,100.0,100.0
WARANGAL,KOTHAGUDEM,0928F08,FOREST,Maize,Healthy,75,75,0,75,0,0,0,0,0.0,173.1867,49.0667,3.6667,27.7333,0.2661,19.9574,0.0,100.0
WARANGAL,KOTHAGUDEM,0928F08,FOREST,Maize,Pests,2,2,0,0,0,0,2,2,0.9,196.5,45.5,3.0,29.5,0.1273,0.2546,100.0,100.0
WARANGAL,KOTHAGUDEM,0928F08,FOREST,Maize,Stressed,3,3,0,0,3,0,0,3,0.5,115.6667,51.6667,4.0,27.6667,0.2957,0.8872,100.0,100.0
WARANGAL,KOTHAGUDEM,0928F08,FOREST,Paddy,Healthy,5,5,0,5,0,0,0,0,0.0,78.6,93.6,5.4,21.6,1.1214,5.6072,0.0,100.0
WARANGAL,KURAVI,0923004,Kandikonda,Chillies,Healthy,2,2,0,2,0,0,0,0,0.0,78.0,42.0,3.0,7.5,0.5386,1.0773,0.0,100.0
WARANGAL,KURAVI,0923006,Kuravi,Chillies,,3,0,3,0,0,0,0,0,,60.3333,48.0,4.0,8.0,0.3647,1.0941,,0.0
WARANGAL,KURAVI,0923006,Kuravi,Chillies,Healthy,6,6,0,6,0,0,0,0,0.0,79.3333,46.5,3.3333,7.1667,0.3751,2.2506,0.0,100.0
WARANGAL,KURAVI,0923006,Kuravi,Chillies,Pests,1,1,0,0,0,0,1,1,0.9,60.0,40.0,4.0,6.0,0.3884,0.3884,100.0,100.0
WARANGAL,KURAVI,0923007,Mogilicherla,Chillies,,1,0,1,0,0,0,0,0,,66.0,40.0,5.0,6.0,0.0246,0.0246,,0.0
WARANGAL,KURAVI,0923007,Mogilicherla,Chillies,Diseased,3,3,0,0,0,3,0,3,0.8,87.0,50.6667,4.0,5.3333,0.3689,1.1066,100.0,100.0
WARANGAL,KURAVI,0923007,Mogilicherla,Chillies,Healthy,22,22,0,22,0,0,0,0,0.0,72.0,50.6364,3.1818,8.1818,0.5419,11.9216,0.0,100.0
WARANGAL,KURAVI,0923007,Mogilicherla,Chillies,Stressed,2,2,0,0,2,0,0,2,0.5,58.0,56.0,3.5,7.5,0.3187,0.6374,100.0,100.0
WARANGAL,KURAVI,0923008,Narayanapur,Chillies,Diseased,1,1,0,0,0,1,0,1,0.8,82.0,50.0,5.0,10.0,0.4904,0.4904,100.0,100.0
WARANGAL,KURAVI,0923008,Narayanapur,Chillies,Healthy,10,10,0,10,0,0,0,0,0.0,76.3,46.5,3.7,8.2,0.5317,5.3169,0.0,100.0
WARANGAL,KURAVI,0923008,Narayanapur,Chillies,Pests,1,1,0,0,0,0,1,1,0.9,89.0,60.0,2.0,6.0,0.2802,0.2802,100.0,100.0
WARANGAL,KURAVI,0923008,Narayanapur,Chillies,Stressed,1,1,0,0,1,0,0,1,0.5,56.0,41.0,3.0,9.0,0.2839,0.2839,100.0,100.0
WARANGAL,KURAVI,0923008,Narayanapur,Maize,Diseased,1,1,0,0,0,1,0,1,0.8,100.0,52.0,2.0,22.0,1.0109,1.0109,100.0,100.0
WARANGAL,KURAVI,0923009,Gundrathimadugu,Chillies,Diseased,2,2,0,0,0,2,0,2,0.8,76.0,55.0,4.0,5.5,0.5719,1.1437,100.0,100.0
WARANGAL,KURAVI,0923009,Gundrathimadugu,Chillies,Healthy,34,34,0,34,0,0,0,0,0.0,76.1765,50.0,3.2647,7.4412,0.5508,18.7266,0.0,100.0
WARANGAL,KURAVI,0923009,Gundrathimadugu,Chillies,Pests,2,2,0,0,0,0,2,2,0.9,78.0,57.0,3.5,5.5,0.3859,0.7718,100.0,100.0
WARANGAL,KURAVI,0923012,Thirumalapur,Chillies,Healthy,9,9,0,9,0,0,0,0,0.0,77.2222,48.4444,3.7778,7.7778,0.4751,4.2761,0.0,100.0
WARANGAL,KURAVI,0923012,Thirumalapur,Chillies,Stressed,2,2,0,0,2,0,0,2,0.5,82.0,56.0,3.0,9.0,0.4384,0.8768,100.0,100.0
WARANGAL,KURAVI,0923013,Madugulagudem,Chillies,Diseased,1,1,0,0,0,1,0,1,0.8,83.0,47.0,4.0,9.0,1.4309,1.4309,100.0,100.0
WARANGAL,KURAVI,0923013,Madugulagudem,Chillies,Healthy,20,20,0,20,0,0,0,0,0.0,75.2,48.1,3.7,6.95,0.5271,10.5423,0.0,100.0
WARANGAL,KURAVI,0923013,Madugulagudem,Chillies,Stressed,1,1,0,0,1,0,0,1,0.5,95.0,51.0,3.0,7.0,0.3172,0.3172,100.0,100.0
WARANGAL,KURAVI,0923013,Madugulagudem,Cotton,Healthy,8,8,0,8,0,0,0,0,0.0,89.625,53.0,3.125,12.75,0.5432,4.3453,0.0,100.0
WARANGAL,KURAVI,0923013,Madugulagudem,Cotton,Pests,2,2,0,0,0,0,2,2,0.9,91.5,49.5,3.5,10.5,1.117,2.2341,100.0,100.0
WARANGAL,KURAVI,0923013,Madugulagudem,Cotton,Stressed,2,2,0,0,2,0,0,2,0.5,70.5,56.0,2.0,11.5,0.7294,1.4588,100.0,100.0
WARANGAL,KURAVI,0923014,Chinthapalle,Chillies,Diseased,3,3,0,0,0,3,0,3,0.8,67.0,54.6667,3.0,7.3333,0.3547,1.0642,100.0,100.0
WARANGAL,KURAVI,0923014,Chinthapalle,Chillies,Healthy,21,21,0,21,0,0,0,0,0.0,72.381,50.4286,3.381,7.0476,0.2562,5.3801,0.0,100.0
WARANGAL,KURAVI,0923014,Chinthapalle,Chillies,Pests,3,3,0,0,0,0,3,3,0.9,66.3333,52.6667,3.3333,7.3333,0.1953,0.5859,100.0,100.0
WARANGAL,KURAVI,0923014,Chinthapalle,Chillies,Stressed,3,3,0,0,3,0,0,3,0.5,78.6667,46.3333,4.3333,8.0,0.0763,0.2288,100.0,100.0
WARANGAL,KURAVI,0923014,Chinthapalle,Paddy,Stressed,1,1,0,0,1,0,0,1,0.5,58.0,89.0,4.0,23.0,0.1086,0.1086,100.0,100.0
WARANGAL,KURAVI,0923015,Kampalle,Chillies,Diseased,1,1,0,0,0,1,0,1,0.8,77.0,51.0,3.0,6.0,0.2316,0.2316,100.0,100.0
WARANGAL,KURAVI,0923015,Kampalle,Chillies,Healthy,28,28,0,28,0,0,0,0,0.0,75.2857,52.6786,3.25,7.9286,0.6044,16.9221,0.0,100.0
WARANGAL,KURAVI,0923015,Kampalle,Chillies,Pests,2,2,0,0,0,0,2,2,0.9,70.5,44.5,3.0,8.0,0.5798,1.1596,100.0,100.0
WARANGAL,KURAVI,0923015,Kampalle,Cotton,Diseased,1,1,0,0,0,1,0,1,0.8,70.0,41.0,2.0,13.0,0.5073,0.5073,100.0,100.0
WARANGAL,KURAVI,0923015,Kampalle,Cotton,Healthy,4,4,0,4,0,0,0,0,0.0,88.75,45.75,4.0,12.75,0.4555,1.8221,0.0,100.0
WARANGAL,KURAVI,0923015,Kampalle,Paddy,Healthy,8,8,0,8,0,0,0,0,0.0,71.0,91.125,4.5,22.625,0.0626,0.5011,0.0,100.0
WARANGAL,KURAVI,0923015,Kampalle,Paddy,Stressed,1,1,0,0,1,0,0,1,0.5,81.0,93.0,6.0,20.0,0.113,0.113,100.0,100.0
WARANGAL,KURAVI,0923016,Seerole,Chillies,Healthy,5,5,0,5,0,0,0,0,0.0,71.6,52.4,3.8,8.2,0.0422,0.211,0.0,100.0
WARANGAL,KURAVI,0923016,Seerole,Chillies,Pests,2,2,0,0,0,0,2,2,0.9,88.5,45.0,4.0,9.5,0.1677,0.3355,100.0,100.0
WARANGAL,KURAVI,0923016,Seerole,Chillies,Stressed,1,1,0,0,1,0,0,1,0.5,57.0,48.0,5.0,7.0,0.0567,0.0567,100.0,100.0
WARANGAL,KURAVI,0923016,Seerole,Paddy,Healthy,5,5,0,5,0,0,0,0,0.0,79.8,94.2,4.6,23.2,0.0464,0.2318,0.0,100.0
WARANGAL,KURAVI,0923016,Seerole,Paddy,Stressed,3,3,0,0,3,0,0,3,0.5,68.6667,89.6667,4.6667,22.0,0.0359,0.1076,100.0,100.0
WARANGAL,KURAVI,0923017,Upparagudem,Chillies,Healthy,4,4,0,4,0,0,0,0,0.0,61.0,54.0,3.0,7.25,0.0563,0.2252,0.0,100.0
WARANGAL,KURAVI,0923018,Tallasankeesa,Chillies,Healthy,9,9,0,9,0,0,0,0,0.0,86.6667,49.2222,3.6667,7.4444,0.3998,3.5984,0.0,100.0
WARANGAL,KURAVI,0923018,Tallasankeesa,Chillies,Pests,2,2,0,0,0,0,2,2,0.9,60.5,54.0,3.0,6.5,0.3281,0.6562,100.0,100.0
WARANGAL,KURAVI,0923018,Tallasankeesa,Maize,Healthy,1,1,0,1,0,0,0,0,0.0,182.0,52.0,5.0,23.0,0.8558,0.8558,0.0,100.0
WARANGAL,KURAVI,0923018,Tallasankeesa,Paddy,Healthy,1,1,0,1,0,0,0,0,0.0,65.0,87.0,4.0,20.0,0.023,0.023,0.0,100.0
WARANGAL,KURAVI,0923018,Tallasankeesa,Paddy,Stressed,1,1,0,0,1,0,0,1,0.5,73.0,89.0,3.0,21.0,0.1796,0.1796,100.0,100.0
WARANGAL,KURAVI,0923018,Tallasankeesa,Red Gram,Pests,1,1,0,0,0,0,1,1,0.9,66.0,38.0,3.0,11.0,0.4082,0.4082,100.0,100.0
WARANGAL,KURAVI,0923019,Nallela,Chillies,Healthy,13,13,0,13,0,0,0,0,0.0,79.0769,49.3077,3.5385,7.3846,0.1586,2.0612,0.0,100.0
WARANGAL,KURAVI,0923019,Nallela,Chillies,Stressed,1,1,0,0,1,0,0,1,0.5,69.0,48.0,4.0,5.0,0.1673,0.1673,100.0,100.0
WARANGAL,KURAVI,0923019,Nallela,Cotton,Healthy,2,2,0,2,0,0,0,0,0.0,83.5,53.0,4.0,13.5,0.5775,1.1551,0.0,100.0
WARANGAL,KURAVI,0923020,Balapala,Chillies,Healthy,3,3,0,3,0,0,0,0,0.0,79.3333,45.3333,4.3333,8.6667,0.1909,0.5727,0.0,100.0
WARANGAL,MAHABUBABAD,0924002,Laxmipur,Chillies,,15,0,15,0,0,0,0,0,,77.2,49.2,4.0667,7.6667,0.4822,7.2331,,0.0
WARANGAL,MAHABUBABAD,0924003,Jangligonda,Paddy,,1,0,1,0,0,0,0,0,,79.0,91.0,6.0,24.0,0.0734,0.0734,,0.0
WARANGAL,MAHABUBABAD,0924005,Ammangal,Paddy,,1,0,1,0,0,0,0,0,,68.0,86.0,4.0,24.0,0.0285,0.0285,,0.0
WARANGAL,MAHABUBABAD,0924007,Chengapuram,Chillies,,2,0,2,0,0,0,0,0,,67.5,50.5,4.5,7.5,0.1429,0.2858,,0.0
WARANGAL,MAHABUBABAD,0924008,Edulapusapalle,Chillies,,20,0,20,0,0,0,0,0,,74.85,51.25,3.6,7.9,0.4874,9.747,,0.0
WARANGAL,MAHABUBABAD,0924009,Vemnoor,Chillies,,1,0,1,0,0,0,0,0,,54.0,56.0,2.0,7.0,0.3479,0.3479,,0.0
WARANGAL,MAHABUBABAD,0924010,V.S.Lakshmipur,Paddy,,5,0,5,0,0,0,0,0,,74.2,90.0,4.2,22.0,0.0837,0.4183,,0.0
WARANGAL,MAHABUBABAD,0924011,Reddial,Chillies,,126,0,126,0,0,0,0,0,,75.3571,50.0794,3.3016,9.6746,0.3878,48.8584,,0.0
WARANGAL,MAHABUBABAD,0924011,Reddial,Cotton,,1,0,1,0,0,0,0,0,,82.0,44.0,2.0,15.0,1.0511,1.0511,,0.0
WARANGAL,MAHABUBABAD,0924011,Reddial,Maize,,1,0,1,0,0,0,0,0,,109.0,40.0,4.0,26.0,0.8806,0.8806,,0.0
WARANGAL,MAHABUBABAD,0924011,Reddial,Paddy,,6,0,6,0,0,0,0,0,,72.3333,90.5,4.3333,21.3333,0.658,3.9477,,0.0
WARANGAL,MAHABUBABAD,0924012,Khambhalpalle,Chillies,,21,0,21,0,0,0,0,0,,80.8571,52.6667,3.9048,9.0952,0.4905,10.2995,,0.0
WARANGAL,MAHABUBABAD,0924012,Khambhalpalle,Maize,,12,0,12,0,0,0,0,0,,170.0833,50.4167,4.0,27.4167,0.0746,0.8946,,0.0
WARANGAL,MAHABUBABAD,0924012,Khambhalpalle,Paddy,,14,0,14,0,0,0,0,0,,75.7143,88.5714,4.0,21.9286,0.1139,1.5939,,0.0
WARANGAL,MAHABUBABAD,0924013,Nadiwada,Chillies,,31,0,31,0,0,0,0,0,,77.2258,49.3871,3.5484,8.0323,0.6194,19.2004,,0.0
WARANGAL,MAHABUBABAD,0924013,Nadiwada,Cotton,,1,0,1,0,0,0,0,0,,88.0,56.0,4.0,16.0,0.8627,0.8627,,0.0
WARANGAL,MAHABUBABAD,0924013,Nadiwada,Paddy,,1,0,1,0,0,0,0,0,,65.0,88.0,3.0,22.0,0.9082,0.9082,,0.0
WARANGAL,MAHABUBABAD,0924014,Jamandlapalle,Chillies,,10,0,10,0,0,0,0,0,,79.6,49.2,3.4,7.8,0.5441,5.4406,,0.0
WARANGAL,MAHABUBABAD,0924015,Anantharam,Chillies,Healthy,3,3,0,3,0,0,0,0,0.0,69.0,50.0,3.6667,8.0,0.7142,2.1427,0.0,100.0
WARANGAL,MAHABUBABAD,0924015,Anantharam,Chillies,Pests,2,2,0,0,0,0,2,2,0.9,75.5,50.0,3.0,5.5,0.3203,0.6405,100.0,100.0
WARANGAL,MAHABUBABAD,0924015,Anantharam,Maize,Healthy,2,2,0,2,0,0,0,0,0.0,215.0,40.5,4.0,28.0,0.0594,0.1189,0.0,100.0
WARANGAL,MAHABUBABAD,0924017,Mahabubabad,Chillies,,4,0,4,0,0,0,0,0,,81.0,48.75,4.25,6.5,0.4092,1.6368,,0.0
WARANGAL,MAHABUBABAD,0924018,Mallial,Chillies,,2,0,2,0,0,0,0,0,,87.0,56.5,4.0,6.5,0.4491,0.8983,,0.0
WARANGAL,MAHABUBABAD,0924019,Bethole,Chillies,,4,0,4,0,0,0,0,0,,70.5,48.5,3.25,7.75,0.4689,1.8754,,0.0
WARANGAL,MAHABUBABAD,0924019,Bethole,Groundnut,,1,0,1,0,0,0,0,0,,27.0,30.0,1.0,10.0,0.5825,0.5825,,0.0
WARANGAL,MAHABUBABAD,0924020,Madhavpuram,Chillies,,10,0,10,0,0,0,0,0,,78.6,47.4,3.9,7.2,0.4989,4.9888,,0.0
WARANGAL,MAHABUBABAD,0924020,Madhavpuram,Chillies,Healthy,1,1,0,1,0,0,0,0,0.0,69.0,56.0,3.0,10.0,0.608,0.608,0.0,100.0
WARANGAL,MAHABUBABAD,0924020,Madhavpuram,Cotton,Stressed,1,1,0,0,1,0,0,1,0.5,80.0,46.0,3.0,15.0,0.4974,0.4974,100.0,100.0
WARANGAL,MAHABUBABAD,0924020,Madhavpuram,Maize,,4,0,4,0,0,0,0,0,,173.0,47.75,3.75,23.5,0.2137,0.8547,,0.0
WARANGAL,MAHABUBABAD,0924F01,FOREST,Chillies,,31,0,31,0,0,0,0,0,,76.5484,49.5161,3.5484,7.0323,0.5165,16.011,,0.0
WARANGAL,MAHABUBABAD,0924F02,FOREST,Chillies,,6,0,6,0,0,0,0,0,,80.0,51.1667,3.3333,8.3333,0.3451,2.0709,,0.0
WARANGAL,MAHABUBABAD,0924F02,FOREST,Maize,,2,0,2,0,0,0,0,0,,188.5,57.0,3.0,20.5,0.2931,0.5862,,0.0
WARANGAL,MARIPEDA,0921001,Uggampalle,Paddy,,6,0,6,0,0,0,0,0,,73.1667,89.0,4.6667,22.8333,0.0863,0.5179,,0.0
WARANGAL,MARIPEDA,0921001,Uggampalle,Paddy,Healthy,2,2,0,2,0,0,0,0,0.0,86.5,99.5,4.0,24.5,0.06,0.12,0.0,100.0
WARANGAL,MARIPEDA,0921002,Chinnagudur,Paddy,,3,0,3,0,0,0,0,0,,72.0,89.6667,5.0,23.0,0.0433,0.13,,0.0
WARANGAL,MARIPEDA,0921004,Veesampalle,Paddy,,9,0,9,0,0,0,0,0,,74.1111,88.8889,4.3333,22.2222,0.0919,0.8274,,0.0
WARANGAL,MARIPEDA,0921004,Veesampalle,Paddy,Healthy,3,3,0,3,0,0,0,0,0.0,76.0,91.3333,4.3333,23.0,0.052,0.1561,0.0,100.0
WARANGAL,MARIPEDA,0921005,Yellampet,Paddy,Diseased,1,1,0,0,0,1,0,1,0.8,64.0,82.0,3.0,25.0,0.0697,0.0697,100.0,100.0
WARANGAL,MARIPEDA,0921005,Yellampet,Paddy,Healthy,11,11,0,11,0,0,0,0,0.0,81.1818,88.1818,4.0909,22.0,0.1392,1.5317,0.0,100.0
WARANGAL,MARIPEDA,0921005,Yellampet,Paddy,Stressed,2,2,0,0,2,0,0,2,0.5,71.5,89.0,4.0,22.5,0.1051,0.2102,100.0,100.0
WARANGAL,MARIPEDA,0921006,Anepuram,Paddy,Healthy,9,9,0,9,0,0,0,0,0.0,84.1111,90.1111,4.5556,22.4444,0.1226,1.1037,0.0,100.0
WARANGAL,MARIPEDA,0921006,Anepuram,Paddy,Pests,1,1,0,0,0,0,1,1,0.9,95.0,81.0,4.0,21.0,0.0631,0.0631,100.0,100.0
WARANGAL,MARIPEDA,0921007,Neelkurthy,Paddy,Diseased,1,1,0,0,0,1,0,1,0.8,65.0,92.0,4.0,23.0,0.043,0.043,100.0,100.0
WARANGAL,MARIPEDA,0921007,Neelkurthy,Paddy,Healthy,12,12,0,12,0,0,0,0,0.0,73.5,89.5833,4.5833,22.5,0.1127,1.3524,0.0,100.0
WARANGAL,MARIPEDA,0921007,Neelkurthy,Paddy,Pests,1,1,0,0,0,0,1,1,0.9,87.0,81.0,5.0,23.0,0.0512,0.0512,100.0,100.0
WARANGAL,MARIPEDA,0921007,Neelkurthy,Paddy,Stressed,1,1,0,0,1,0,0,1,0.5,55.0,91.0,3.0,21.0,0.0612,0.0612,100.0,100.0
WARANGAL,MARIPEDA,0921010,Tallaookal,Paddy,Diseased,1,1,0,0,0,1,0,1,0.8,93.0,81.0,3.0,21.0,0.0424,0.0424,100.0,100.0
WARANGAL,MARIPEDA,0921010,Tallaookal,Paddy,Healthy,5,5,0,5,0,0,0,0,0.0,74.0,91.4,4.4,23.0,0.1716,0.858,0.0,100.0
WARANGAL,MARIPEDA,0921011,Thanamcherla,Paddy,Diseased,1,1,0,0,0,1,0,1,0.8,76.0,98.0,5.0,20.0,0.0547,0.0547,100.0,100.0
WARANGAL,MARIPEDA,0921011,Thanamcherla,Paddy,Healthy,12,12,0,12,0,0,0,0,0.0,73.9167,90.4167,4.3333,22.9167,0.1056,1.2668,0.0,100.0
WARANGAL,MARIPEDA,0921011,Thanamcherla,Paddy,Pests,2,2,0,0,0,0,2,2,0.9,86.5,91.0,3.5,23.5,0.0976,0.1953,100.0,100.0
WARANGAL,MARIPEDA,0921012,Burhanpur,Paddy,Healthy,2,2,0,2,0,0,0,0,0.0,70.0,88.5,5.5,21.0,0.0846,0.1693,0.0,100.0
WARANGAL,MARIPEDA,0921016,Veeraram,Paddy,Healthy,4,4,0,4,0,0,0,0,0.0,78.75,86.25,3.5,22.25,0.1325,0.5299,0.0,100.0
WARANGAL,MARIPEDA,0921017,Ullepalle,Paddy,Healthy,5,5,0,5,0,0,0,0,0.0,75.6,84.8,4.2,22.0,0.0587,0.2936,0.0,100.0
WARANGAL,MARIPEDA,0921017,Ullepalle,Paddy,Stressed,1,1,0,0,1,0,0,1,0.5,97.0,100.0,5.0,23.0,0.0647,0.0647,100.0,100.0
WARANGAL,MARIPEDA,0921020,Beecharajpalle,Paddy,Healthy,1,1,0,1,0,0,0,0,0.0,56.0,81.0,5.0,20.0,0.0514,0.0514,0.0,100.0
WARANGAL,MARIPEDA,0921022,Abbaipalem,Paddy,Diseased,1,1,0,0,0,1,0,1,0.8,72.0,83.0,6.0,21.0,0.0924,0.0924,100.0,100.0
WARANGAL,MARIPEDA,0921022,Abbaipalem,Paddy,Healthy,4,4,0,4,0,0,0,0,0.0,74.25,89.25,3.75,22.5,0.1379,0.5514,0.0,100.0
WARANGAL,MARIPEDA,0921022,Abbaipalem,Paddy,Stressed,1,1,0,0,1,0,0,1,0.5,81.0,95.0,5.0,24.0,0.0521,0.0521,100.0,100.0
WARANGAL,MARIPEDA,0921024,Galivarigudem,Paddy,Healthy,1,1,0,1,0,0,0,0,0.0,83.0,92.0,5.0,24.0,0.1083,0.1083,0.0,100.0
WARANGAL,MARIPEDA,0921024,Galivarigudem,Paddy,Stressed,1,1,0,0,1,0,0,1,0.5,76.0,86.0,4.0,21.0,0.0319,0.0319,100.0,100.0
WARANGAL,NARSIMHULAPET,0920011,Vanthadupula,Paddy,Healthy,1,1,0,1,0,0,0,0,0.0,66.0,100.0,5.0,22.0,0.0173,0.0173,0.0,100.0
WARANGAL,NARSIMHULAPET,0920013,Kommulavancha,Chillies,Healthy,3,3,0,3,0,0,0,0,0.0,65.6667,52.3333,4.6667,7.3333,0.1736,0.5207,0.0,100.0
WARANGAL,NARSIMHULAPET,0920017,Gundamrajupalle,Paddy,,1,0,1,0,0,0,0,0,,51.0,100.0,3.0,22.0,0.086,0.086,,0.0
WARANGAL,NARSIMHULAPET,0920020,Peddanagaram,Paddy,Healthy,1,1,0,1,0,0,0,0,0.0,96.0,98.0,4.0,20.0,0.1463,0.1463,0.0,100.0
WARANGAL,NEKKONDA,0926011,Alamkhanipet,Chillies,,1,0,1,0,0,0,0,0,,67.0,53.0,5.0,5.0,0.2667,0.2667,,0.0
WARANGAL,NEKKONDA,0926011,Alamkhanipet,Chillies,Stressed,1,1,0,0,1,0,0,1,0.5,58.0,46.0,2.0,5.0,0.2555,0.2555,100.0,100.0
WARANGAL,NEKKONDA,0926017,Nagaram,Chillies,Healthy,1,1,0,1,0,0,0,0,0.0,92.0,53.0,3.0,11.0,0.6747,0.6747,0.0,100.0
WARANGAL,NEKKONDA,0926017,Nagaram,Chillies,Stressed,1,1,0,0,1,0,0,1,0.5,77.0,41.0,5.0,7.0,0.2712,0.2712,100.0,100.0
WARANGAL,NEKKONDA,0926017,Nagaram,Paddy,,1,0,1,0,0,0,0,0,,72.0,80.0,4.0,21.0,0.0843,0.0843,,0.0
WARANGAL,NEKKONDA,0926017,Nagaram,Paddy,Healthy,1,1,0,1,0,0,0,0,0.0,74.0,98.0,5.0,25.0,0.0318,0.0318,0.0,100.0
WARANGAL,NEKKONDA,0926F01,FOREST,Chillies,,1,0,1,0,0,0,0,0,,90.0,49.0,5.0,6.0,0.0249,0.0249,,0.0
WARANGAL,NEKKONDA,0926F01,FOREST,Chillies,Healthy,2,2,0,2,0,0,0,0,0.0,69.0,50.0,3.5,7.0,0.3419,0.6838,0.0,100.0
WARANGAL,NEKKONDA,0926F01,FOREST,Chillies,Pests,1,1,0,0,0,0,1,1,0.9,75.0,44.0,3.0,10.0,0.3613,0.3613,100.0,100.0
WARANGAL,NELLIKUDUR,0919001,Mecharajpalle,Paddy,Healthy,1,1,0,1,0,0,0,0,0.0,97.0,93.0,4.0,22.0,0.0953,0.0953,0.0,100.0
WARANGAL,NELLIKUDUR,0919002,Yerrabelligudem,Chillies,Diseased,1,1,0,0,0,1,0,1,0.8,92.0,50.0,3.0,8.0,0.118,0.118,100.0,100.0
WARANGAL,NELLIKUDUR,0919002,Yerrabelligudem,Paddy,Healthy,3,3,0,3,0,0,0,0,0.0,73.0,90.0,5.0,21.3333,0.0903,0.2709,0.0,100.0
WARANGAL,NELLIKUDUR,0919004,Kachikal,Chillies,Healthy,1,1,0,1,0,0,0,0,0.0,71.0,55.0,2.0,5.0,0.6915,0.6915,0.0,100.0
WARANGAL,NELLIKUDUR,0919005,Chinnanagaram,Paddy,Healthy,1,1,0,1,0,0,0,0,0.0,74.0,90.0,6.0,22.0,2.818,2.818,0.0,100.0
WARANGAL,NELLIKUDUR,0919005,Chinnanagaram,Paddy,Stressed,1,1,0,0,1,0,0,1,0.5,50.0,89.0,4.0,21.0,1.568,1.568,100.0,100.0
WARANGAL,NELLIKUDUR,0919006,Rajulakothapalle,Cotton,Healthy,2,2,0,2,0,0,0,0,0.0,86.0,44.0,4.5,13.5,0.2927,0.5854,0.0,100.0
WARANGAL,NELLIKUDUR,0919006,Rajulakothapalle,Paddy,Healthy,1,1,0,1,0,0,0,0,0.0,74.0,86.0,6.0,25.0,2.4324,2.4324,0.0,100.0
WARANGAL,NELLIKUDUR,0919007,Chinnamupparam,Chillies,,4,0,4,0,0,0,0,0,,74.0,49.5,4.0,7.25,0.1997,0.7987,,0.0
WARANGAL,NELLIKUDUR,0919007,Chinnamupparam,Chillies,Healthy,1,1,0,1,0,0,0,0,0.0,84.0,41.0,4.0,8.0,0.4416,0.4416,0.0,100.0
WARANGAL,NELLIKUDUR,0919007,Chinnamupparam,Paddy,,5,0,5,0,0,0,0,0,,69.8,95.0,4.6,22.2,0.0846,0.423,,0.0
WARANGAL,NELLIKUDUR,0919007,Chinnamupparam,Paddy,Healthy,3,3,0,3,0,0,0,0,0.0,73.3333,91.3333,3.3333,22.6667,0.0793,0.2378,0.0,100.0
WARANGAL,NELLIKUDUR,0919008,Aleru,Chillies,Healthy,1,1,0,1,0,0,0,0,0.0,96.0,46.0,4.0,6.0,0.0531,0.0531,0.0,100.0
WARANGAL,NELLIKUDUR,0919008,Aleru,Chillies,Stressed,1,1,0,0,1,0,0,1,0.5,94.0,40.0,5.0,8.0,0.0787,0.0787,100.0,100.0
WARANGAL,NELLIKUDUR,0919008,Aleru,Paddy,Healthy,1,1,0,1,0,0,0,0,0.0,81.0,98.0,5.0,25.0,0.0886,0.0886,0.0,100.0
WARANGAL,NELLIKUDUR,0919009,Vavilala,Paddy,Healthy,9,9,0,9,0,0,0,0,0.0,71.3333,89.1111,4.6667,22.3333,0.0613,0.5515,0.0,100.0
WARANGAL,NELLIKUDUR,0919011,Sriramgiri,Chillies,Healthy,4,4,0,4,0,0,0,0,0.0,75.0,52.5,4.0,7.0,0.201,0.8038,0.0,100.0
WARANGAL,NELLIKUDUR,0919011,Sriramgiri,Chillies,Stressed,1,1,0,0,1,0,0,1,0.5,85.0,45.0,4.0,10.0,0.1335,0.1335,100.0,100.0
WARANGAL,NELLIKUDUR,0919013,Nainala,Chillies,Healthy,2,2,0,2,0,0,0,0,0.0,74.0,47.5,3.0,7.5,0.1469,0.2938,0.0,100.0
WARANGAL,NELLIKUDUR,0919013,Nainala,Paddy,Healthy,1,1,0,1,0,0,0,0,0.0,93.0,83.0,5.0,23.0,0.3945,0.3945,0.0,100.0
WARANGAL,NELLIKUDUR,0919014,Nellikudur,Chillies,Healthy,7,7,0,7,0,0,0,0,0.0,84.1429,47.2857,3.0,9.0,0.2364,1.655,0.0,100.0
WARANGAL,NELLIKUDUR,0919014,Nellikudur,Chillies,Pests,1,1,0,0,0,0,1,1,0.9,62.0,54.0,4.0,7.0,0.1547,0.1547,100.0,100.0
WARANGAL,NELLIKUDUR,0919014,Nellikudur,Cotton,Healthy,1,1,0,1,0,0,0,0,0.0,98.0,42.0,4.0,18.0,1.1342,1.1342,0.0,100.0
WARANGAL,NELLIKUDUR,0919014,Nellikudur,Maize,Stressed,1,1,0,0,1,0,0,1,0.5,108.0,40.0,3.0,30.0,0.0173,0.0173,100.0,100.0
WARANGAL,NELLIKUDUR,0919014,Nellikudur,Paddy,Stressed,1,1,0,0,1,0,0,1,0.5,75.0,92.0,4.0,21.0,0.6303,0.6303,100.0,100.0
WARANGAL,NELLIKUDUR,0919015,Brahmanakothapalle,Chillies,Diseased,1,1,0,0,0,1,0,1,0.8,54.0,53.0,2.0,9.0,0.3047,0.3047,100.0,100.0
WARANGAL,NELLIKUDUR,0919015,Brahmanakothapalle,Chillies,Healthy,2,2,0,2,0,0,0,0,0.0,90.5,53.0,3.0,9.0,0.0933,0.1866,0.0,100.0
WARANGAL,NELLIKUDUR,0919015,Brahmanakothapalle,Chillies,Stressed,1,1,0,0,1,0,0,1,0.5,67.0,50.0,3.0,6.0,0.0428,0.0428,100.0,100.0
WARANGAL,NELLIKUDUR,0919016,Bodlada,Chillies,Healthy,1,1,0,1,0,0,0,0,0.0,84.0,45.0,5.0,5.0,0.4583,0.4583,0.0,100.0
WARANGAL,NELLIKUDUR,0919018,Munugalvedu,Chillies,,2,0,2,0,0,0,0,0,,85.0,46.5,4.5,6.5,0.1262,0.2525,,0.0
WARANGAL,NELLIKUDUR,0919018,Munugalvedu,Chillies,Healthy,1,1,0,1,0,0,0,0,0.0,62.0,57.0,4.0,9.0,0.0902,0.0902,0.0,100.0
WARANGAL,NELLIKUDUR,0919F01,FOREST,Chillies,Diseased,1,1,0,0,0,1,0,1,0.8,63.0,41.0,3.0,6.0,0.0675,0.0675,100.0,100.0
WARANGAL,NELLIKUDUR,0919F01,FOREST,Chillies,Healthy,1,1,0,1,0,0,0,0,0.0,60.0,53.0,4.0,9.0,0.1001,0.1001,0.0,100.0
WARANGAL,PARVATHAGIRI,0932013,Burugamadla,Maize,,1,0,1,0,0,0,0,0,,179.0,50.0,2.0,29.0,0.0542,0.0542,,0.0
WARANGAL,PARVATHAGIRI,0932013,Burugamadla,Paddy,Healthy,1,1,0,1,0,0,0,0,0.0,82.0,94.0,5.0,23.0,0.0902,0.0902,0.0,100.0
WARANGAL,THORRUR,0918001,Zamisthanpur,Maize,Healthy,4,4,0,4,0,0,0,0,0.0,146.0,50.5,3.75,28.0,0.6796,2.7184,0.0,100.0
WARANGAL,THORRUR,0918001,Zamisthanpur,Maize,Pests,1,1,0,0,0,0,1,1,0.9,233.0,41.0,2.0,28.0,0.3311,0.3311,100.0,100.0
WARANGAL,THORRUR,0918003,Gurthur,Paddy,Healthy,1,1,0,1,0,0,0,0,0.0,81.0,83.0,6.0,23.0,0.0176,0.0176,0.0,100.0
WARANGAL,THORRUR,0918006,Kommanapalle,Maize,Diseased,1,1,0,0,0,1,0,1,0.8,193.0,55.0,5.0,27.0,0.103,0.103,100.0,100.0
WARANGAL,THORRUR,0918006,Kommanapalle,Maize,Healthy,5,5,0,5,0,0,0,0,0.0,187.0,52.2,4.4,28.2,0.0744,0.3721,0.0,100.0
WARANGAL,THORRUR,0918007,Velikatte,Maize,Diseased,1,1,0,0,0,1,0,1,0.8,216.0,41.0,4.0,27.0,0.1222,0.1222,100.0,100.0
WARANGAL,THORRUR,0918007,Velikatte,Maize,Healthy,14,14,0,14,0,0,0,0,0.0,178.8571,53.9286,3.7857,27.4286,0.0777,1.0877,0.0,100.0
WARANGAL,THORRUR,0918007,Velikatte,Maize,Pests,2,2,0,0,0,0,2,2,0.9,139.5,49.5,2.5,28.0,0.0548,0.1096,100.0,100.0
WARANGAL,THORRUR,0918007,Velikatte,Paddy,Healthy,1,1,0,1,0,0,0,0,0.0,86.0,80.0,5.0,21.0,0.036,0.036,0.0,100.0
WARANGAL,THORRUR,0918008,Nancharimadur,Cotton,Healthy,1,1,0,1,0,0,0,0,0.0,70.0,57.0,3.0,20.0,0.7191,0.7191,0.0,100.0
WARANGAL,THORRUR,0918008,Nancharimadur,Maize,Healthy,4,4,0,4,0,0,0,0,0.0,188.5,52.0,4.75,27.75,0.0646,0.2586,0.0,100.0
WARANGAL,THORRUR,0918009,Chinnavangara,Maize,Healthy,12,12,0,12,0,0,0,0,0.0,195.1667,50.8333,3.8333,27.5,0.057,0.6844,0.0,100.0
WARANGAL,THORRUR,0918010,Venkatapur,Maize,Healthy,1,1,0,1,0,0,0,0,0.0,208.0,57.0,5.0,29.0,0.0692,0.0692,0.0,100.0
WARANGAL,THORRUR,0918010,Venkatapur,Maize,Pests,1,1,0,0,0,0,1,1,0.9,135.0,57.0,5.0,30.0,0.0555,0.0555,100.0,100.0
WARANGAL,THORRUR,0918011,Thorrur,Cotton,Healthy,1,1,0,1,0,0,0,0,0.0,82.0,41.0,2.0,19.0,0.5059,0.5059,0.0,100.0
WARANGAL,THORRUR,0918011,Thorrur,Maize,Healthy,3,3,0,3,0,0,0,0,0.0,155.0,51.3333,4.0,26.6667,0.1723,0.5169,0.0,100.0
WARANGAL,THORRUR,0918012,Chinthalapalle,Maize,Healthy,9,9,0,9,0,0,0,0,0.0,160.2222,52.0,4.0,27.2222,0.0913,0.8219,0.0,100.0
WARANGAL,THORRUR,0918014,Madipalle,Chillies,Healthy,4,4,0,4,0,0,0,0,0.0,75.75,49.75,3.75,7.0,0.3339,1.3357,0.0,100.0
WARANGAL,THORRUR,0918015,Polepalle,Chillies,Healthy,2,2,0,2,0,0,0,0,0.0,52.0,43.0,4.0,8.0,0.1987,0.3974,0.0,100.0
WARANGAL,THORRUR,0918015,Polepalle,Chillies,Stressed,1,1,0,0,1,0,0,1,0.5,93.0,51.0,2.0,5.0,0.1501,0.1501,100.0,100.0
WARANGAL,THORRUR,0918016,Fathepur,Chillies,Diseased,1,1,0,0,0,1,0,1,0.8,72.0,50.0,2.0,6.0,0.0305,0.0305,100.0,100.0
WARANGAL,THORRUR,0918016,Fathepur,Chillies,Healthy,4,4,0,4,0,0,0,0,0.0,71.5,49.25,3.5,8.25,0.0485,0.1942,0.0,100.0
WARANGAL,THORRUR,0918017,Gopalagiri,Maize,Healthy,1,1,0,1,0,0,0,0,0.0,202.0,58.0,5.0,26.0,0.0985,0.0985,0.0,100.0
WARANGAL,THORRUR,0918018,Haripriyal,Maize,Healthy,3,3,0,3,0,0,0,0,0.0,136.0,48.6667,3.3333,28.3333,0.1019,0.3057,0.0,100.0
WARANGAL,THORRUR,0918018,Haripriyal,Maize,Pests,1,1,0,0,0,0,1,1,0.9,106.0,42.0,5.0,28.0,0.1769,0.1769,100.0,100.0
WARANGAL,THORRUR,0918018,Haripriyal,Maize,Stressed,1,1,0,0,1,0,0,1,0.5,175.0,59.0,5.0,29.0,0.1249,0.1249,100.0,100.0
WARANGAL,THORRUR,0918019,Chityal,Maize,Healthy,4,4,0,4,0,0,0,0,0.0,171.75,49.0,4.25,27.75,0.055,0.2201,0.0,100.0
WARANGAL,THORRUR,0918019,Chityal,Maize,Stressed,1,1,0,0,1,0,0,1,0.5,122.0,54.0,2.0,30.0,0.0325,0.0325,100.0,100.0
WARANGAL,THORRUR,0918024,Matedu,Chillies,Healthy,2,2,0,2,0,0,0,0,0.0,73.0,48.0,3.0,9.5,0.3704,0.7407,0.0,100.0
