admin_old_district_code,admin_old_district_name,admin_old_block_mandal_code,admin_old_block_mandal_name,admin_village_code,admin_village_name,sample_farms,labelled_farms,unknown_health_farms,healthy_farms,stressed_farms,diseased_farms,pest_farms,unhealthy_farms,avg_health_risk_score,avg_crop_height,avg_water_coverage,avg_irrigation_count,avg_expected_yield,avg_field_area_ha,total_sample_area_ha,unhealthy_pct_of_labelled,label_coverage_pct,primary_sample_crop,primary_crop_sample_farms,dominant_health_status,dominant_status_labelled_farms,dashboard_risk_class
1,ADILABAD,101,TALAMADUGU,0101021,Devapur,1,1,0,1,0,0,0,0,0.0,91.0,47.0,6.0,10.0,0.8325,0.8325,0.0,100.0,Cotton,1,Healthy,1,Low
1,ADILABAD,101,TALAMADUGU,0101022,Pangadpipri,11,3,8,3,0,0,0,0,0.0,81.0,44.0909,3.0909,13.3636,1.0589,11.6481,0.0,27.27,Cotton,7,Healthy,3,Low
1,ADILABAD,101,TALAMADUGU,0101023,Lachampur,2,1,1,1,0,0,0,0,0.0,99.0,55.0,2.5,11.5,0.5023,1.0047,0.0,50.0,Cotton,2,Healthy,1,Low
1,ADILABAD,102,TAMSI,0102001,Karanji (T),1,1,0,1,0,0,0,0,0.0,63.0,59.0,5.0,14.0,2.2928,2.2928,0.0,100.0,Cotton,1,Healthy,1,Low
1,ADILABAD,102,TAMSI,0102002,Guledi,1,1,0,1,0,0,0,0,0.0,72.0,50.0,3.0,10.0,0.8821,0.8821,0.0,100.0,Cotton,1,Healthy,1,Low
1,ADILABAD,102,TAMSI,0102003,Gomutri,1,1,0,1,0,0,0,0,0.0,77.0,43.0,4.0,12.0,0.5254,0.5254,0.0,100.0,Cotton,1,Healthy,1,Low
1,ADILABAD,102,TAMSI,0102004,Antargaon,1,1,0,1,0,0,0,0,0.0,104.0,52.0,3.0,12.0,0.5765,0.5765,0.0,100.0,Cotton,1,Healthy,1,Low
1,ADILABAD,102,TAMSI,0102005,Arli (T),2,2,0,2,0,0,0,0,0.0,109.0,55.0,5.5,12.0,0.6012,1.2024,0.0,100.0,Cotton,2,Healthy,2,Low
1,ADILABAD,102,TAMSI,0102008,Gollaghat,1,1,0,1,0,0,0,0,0.0,71.0,52.0,6.0,12.0,0.7552,0.7552,0.0,100.0,Cotton,1,Healthy,1,Low
1,ADILABAD,102,TAMSI,0102016,Belsari Rampur,2,2,0,0,0,1,1,2,0.85,67.5,53.5,6.0,14.0,0.9983,1.9966,100.0,100.0,Cotton,2,Diseased,1,Very High
1,ADILABAD,102,TAMSI,0102017,Anderband,1,1,0,1,0,0,0,0,0.0,86.0,58.0,5.0,14.0,0.8796,0.8796,0.0,100.0,Cotton,1,Healthy,1,Low
1,ADILABAD,102,TAMSI,0102018,Wadgaon,1,1,0,1,0,0,0,0,0.0,92.0,51.0,6.0,15.0,2.8724,2.8724,0.0,100.0,Cotton,1,Healthy,1,Low
1,ADILABAD,102,TAMSI,0102020,Pippalkhoti,2,2,0,2,0,0,0,0,0.0,72.0,57.5,5.0,12.0,1.3546,2.7091,0.0,100.0,Cotton,2,Healthy,2,Low
1,ADILABAD,102,TAMSI,0102024,Jamdi,1,1,0,1,0,0,0,0,0.0,50.0,25.0,2.0,12.0,0.9626,0.9626,0.0,100.0,Bengal Gram,1,Healthy,1,Low
1,ADILABAD,102,TAMSI,0102026,Girgaon,5,5,0,5,0,0,0,0,0.0,92.0,45.8,4.4,12.8,0.4865,2.4323,0.0,100.0,Cotton,5,Healthy,5,Low
1,ADILABAD,102,TAMSI,0102027,Ambugaon,1,1,0,0,1,0,0,1,0.5,106.0,43.0,4.0,11.0,0.41,0.41,100.0,100.0,Cotton,1,Stressed,1,High
1,ADILABAD,102,TAMSI,0102031,Ponnari,5,5,0,4,1,0,0,1,0.1,78.2,52.0,3.8,14.2,0.3733,1.8666,20.0,100.0,Cotton,5,Healthy,4,Low
1,ADILABAD,103,ADILABAD,0103001,Dimma,1,1,0,1,0,0,0,0,0.0,40.0,25.0,1.0,11.0,0.5296,0.5296,0.0,100.0,Bengal Gram,1,Healthy,1,Low
1,ADILABAD,103,ADILABAD,0103002,Pochara,2,2,0,2,0,0,0,0,0.0,94.5,49.0,4.0,17.5,0.523,1.046,0.0,100.0,Cotton,2,Healthy,2,Low
1,ADILABAD,103,ADILABAD,0103005,Chanda,4,4,0,4,0,0,0,0,0.0,82.75,49.0,5.0,14.25,0.5947,2.3787,0.0,100.0,Cotton,4,Healthy,4,Low
1,ADILABAD,103,ADILABAD,0103007,Landasangvi,3,3,0,2,1,0,0,1,0.1667,89.6667,44.0,4.3333,13.0,1.1318,3.3955,33.33333333333333,100.0,Cotton,3,Healthy,2,Low
1,ADILABAD,103,ADILABAD,0103008,Arli (Buzurg),3,3,0,3,0,0,0,0,0.0,79.6667,49.0,3.6667,13.0,0.856,2.5681,0.0,100.0,Cotton,3,Healthy,3,Low
1,ADILABAD,103,ADILABAD,0103011,Bheemseri,2,2,0,2,0,0,0,0,0.0,97.0,51.0,4.0,16.0,0.7113,1.4225,0.0,100.0,Cotton,2,Healthy,2,Low
1,ADILABAD,103,ADILABAD,0103012,Rampoor (Royati),1,1,0,1,0,0,0,0,0.0,82.0,41.0,5.0,14.0,1.1231,1.1231,0.0,100.0,Cotton,1,Healthy,1,Low
1,ADILABAD,103,ADILABAD,0103013,Tarada  (Srimath),3,3,0,2,1,0,0,1,0.1667,45.3333,29.0,2.3333,13.3333,0.5959,1.7876,33.33333333333333,100.0,Bengal Gram,2,Healthy,2,Low
1,ADILABAD,103,ADILABAD,0103015,Battisawargaon,4,4,0,4,0,0,0,0,0.0,85.5,49.0,4.75,13.75,0.6126,2.4506,0.0,100.0,Cotton,4,Healthy,4,Low
1,ADILABAD,103,ADILABAD,0103018,Anukunta,3,3,0,0,1,1,1,3,0.7333,104.3333,43.3333,3.0,11.3333,1.2338,3.7013,100.0,100.0,Red Gram,2,Diseased,1,Very High
1,ADILABAD,103,ADILABAD,0103020,Kumbhajheri,4,1,3,1,0,0,0,0,0.0,85.0,49.0,3.25,13.25,0.7313,2.9253,0.0,25.0,Cotton,4,Healthy,1,Low
1,ADILABAD,103,ADILABAD,0103023,Kachkanti,2,1,1,1,0,0,0,0,0.0,59.5,38.5,4.0,11.5,0.4278,0.8557,0.0,50.0,Cotton,1,Healthy,1,Low
1,ADILABAD,103,ADILABAD,0103024,Tontoli,2,2,0,2,0,0,0,0,0.0,89.5,39.5,3.0,12.0,0.9632,1.9265,0.0,100.0,Cotton,1,Healthy,2,Low
1,ADILABAD,103,ADILABAD,0103025,Mavala,2,2,0,2,0,0,0,0,0.0,86.0,50.0,2.5,17.5,1.0977,2.1953,0.0,100.0,Cotton,2,Healthy,2,Low
1,ADILABAD,103,ADILABAD,0103026,Ankoli,3,3,0,3,0,0,0,0,0.0,70.0,61.3333,2.3333,14.3333,1.3763,4.1288,0.0,100.0,Red Gram,2,Healthy,3,Low
1,ADILABAD,103,ADILABAD,0103027,Maleborgaon,1,1,0,0,0,0,1,1,0.9,103.0,43.0,5.0,10.0,0.4037,0.4037,100.0,100.0,Cotton,1,Pests,1,Very High
1,ADILABAD,103,ADILABAD,0103030,Ankapoor,3,3,0,2,1,0,0,1,0.1667,86.3333,34.6667,2.3333,11.0,0.4234,1.2702,33.33333333333333,100.0,Red Gram,3,Healthy,2,Low
1,ADILABAD,103,ADILABAD,0103032,Lokari,1,1,0,0,1,0,0,1,0.5,80.0,43.0,4.0,13.0,0.3916,0.3916,100.0,100.0,Cotton,1,Stressed,1,High
1,ADILABAD,103,ADILABAD,0103033,Kottur (Nevegaon),1,1,0,1,0,0,0,0,0.0,73.0,55.0,5.0,15.0,1.4906,1.4906,0.0,100.0,Cotton,1,Healthy,1,Low
1,ADILABAD,103,ADILABAD,0103034,Borenur,1,1,0,1,0,0,0,0,0.0,114.0,60.0,6.0,15.0,1.0135,1.0135,0.0,100.0,Cotton,1,Healthy,1,Low
1,ADILABAD,103,ADILABAD,0103037,Belluri,1,1,0,1,0,0,0,0,0.0,83.0,46.0,5.0,11.0,1.2606,1.2606,0.0,100.0,Cotton,1,Healthy,1,Low
1,ADILABAD,103,ADILABAD,0103039,Khandala,1,1,0,1,0,0,0,0,0.0,101.0,55.0,5.0,15.0,0.3447,0.3447,0.0,100.0,Cotton,1,Healthy,1,Low
1,ADILABAD,103,ADILABAD,0103F01,FOREST,3,3,0,2,0,1,0,1,0.2667,86.6667,51.0,4.3333,14.6667,0.9629,2.8886,33.33333333333333,100.0,Cotton,3,Healthy,2,Moderate
1,ADILABAD,103,ADILABAD,0103F02,FOREST,4,4,0,3,0,1,0,1,0.2,75.25,45.75,3.5,11.25,0.65,2.5999,25.0,100.0,Cotton,2,Healthy,3,Low
1,ADILABAD,104,JAINAD,0104001,Hathighat,1,1,0,1,0,0,0,0,0.0,67.0,42.0,4.0,14.0,2.1937,2.1937,0.0,100.0,Cotton,1,Healthy,1,Low
1,ADILABAD,104,JAINAD,0104002,Korta,1,1,0,1,0,0,0,0,0.0,103.0,46.0,3.0,12.0,0.7682,0.7682,0.0,100.0,Cotton,1,Healthy,1,Low
1,ADILABAD,104,JAINAD,0104003,Gimma (Buzurg),1,1,0,1,0,0,0,0,0.0,118.0,41.0,3.0,14.0,1.2899,1.2899,0.0,100.0,Cotton,1,Healthy,1,Low
1,ADILABAD,104,JAINAD,0104005,Akoli,1,1,0,1,0,0,0,0,0.0,67.0,40.0,3.0,14.0,0.8613,0.8613,0.0,100.0,Cotton,1,Healthy,1,Low
1,ADILABAD,104,JAINAD,0104006,Kamai,1,1,0,1,0,0,0,0,0.0,67.0,48.0,5.0,10.0,1.3444,1.3444,0.0,100.0,Cotton,1,Healthy,1,Low
1,ADILABAD,104,JAINAD,0104007,Dollara,5,5,0,4,0,1,0,1,0.16,188.8,50.4,3.8,20.2,0.4239,2.1193,20.0,100.0,Maize,4,Healthy,4,Low
1,ADILABAD,104,JAINAD,0104008,Moudagada,1,1,0,1,0,0,0,0,0.0,61.0,53.0,2.0,13.0,1.5527,1.5527,0.0,100.0,Cotton,1,Healthy,1,Low
1,ADILABAD,104,JAINAD,0104009,Pendalwada,3,3,0,2,1,0,0,1,0.1667,123.0,48.0,3.3333,20.6667,0.6646,1.9939,33.33333333333333,100.0,Maize,2,Healthy,2,Low
1,ADILABAD,104,JAINAD,0104010,Karanwadi,2,2,0,2,0,0,0,0,0.0,70.5,38.5,2.5,10.5,1.1971,2.3942,0.0,100.0,Bengal Gram,1,Healthy,2,Low
1,ADILABAD,104,JAINAD,0104011,Sangvi (K),5,5,0,4,0,0,1,1,0.18,41.8,36.4,2.6,10.6,0.8405,4.2023,20.0,100.0,Bengal Gram,4,Healthy,4,Low
1,ADILABAD,104,JAINAD,0104012,Kowtha,1,1,0,1,0,0,0,0,0.0,101.0,57.0,4.0,14.0,1.5531,1.5531,0.0,100.0,Cotton,1,Healthy,1,Low
1,ADILABAD,104,JAINAD,0104013,Bahadurpur,3,3,0,2,1,0,0,1,0.1667,32.0,31.0,2.0,9.0,0.2839,0.8518,33.33333333333333,100.0,Bengal Gram,3,Healthy,2,Low
1,ADILABAD,104,JAINAD,0104014,Hariyali,1,1,0,1,0,0,0,0,0.0,100.0,49.0,3.0,15.0,0.6397,0.6397,0.0,100.0,Cotton,1,Healthy,1,Low
1,ADILABAD,104,JAINAD,0104015,Kodekotha,2,2,0,1,0,0,1,1,0.45,86.5,38.0,3.0,16.5,0.2939,0.5879,50.0,100.0,Bengal Gram,1,Healthy,1,Moderate
1,ADILABAD,104,JAINAD,0104017,Kura,3,3,0,3,0,0,0,0,0.0,39.3333,28.0,1.6667,11.0,0.8744,2.6231,0.0,100.0,Bengal Gram,3,Healthy,3,Low
1,ADILABAD,104,JAINAD,0104018,Kuthompur,7,7,0,6,1,0,0,1,0.0714,54.8571,35.7143,2.4286,11.2857,0.4169,2.9185,14.285714285714285,100.0,Bengal Gram,6,Healthy,6,Low
1,ADILABAD,104,JAINAD,0104019,Deepaiguda,12,12,0,10,1,1,0,2,0.1083,39.3333,26.75,2.0833,10.9167,0.6904,8.2852,16.666666666666664,100.0,Bengal Gram,12,Healthy,10,Low
1,ADILABAD,104,JAINAD,0104020,Akurla,6,6,0,6,0,0,0,0,0.0,52.1667,31.3333,2.0,10.8333,0.6571,3.9428,0.0,100.0,Bengal Gram,5,Healthy,6,Low
1,ADILABAD,104,JAINAD,0104021,Lekarwadi,7,7,0,7,0,0,0,0,0.0,81.8571,43.1429,3.1429,12.5714,0.5907,4.1352,0.0,100.0,Cotton,5,Healthy,7,Low
1,ADILABAD,104,JAINAD,0104022,Dadapoor,7,7,0,6,1,0,0,1,0.0714,92.1429,51.2857,4.0,14.1429,0.6984,4.8887,14.285714285714285,100.0,Cotton,7,Healthy,6,Low
1,ADILABAD,104,JAINAD,0104023,Sekapoor,2,2,0,2,0,0,0,0,0.0,91.5,55.5,3.0,16.5,1.176,2.3521,0.0,100.0,Cotton,2,Healthy,2,Low
1,ADILABAD,104,JAINAD,0104024,Pipparwada,1,1,0,1,0,0,0,0,0.0,112.0,53.0,5.0,18.0,1.0215,1.0215,0.0,100.0,Cotton,1,Healthy,1,Low
1,ADILABAD,104,JAINAD,0104025,Gimma (Khurd),5,5,0,4,0,1,0,1,0.16,102.4,52.2,3.2,17.2,1.089,5.4448,20.0,100.0,Cotton,5,Healthy,4,Low
1,ADILABAD,104,JAINAD,0104026,Rampurtaraf,2,2,0,1,1,0,0,1,0.25,73.5,47.5,3.0,11.5,0.8575,1.7151,50.0,100.0,Cotton,2,Healthy,1,Moderate
1,ADILABAD,104,JAINAD,0104028,Sirsonna,2,2,0,2,0,0,0,0,0.0,78.5,50.0,4.5,16.5,0.7086,1.4172,0.0,100.0,Cotton,2,Healthy,2,Low
1,ADILABAD,104,JAINAD,0104030,Poosai,1,1,0,1,0,0,0,0,0.0,80.0,51.0,3.0,10.0,0.511,0.511,0.0,100.0,Cotton,1,Healthy,1,Low
1,ADILABAD,104,JAINAD,0104031,Hashampur,8,8,0,5,2,0,1,3,0.2375,96.375,48.375,3.5,14.625,0.6699,5.3591,37.5,100.0,Cotton,8,Healthy,5,Moderate
1,ADILABAD,104,JAINAD,0104034,Tarada (Buzurg),3,3,0,3,0,0,0,0,0.0,98.3333,48.6667,3.6667,16.6667,0.7776,2.3329,0.0,100.0,Cotton,3,Healthy,3,Low
1,ADILABAD,104,JAINAD,0104035,Fouzpur,2,2,0,2,0,0,0,0,0.0,106.5,53.5,2.5,15.5,2.905,5.81,0.0,100.0,Cotton,2,Healthy,2,Low
1,ADILABAD,104,JAINAD,0104036,Bhoraj,1,1,0,1,0,0,0,0,0.0,98.0,59.0,4.0,18.0,0.7118,0.7118,0.0,100.0,Cotton,1,Healthy,1,Low
1,ADILABAD,104,JAINAD,0104037,Ballori,7,7,0,5,1,0,1,2,0.2,40.8571,33.1429,1.4286,11.1429,0.9023,6.3158,28.57142857142857,100.0,Bengal Gram,7,Healthy,5,Low
1,ADILABAD,104,JAINAD,0104038,Nizampur,1,1,0,1,0,0,0,0,0.0,91.0,55.0,5.0,10.0,1.3183,1.3183,0.0,100.0,Cotton,1,Healthy,1,Low
1,ADILABAD,104,JAINAD,0104040,Nirala,8,8,0,7,1,0,0,1,0.0625,41.125,29.875,1.875,9.5,0.489,3.9121,12.5,100.0,Bengal Gram,8,Healthy,7,Low
1,ADILABAD,104,JAINAD,0104043,Jainad,11,11,0,8,0,0,3,3,0.2455,41.0,29.7273,2.0909,9.5455,1.014,11.154,27.27272727272727,100.0,Bengal Gram,11,Healthy,8,Moderate
1,ADILABAD,104,JAINAD,0104044,Khapri,2,2,0,1,0,0,1,1,0.45,135.0,47.0,3.5,21.5,0.3631,0.7262,50.0,100.0,Maize,2,Healthy,1,Moderate
1,ADILABAD,104,JAINAD,0104045,Umri,2,2,0,1,1,0,0,1,0.25,206.5,54.0,3.0,22.5,0.2753,0.5506,50.0,100.0,Maize,2,Healthy,1,Moderate
1,ADILABAD,104,JAINAD,0104048,Laxmipur (Uligan),13,13,0,9,1,1,2,4,0.2385,58.6923,34.5385,2.5385,12.2308,0.836,10.8678,30.76923076923077,100.0,Bengal Gram,8,Healthy,9,Moderate
1,ADILABAD,104,JAINAD,0104049,Pippalgaon,10,10,0,7,1,1,1,3,0.22,43.5,29.5,2.5,10.5,0.7417,7.4166,30.0,100.0,Bengal Gram,9,Healthy,7,Moderate
1,ADILABAD,104,JAINAD,0104050,Kamtha,2,2,0,1,0,1,0,1,0.4,64.0,44.0,3.0,13.5,1.0075,2.0149,50.0,100.0,Bengal Gram,1,Diseased,1,Moderate
1,ADILABAD,104,JAINAD,0104053,Kanpa (Mediguda),6,1,5,1,0,0,0,0,0.0,79.0,47.3333,3.1667,15.0,0.6856,4.1133,0.0,16.67,Cotton,5,Healthy,1,Low
1,ADILABAD,105,BELA,0105001,Awalpur,8,8,0,7,1,0,0,1,0.0625,46.5,28.75,2.375,9.75,0.6012,4.8093,12.5,100.0,Bengal Gram,7,Healthy,7,Low
1,ADILABAD,105,BELA,0105002,Narayanpur,1,1,0,1,0,0,0,0,0.0,205.0,55.0,4.0,21.0,0.0802,0.0802,0.0,100.0,Maize,1,Healthy,1,Low
1,ADILABAD,105,BELA,0105003,Sangdi,5,5,0,2,1,1,1,3,0.44,78.0,39.8,3.2,12.2,0.648,3.2399,60.0,100.0,Cotton,3,Healthy,2,Moderate
1,ADILABAD,105,BELA,0105004,Bhedoda,3,3,0,3,0,0,0,0,0.0,38.3333,36.0,2.0,9.0,0.7432,2.2296,0.0,100.0,Bengal Gram,3,Healthy,3,Low
1,ADILABAD,105,BELA,0105007,Khagdur,5,5,0,5,0,0,0,0,0.0,126.6,50.6,3.2,18.0,0.449,2.2452,0.0,100.0,Cotton,3,Healthy,5,Low
1,ADILABAD,105,BELA,0105012,Dehegaon,3,3,0,3,0,0,0,0,0.0,69.0,40.6667,3.0,15.3333,0.6786,2.0359,0.0,100.0,Cotton,2,Healthy,3,Low
1,ADILABAD,105,BELA,0105013,Guda,4,4,0,4,0,0,0,0,0.0,41.0,30.25,2.5,9.75,0.3984,1.5935,0.0,100.0,Bengal Gram,4,Healthy,4,Low
1,ADILABAD,105,BELA,0105017,Bela,1,1,0,0,1,0,0,1,0.5,95.0,54.0,5.0,11.0,0.6154,0.6154,100.0,100.0,Cotton,1,Stressed,1,High
1,ADILABAD,105,BELA,0105018,Dhoptala,3,3,0,3,0,0,0,0,0.0,87.6667,50.3333,2.3333,15.6667,1.635,4.9051,0.0,100.0,Cotton,3,Healthy,3,Low
1,ADILABAD,105,BELA,0105020,Singapur,3,3,0,3,0,0,0,0,0.0,41.3333,26.6667,1.3333,9.6667,0.9488,2.8463,0.0,100.0,Bengal Gram,3,Healthy,3,Low
1,ADILABAD,105,BELA,0105021,Bhadi,5,5,0,4,0,1,0,1,0.16,83.8,46.8,3.4,15.2,0.5784,2.8922,20.0,100.0,Cotton,4,Healthy,4,Low
1,ADILABAD,105,BELA,0105023,Masala (Buzurg),2,2,0,2,0,0,0,0,0.0,71.5,46.5,3.0,12.5,0.8259,1.6518,0.0,100.0,Bengal Gram,1,Healthy,2,Low
1,ADILABAD,105,BELA,0105024,Ekori,2,2,0,2,0,0,0,0,0.0,113.5,58.0,4.5,14.0,1.3153,2.6306,0.0,100.0,Cotton,2,Healthy,2,Low
1,ADILABAD,105,BELA,0105026,Junoni,5,5,0,4,0,1,0,1,0.16,58.2,30.8,2.2,11.6,0.6142,3.0708,20.0,100.0,Bengal Gram,3,Healthy,4,Low
1,ADILABAD,105,BELA,0105028,Patan,4,4,0,4,0,0,0,0,0.0,100.5,53.5,4.75,16.25,0.5824,2.3297,0.0,100.0,Cotton,4,Healthy,4,Low
1,ADILABAD,105,BELA,0105029,Ramkam,3,3,0,2,0,0,1,1,0.3,99.0,50.0,3.6667,17.0,1.1492,3.4475,33.33333333333333,100.0,Cotton,3,Healthy,2,Moderate
1,ADILABAD,105,BELA,0105030,Ponnala,1,1,0,1,0,0,0,0,0.0,70.0,52.0,3.0,19.0,0.1968,0.1968,0.0,100.0,Cotton,1,Healthy,1,Low
1,ADILABAD,105,BELA,0105031,Chandpalle,8,8,0,7,0,1,0,1,0.1,93.0,48.125,2.875,14.125,0.8787,7.0295,12.5,100.0,Cotton,8,Healthy,7,Low
1,ADILABAD,105,BELA,0105032,Pitgaon,1,1,0,1,0,0,0,0,0.0,63.0,59.0,4.0,13.0,0.7685,0.7685,0.0,100.0,Cotton,1,Healthy,1,Low
1,ADILABAD,105,BELA,0105033,Chaprala,3,3,0,2,0,0,1,1,0.3,99.3333,45.6667,3.3333,12.0,1.136,3.408,33.33333333333333,100.0,Cotton,3,Healthy,2,Moderate
1,ADILABAD,105,BELA,0105034,Warur,2,2,0,2,0,0,0,0,0.0,75.0,45.0,5.0,14.0,0.9462,1.8924,0.0,100.0,Cotton,2,Healthy,2,Low
1,ADILABAD,105,BELA,0105035,Sonkhos,3,3,0,3,0,0,0,0,0.0,88.0,49.3333,3.0,12.6667,0.6857,2.0571,0.0,100.0,Cotton,3,Healthy,3,Low
1,ADILABAD,105,BELA,0105037,Sadarpur,4,4,0,3,1,0,0,1,0.125,82.25,46.0,3.25,14.5,0.9586,3.8344,25.0,100.0,Cotton,4,Healthy,3,Low
1,ADILABAD,105,BELA,0105039,Karoni (K),2,2,0,2,0,0,0,0,0.0,96.0,54.0,4.0,14.5,0.6616,1.3231,0.0,100.0,Cotton,2,Healthy,2,Low
1,ADILABAD,105,BELA,0105F01,FOREST,1,1,0,1,0,0,0,0,0.0,78.0,55.0,3.0,18.0,0.7037,0.7037,0.0,100.0,Cotton,1,Healthy,1,Low
1,ADILABAD,106,NARNOOR,0106002,Rampur,4,4,0,3,0,1,0,1,0.2,59.25,37.25,2.25,11.0,0.4674,1.8698,25.0,100.0,Red Gram,3,Healthy,3,Low
1,ADILABAD,106,NARNOOR,0106004,Dongargaon,2,2,0,2,0,0,0,0,0.0,55.5,32.5,3.0,10.0,0.3234,0.6468,0.0,100.0,Red Gram,2,Healthy,2,Low
1,ADILABAD,106,NARNOOR,0106005,Sedwai,1,1,0,1,0,0,0,0,0.0,80.0,53.0,6.0,10.0,0.7688,0.7688,0.0,100.0,Cotton,1,Healthy,1,Low
1,ADILABAD,106,NARNOOR,0106007,Kouthala,5,5,0,5,0,0,0,0,0.0,80.0,31.8,1.6,10.6,0.3592,1.7959,0.0,100.0,Red Gram,5,Healthy,5,Low
1,ADILABAD,106,NARNOOR,0106008,Kothapalle (G),5,5,0,4,1,0,0,1,0.1,80.2,35.6,1.6,9.8,0.3789,1.8947,20.0,100.0,Red Gram,5,Healthy,4,Low
1,ADILABAD,106,NARNOOR,0106009,Kunikasa,3,3,0,2,0,0,1,1,0.3,60.6667,43.0,2.6667,9.0,0.4204,1.2611,33.33333333333333,100.0,Red Gram,3,Healthy,2,Moderate
1,ADILABAD,106,NARNOOR,0106011,Ademeyon,7,7,0,5,2,0,0,2,0.1429,83.8571,31.0,2.0,10.4286,0.3921,2.7445,28.57142857142857,100.0,Red Gram,6,Healthy,5,Low
1,ADILABAD,106,NARNOOR,0106013,Pipri,1,1,0,1,0,0,0,0,0.0,61.0,48.0,2.0,14.0,0.4695,0.4695,0.0,100.0,Cotton,1,Healthy,1,Low
1,ADILABAD,106,NARNOOR,0106015,Paraswada (K),5,5,0,5,0,0,0,0,0.0,90.2,44.4,3.2,11.6,0.4148,2.0741,0.0,100.0,Cotton,4,Healthy,5,Low
1,ADILABAD,106,NARNOOR,0106018,Dhaba (K),2,2,0,2,0,0,0,0,0.0,106.0,41.5,3.5,9.0,0.4771,0.9542,0.0,100.0,Cotton,1,Healthy,2,Low
1,ADILABAD,106,NARNOOR,0106021,Rupapur,5,5,0,5,0,0,0,0,0.0,83.2,33.8,1.8,9.4,0.4278,2.1391,0.0,100.0,Red Gram,5,Healthy,5,Low
1,ADILABAD,106,NARNOOR,0106022,Kolama,10,10,0,9,0,0,1,1,0.09,89.1,42.0,2.2,11.5,0.386,3.8604,10.0,100.0,Red Gram,7,Healthy,9,Low
1,ADILABAD,106,NARNOOR,0106024,Maregaon,2,2,0,1,1,0,0,1,0.25,88.0,50.0,2.5,13.0,0.4921,0.9842,50.0,100.0,Cotton,1,Healthy,1,Moderate
1,ADILABAD,106,NARNOOR,0106025,Dhaba (Buzurg),2,2,0,2,0,0,0,0,0.0,78.0,33.0,3.0,9.5,0.2575,0.515,0.0,100.0,Red Gram,2,Healthy,2,Low
1,ADILABAD,106,NARNOOR,0106026,Lokari (B),3,3,0,2,0,1,0,1,0.2667,91.0,47.6667,3.0,16.0,0.6029,1.8087,33.33333333333333,100.0,Cotton,3,Healthy,2,Moderate
1,ADILABAD,106,NARNOOR,0106029,Chorgaon,1,1,0,1,0,0,0,0,0.0,81.0,39.0,3.0,8.0,0.7426,0.7426,0.0,100.0,Red Gram,1,Healthy,1,Low
1,ADILABAD,106,NARNOOR,0106034,Sangvi,2,2,0,2,0,0,0,0,0.0,91.0,56.0,5.0,16.0,0.5931,1.1862,0.0,100.0,Cotton,2,Healthy,2,Low
1,ADILABAD,106,NARNOOR,0106035,Pownur,1,1,0,1,0,0,0,0,0.0,35.0,26.0,3.0,11.0,0.3906,0.3906,0.0,100.0,Red Gram,1,Healthy,1,Low
1,ADILABAD,106,NARNOOR,0106037,Umri,2,1,1,1,0,0,0,0,0.0,100.0,48.0,4.0,13.0,0.7097,1.4194,0.0,50.0,Cotton,2,Healthy,1,Low
1,ADILABAD,106,NARNOOR,0106F01,FOREST,28,26,2,21,1,2,2,5,0.15,78.25,40.4286,2.6429,11.0714,0.4278,11.9788,19.230769230769237,92.86,Red Gram,20,Healthy,21,Low
1,ADILABAD,107,INDERAVELLY,0107002,Devapur,2,2,0,2,0,0,0,0,0.0,39.0,33.5,2.0,11.0,0.4329,0.8657,0.0,100.0,Bengal Gram,2,Healthy,2,Low
1,ADILABAD,107,INDERAVELLY,0107003,Ginnera,2,2,0,2,0,0,0,0,0.0,102.0,42.0,4.5,10.5,1.0622,2.1243,0.0,100.0,Cotton,2,Healthy,2,Low
1,ADILABAD,107,INDERAVELLY,0107004,Indervelly (K),5,5,0,5,0,0,0,0,0.0,88.6,44.8,2.8,16.6,0.9026,4.5131,0.0,100.0,Cotton,4,Healthy,5,Low
1,ADILABAD,107,INDERAVELLY,0107006,Gattepalle,2,2,0,1,0,0,1,1,0.45,49.0,45.5,1.5,13.5,0.6715,1.3429,50.0,100.0,Cotton,1,Healthy,1,Moderate
1,ADILABAD,107,INDERAVELLY,0107007,Dodanda,3,3,0,2,0,0,1,1,0.3,81.3333,31.0,4.0,10.3333,0.5948,1.7843,33.33333333333333,100.0,Red Gram,2,Healthy,2,Moderate
1,ADILABAD,107,INDERAVELLY,0107008,Indervelly (B),29,29,0,24,3,1,1,5,0.1103,106.5517,43.3103,3.1379,15.5862,0.7688,22.2948,17.24137931034483,100.0,Cotton,13,Healthy,24,Low
1,ADILABAD,107,INDERAVELLY,0107009,Yamaikunta,24,24,0,20,1,1,2,4,0.1292,101.3333,47.7083,3.625,14.0833,0.7648,18.3547,16.666666666666664,100.0,Cotton,17,Healthy,20,Low
1,ADILABAD,107,INDERAVELLY,0107010,Muthnur,10,10,0,9,1,0,0,1,0.05,51.2,38.1,2.4,10.8,0.9144,9.1442,10.0,100.0,Bengal Gram,6,Healthy,9,Low
1,ADILABAD,107,INDERAVELLY,0107011,Dhannura (B),79,79,0,64,3,7,5,15,0.1468,67.1266,34.3797,2.443,11.3671,0.5187,40.9776,18.9873417721519,100.0,Bengal Gram,45,Healthy,64,Low
1,ADILABAD,107,INDERAVELLY,0107012,Dhannura (K),3,3,0,3,0,0,0,0,0.0,46.3333,28.3333,2.0,10.0,0.6789,2.0367,0.0,100.0,Red Gram,2,Healthy,3,Low
1,ADILABAD,107,INDERAVELLY,0107014,Mendapalle,35,35,0,30,1,0,4,5,0.1171,83.1714,44.2857,3.3714,11.5143,0.9408,32.9269,14.285714285714285,100.0,Cotton,22,Healthy,30,Low
1,ADILABAD,107,INDERAVELLY,0107015,Keslapur,4,4,0,4,0,0,0,0,0.0,82.25,46.5,3.5,14.25,0.8145,3.2578,0.0,100.0,Cotton,4,Healthy,4,Low
1,ADILABAD,107,INDERAVELLY,0107017,Harkapur,26,26,0,20,1,3,2,6,0.1808,94.8077,49.7308,3.5,13.1538,0.6955,18.0818,23.07692307692308,100.0,Cotton,19,Healthy,20,Low
1,ADILABAD,107,INDERAVELLY,0107018,Keslaguda,37,37,0,32,3,0,2,5,0.0892,93.2432,45.1351,3.027,13.3784,0.6201,22.9453,13.513513513513514,100.0,Cotton,19,Healthy,32,Low
1,ADILABAD,107,INDERAVELLY,0107019,Mallapur,1,1,0,0,0,1,0,1,0.8,95.0,59.0,4.0,16.0,0.7457,0.7457,100.0,100.0,Cotton,1,Diseased,1,Very High
1,ADILABAD,107,INDERAVELLY,0107021,Tejapur,2,2,0,2,0,0,0,0,0.0,59.5,42.0,3.0,10.0,0.2344,0.4688,0.0,100.0,Bengal Gram,1,Healthy,2,Low
1,ADILABAD,107,INDERAVELLY,0107022,Lakampur,1,1,0,0,1,0,0,1,0.5,50.0,21.0,1.0,12.0,0.5153,0.5153,100.0,100.0,Bengal Gram,1,Stressed,1,High
1,ADILABAD,107,INDERAVELLY,0107023,Rampur (B),12,12,0,10,0,1,1,2,0.1417,76.25,45.9167,3.6667,12.1667,0.356,4.2717,16.666666666666664,100.0,Cotton,9,Healthy,10,Low
1,ADILABAD,107,INDERAVELLY,0107031,Dasnapur,22,22,0,21,0,0,1,1,0.0409,91.1364,48.8636,3.9545,14.4091,0.5327,11.7193,4.545454545454546,100.0,Cotton,22,Healthy,21,Low
1,ADILABAD,107,INDERAVELLY,0107032,Mamidiguda,2,2,0,1,0,0,1,1,0.45,92.0,51.5,4.0,14.0,0.4471,0.8943,50.0,100.0,Cotton,2,Healthy,1,Moderate
1,ADILABAD,107,INDERAVELLY,0107034,Wadagaon,1,1,0,0,1,0,0,1,0.5,98.0,53.0,2.0,13.0,1.0903,1.0903,100.0,100.0,Cotton,1,Stressed,1,High
1,ADILABAD,107,INDERAVELLY,0107F01,FOREST,8,8,0,7,1,0,0,1,0.0625,97.0,48.25,3.5,13.375,0.3915,3.1318,12.5,100.0,Cotton,8,Healthy,7,Low
1,ADILABAD,107,INDERAVELLY,0107F02,FOREST,3,2,1,0,0,1,1,2,0.85,87.3333,42.0,2.3333,10.6667,0.7234,2.1702,100.0,66.67,Red Gram,2,Diseased,1,Very High
1,ADILABAD,108,GUDIHATHNOOR,0108001,Vaijapur,3,3,0,2,0,1,0,1,0.2667,95.3333,50.0,3.3333,13.3333,0.7215,2.1645,33.33333333333333,100.0,Cotton,3,Healthy,2,Moderate
1,ADILABAD,108,GUDIHATHNOOR,0108002,Kamalapur,1,1,0,0,1,0,0,1,0.5,63.0,42.0,2.0,19.0,0.6325,0.6325,100.0,100.0,Cotton,1,Stressed,1,High
1,ADILABAD,108,GUDIHATHNOOR,0108003,Seetagondi,1,1,0,1,0,0,0,0,0.0,94.0,50.0,3.0,11.0,0.3759,0.3759,0.0,100.0,Cotton,1,Healthy,1,Low
1,ADILABAD,108,GUDIHATHNOOR,0108004,Malkapur,2,2,0,2,0,0,0,0,0.0,85.5,55.0,5.5,10.5,0.4923,0.9846,0.0,100.0,Cotton,2,Healthy,2,Low
1,ADILABAD,108,GUDIHATHNOOR,0108005,Tosham,15,15,0,12,1,1,1,3,0.1467,63.1333,38.2,2.9333,11.4667,0.5876,8.8136,20.0,100.0,Bengal Gram,7,Healthy,12,Low
1,ADILABAD,108,GUDIHATHNOOR,0108006,Lingapur,7,7,0,6,0,0,1,1,0.1286,51.2857,28.1429,2.5714,9.4286,0.2509,1.7566,14.285714285714285,100.0,Bengal Gram,6,Healthy,6,Low
1,ADILABAD,108,GUDIHATHNOOR,0108007,Gudihathinur,7,7,0,6,1,0,0,1,0.0714,86.5714,51.8571,4.1429,12.7143,0.4885,3.4197,14.285714285714285,100.0,Cotton,7,Healthy,6,Low
1,ADILABAD,108,GUDIHATHNOOR,0108008,Machapur,1,1,0,1,0,0,0,0,0.0,117.0,51.0,2.0,12.0,0.2971,0.2971,0.0,100.0,Cotton,1,Healthy,1,Low
1,ADILABAD,108,GUDIHATHNOOR,0108010,Muthnur,1,1,0,1,0,0,0,0,0.0,72.0,42.0,3.0,14.0,0.7088,0.7088,0.0,100.0,Cotton,1,Healthy,1,Low
1,ADILABAD,108,GUDIHATHNOOR,0108011,Neradigonda,6,6,0,6,0,0,0,0,0.0,82.0,47.6667,3.8333,12.0,0.3244,1.9467,0.0,100.0,Cotton,5,Healthy,6,Low
1,ADILABAD,108,GUDIHATHNOOR,0108012,Mannur,7,7,0,4,2,1,0,3,0.2571,45.0,36.0,2.2857,11.8571,0.5158,3.6108,42.85714285714285,100.0,Bengal Gram,6,Healthy,4,Moderate
1,ADILABAD,108,GUDIHATHNOOR,0108013,Dongargaon,2,2,0,2,0,0,0,0,0.0,61.5,40.0,4.5,13.0,0.5098,1.0197,0.0,100.0,Bengal Gram,1,Healthy,2,Low
1,ADILABAD,108,GUDIHATHNOOR,0108014,Kolhari,7,7,0,6,0,1,0,1,0.1143,57.0,35.8571,1.8571,11.7143,0.2306,1.6145,14.285714285714285,100.0,Bengal Gram,5,Healthy,6,Low
1,ADILABAD,108,GUDIHATHNOOR,0108016,Guruj,9,9,0,6,1,2,0,3,0.2333,47.6667,31.0,2.7778,11.2222,0.3502,3.1519,33.33333333333333,100.0,Bengal Gram,8,Healthy,6,Moderate
1,ADILABAD,108,GUDIHATHNOOR,0108017,Gondharkapur,4,4,0,2,1,0,1,2,0.35,56.25,32.25,3.0,12.0,0.2276,0.9102,50.0,100.0,Bengal Gram,3,Healthy,2,Moderate
1,ADILABAD,108,GUDIHATHNOOR,0108018,Rendlabori,4,4,0,4,0,0,0,0,0.0,57.25,37.0,2.0,11.0,0.6639,2.6555,0.0,100.0,Bengal Gram,3,Healthy,4,Low
1,ADILABAD,108,GUDIHATHNOOR,0108019,Shantapur,3,3,0,3,0,0,0,0,0.0,92.0,45.0,3.3333,15.0,0.3502,1.0507,0.0,100.0,Cotton,3,Healthy,3,Low
1,ADILABAD,108,GUDIHATHNOOR,0108020,Belluri,9,9,0,8,1,0,0,1,0.0556,47.4444,32.7778,2.1111,10.0,0.3053,2.7476,11.11111111111111,100.0,Bengal Gram,8,Healthy,8,Low
1,ADILABAD,109,ICHODA,0109001,Adegaon (Khurd),2,2,0,1,0,0,1,1,0.45,50.0,31.5,1.0,9.0,0.4291,0.8582,50.0,100.0,Bengal Gram,2,Healthy,1,Moderate
1,ADILABAD,109,ICHODA,0109002,Gubba,1,1,0,1,0,0,0,0,0.0,118.0,44.0,6.0,20.0,0.3711,0.3711,0.0,100.0,Cotton,1,Healthy,1,Low
1,ADILABAD,109,ICHODA,0109003,Junni,2,2,0,2,0,0,0,0,0.0,71.0,56.0,4.0,11.5,0.1363,0.2726,0.0,100.0,Cotton,2,Healthy,2,Low
1,ADILABAD,109,ICHODA,0109005,Boregaon,2,2,0,1,1,0,0,1,0.25,71.5,38.0,2.5,11.5,0.2839,0.5679,50.0,100.0,Bengal Gram,1,Healthy,1,Moderate
1,ADILABAD,109,ICHODA,0109006,Kamgir,6,6,0,4,1,1,0,2,0.2167,42.5,27.3333,1.6667,10.0,0.3564,2.1386,33.33333333333333,100.0,Bengal Gram,6,Healthy,4,Moderate
1,ADILABAD,109,ICHODA,0109007,Ponna,10,10,0,10,0,0,0,0,0.0,44.5,32.9,2.4,9.9,0.4258,4.2582,0.0,100.0,Bengal Gram,10,Healthy,10,Low
1,ADILABAD,109,ICHODA,0109009,Sirikonda,2,2,0,1,0,0,1,1,0.45,95.5,52.0,3.0,12.5,0.4054,0.8107,50.0,100.0,Cotton,2,Healthy,1,Moderate
1,ADILABAD,109,ICHODA,0109010,Heerapur,8,8,0,7,0,1,0,1,0.1,72.375,46.25,2.875,12.625,0.5685,4.5484,12.5,100.0,Cotton,5,Healthy,7,Low
1,ADILABAD,109,ICHODA,0109011,Soanpalle,5,5,0,5,0,0,0,0,0.0,69.6,46.2,2.4,12.0,0.7053,3.5264,0.0,100.0,Cotton,3,Healthy,5,Low
1,ADILABAD,109,ICHODA,0109012,Dhaba (buzurg),1,1,0,1,0,0,0,0,0.0,76.0,44.0,4.0,14.0,0.3956,0.3956,0.0,100.0,Cotton,1,Healthy,1,Low
1,ADILABAD,109,ICHODA,0109017,Adegaon (Buzurg),3,3,0,2,0,1,0,1,0.2667,87.3333,42.3333,4.0,11.6667,0.5788,1.7364,33.33333333333333,100.0,Cotton,2,Healthy,2,Moderate
1,ADILABAD,109,ICHODA,0109019,Chincholi,3,3,0,3,0,0,0,0,0.0,43.0,31.3333,2.3333,9.3333,0.6078,1.8235,0.0,100.0,Bengal Gram,3,Healthy,3,Low
1,ADILABAD,109,ICHODA,0109020,Navagaon,1,1,0,0,0,1,0,1,0.8,45.0,28.0,3.0,10.0,0.6713,0.6713,100.0,100.0,Bengal Gram,1,Diseased,1,Very High
1,ADILABAD,109,ICHODA,0109021,Dhaba (Khurd),3,3,0,3,0,0,0,0,0.0,78.0,47.3333,4.3333,13.6667,0.5607,1.682,0.0,100.0,Cotton,3,Healthy,3,Low
1,ADILABAD,109,ICHODA,0109024,Mankapur,16,16,0,13,1,2,0,3,0.1312,64.5625,40.1875,3.5,12.1875,0.4678,7.4856,18.75,100.0,Cotton,9,Healthy,13,Low
1,ADILABAD,109,ICHODA,0109025,Dharmapuri,4,4,0,3,0,0,1,1,0.225,38.75,28.25,2.0,11.0,0.6692,2.6766,25.0,100.0,Bengal Gram,4,Healthy,3,Moderate
1,ADILABAD,109,ICHODA,0109028,Makhra (Buzurg),3,3,0,3,0,0,0,0,0.0,88.0,47.6667,4.3333,13.0,0.4079,1.2236,0.0,100.0,Cotton,3,Healthy,3,Low
1,ADILABAD,109,ICHODA,0109029,Makhra (Khurd),1,1,0,1,0,0,0,0,0.0,82.0,46.0,4.0,15.0,0.4961,0.4961,0.0,100.0,Cotton,1,Healthy,1,Low
1,ADILABAD,109,ICHODA,0109030,Gundi,3,3,0,3,0,0,0,0,0.0,95.3333,48.0,3.6667,16.0,0.4089,1.2266,0.0,100.0,Cotton,3,Healthy,3,Low
1,ADILABAD,109,ICHODA,0109032,Narsapur,5,5,0,5,0,0,0,0,0.0,57.0,40.2,2.8,14.2,0.4512,2.2562,0.0,100.0,Cotton,3,Healthy,5,Low
1,ADILABAD,109,ICHODA,0109035,Lingapur,1,1,0,0,0,1,0,1,0.8,106.0,54.0,6.0,14.0,0.5547,0.5547,100.0,100.0,Cotton,1,Diseased,1,Very High
1,ADILABAD,109,ICHODA,0109037,Gandiwagu,1,1,0,0,1,0,0,1,0.5,69.0,43.0,2.0,11.0,0.2643,0.2643,100.0,100.0,Cotton,1,Stressed,1,High
1,ADILABAD,109,ICHODA,0109F01,FOREST,1,1,0,1,0,0,0,0,0.0,77.0,55.0,5.0,16.0,0.3421,0.3421,0.0,100.0,Cotton,1,Healthy,1,Low
1,ADILABAD,109,ICHODA,0109F02,FOREST,4,4,0,3,0,0,1,1,0.225,78.5,51.5,3.25,13.75,0.5889,2.3556,25.0,100.0,Cotton,4,Healthy,3,Moderate
1,ADILABAD,109,ICHODA,0109F03,FOREST,4,4,0,3,0,0,1,1,0.225,91.75,47.75,4.75,13.25,0.5936,2.3744,25.0,100.0,Cotton,4,Healthy,3,Moderate
1,ADILABAD,110,BAZARHATHNOOR,0110002,Girjai,9,9,0,8,0,1,0,1,0.0889,136.3333,47.4444,4.0,21.1111,0.1902,1.7115,11.11111111111111,100.0,Maize,8,Healthy,8,Low
1,ADILABAD,110,BAZARHATHNOOR,0110008,Yesapur,1,1,0,0,0,0,1,1,0.9,38.0,32.0,3.0,12.0,0.1076,0.1076,100.0,100.0,Bengal Gram,1,Pests,1,Very High
1,ADILABAD,110,BAZARHATHNOOR,0110009,Gokonda,4,4,0,3,0,0,1,1,0.225,45.0,33.0,1.75,10.5,0.279,1.1159,25.0,100.0,Bengal Gram,4,Healthy,3,Moderate
1,ADILABAD,110,BAZARHATHNOOR,0110010,Dhabadi,5,5,0,4,1,0,0,1,0.1,162.0,48.8,3.2,21.6,0.0916,0.4582,20.0,100.0,Maize,5,Healthy,4,Low
1,ADILABAD,110,BAZARHATHNOOR,0110011,Bhutai (Khurd),11,11,0,10,1,0,0,1,0.0455,176.0,51.1818,3.2727,22.1818,0.2941,3.235,9.090909090909092,100.0,Maize,11,Healthy,10,Low
1,ADILABAD,110,BAZARHATHNOOR,0110012,Mankapur (P),2,2,0,2,0,0,0,0,0.0,202.5,57.5,2.5,23.0,0.1939,0.3878,0.0,100.0,Maize,2,Healthy,2,Low
1,ADILABAD,110,BAZARHATHNOOR,0110013,Jatarla,4,4,0,4,0,0,0,0,0.0,43.5,28.5,2.0,9.25,0.2456,0.9824,0.0,100.0,Bengal Gram,4,Healthy,4,Low
1,ADILABAD,110,BAZARHATHNOOR,0110014,Bhutai (Buzurg),36,36,0,30,3,2,1,6,0.1111,135.4167,43.2222,2.7222,18.5,0.1612,5.8017,16.666666666666664,100.0,Maize,26,Healthy,30,Low
1,ADILABAD,110,BAZARHATHNOOR,0110015,Chintal Sangvi,22,22,0,19,1,1,1,3,0.1,42.8636,32.7727,1.9545,10.1364,0.3378,7.4318,13.636363636363637,100.0,Bengal Gram,21,Healthy,19,Low
1,ADILABAD,110,BAZARHATHNOOR,0110016,Dehgaon,17,17,0,15,1,0,1,2,0.0824,44.4706,33.1176,1.9412,10.0588,0.3985,6.7738,11.76470588235294,100.0,Bengal Gram,16,Healthy,15,Low
1,ADILABAD,110,BAZARHATHNOOR,0110017,Bhosra,1,1,0,1,0,0,0,0,0.0,30.0,39.0,2.0,10.0,0.5195,0.5195,0.0,100.0,Bengal Gram,1,Healthy,1,Low
1,ADILABAD,110,BAZARHATHNOOR,0110018,Dharampuri,1,1,0,0,0,0,1,1,0.9,30.0,20.0,2.0,12.0,0.4722,0.4722,100.0,100.0,Bengal Gram,1,Pests,1,Very High
1,ADILABAD,110,BAZARHATHNOOR,0110021,Dignoor,7,7,0,5,1,0,1,2,0.2,95.5714,50.8571,3.7143,14.7143,0.2432,1.7024,28.57142857142857,100.0,Cotton,7,Healthy,5,Low
1,ADILABAD,110,BAZARHATHNOOR,0110022,Girnur,1,1,0,1,0,0,0,0,0.0,31.0,34.0,1.0,8.0,0.8456,0.8456,0.0,100.0,Bengal Gram,1,Healthy,1,Low
1,ADILABAD,110,BAZARHATHNOOR,0110023,Balanpur,1,1,0,1,0,0,0,0,0.0,33.0,27.0,2.0,11.0,0.393,0.393,0.0,100.0,Bengal Gram,1,Healthy,1,Low
1,ADILABAD,110,BAZARHATHNOOR,0110024,Bazarhatnur,6,6,0,4,1,0,1,2,0.2333,83.1667,40.8333,3.3333,12.8333,0.7369,4.4213,33.33333333333333,100.0,Bengal Gram,3,Healthy,4,Moderate
1,ADILABAD,110,BAZARHATHNOOR,0110030,Pipri,10,10,0,8,0,1,1,2,0.17,88.4,47.5,3.5,13.2,0.5018,5.0178,20.0,100.0,Cotton,9,Healthy,8,Low
1,ADILABAD,110,BAZARHATHNOOR,0110031,Warthamanoor,7,7,0,6,0,0,1,1,0.1286,81.2857,50.2857,4.4286,13.2857,0.575,4.0247,14.285714285714285,100.0,Cotton,7,Healthy,6,Low
1,ADILABAD,110,BAZARHATHNOOR,0110F01,FOREST,4,4,0,4,0,0,0,0,0.0,70.25,49.25,2.5,11.75,0.5469,2.1876,0.0,100.0,Cotton,3,Healthy,4,Low
1,ADILABAD,111,BOATH,0111002,Gollapur,1,1,0,0,0,1,0,1,0.8,31.0,28.0,1.0,12.0,0.4843,0.4843,100.0,100.0,Bengal Gram,1,Diseased,1,Very High
1,ADILABAD,111,BOATH,0111003,Chintalabori,1,1,0,1,0,0,0,0,0.0,46.0,24.0,3.0,11.0,0.1489,0.1489,0.0,100.0,Bengal Gram,1,Healthy,1,Low
1,ADILABAD,111,BOATH,0111004,Ghanpur,4,4,0,3,1,0,0,1,0.125,77.25,44.0,2.25,12.25,0.8312,3.325,25.0,100.0,Cotton,2,Healthy,3,Low
1,ADILABAD,111,BOATH,0111005,Pardi (Buzurg),4,4,0,2,0,0,2,2,0.45,35.0,28.25,2.0,10.5,0.3774,1.5095,50.0,100.0,Bengal Gram,4,Healthy,2,Moderate
1,ADILABAD,111,BOATH,0111006,Sonala,13,13,0,11,1,0,1,2,0.1077,74.0,37.1538,2.6923,14.0,0.3412,4.4352,15.384615384615383,100.0,Bengal Gram,8,Healthy,11,Low
1,ADILABAD,111,BOATH,0111007,Kowtha (Khurd),5,5,0,2,3,0,0,3,0.3,88.2,48.8,3.8,13.4,0.7266,3.6331,60.0,100.0,Cotton,4,Stressed,3,Moderate
1,ADILABAD,111,BOATH,0111008,Dera,2,2,0,0,1,0,1,2,0.7,43.0,35.5,2.0,12.0,0.3817,0.7634,100.0,100.0,Bengal Gram,2,Pests,1,High
1,ADILABAD,111,BOATH,0111009,Sangvi,3,3,0,3,0,0,0,0,0.0,93.3333,48.0,4.0,12.3333,0.3617,1.0851,0.0,100.0,Cotton,3,Healthy,3,Low
1,ADILABAD,111,BOATH,0111011,Demmi,5,5,0,4,0,1,0,1,0.16,71.6,42.4,3.6,15.0,0.5602,2.8008,20.0,100.0,Cotton,3,Healthy,4,Low
1,ADILABAD,111,BOATH,0111012,Kangutta,9,9,0,8,0,0,1,1,0.1,180.6667,49.5556,3.7778,20.4444,0.2977,2.6794,11.11111111111111,100.0,Maize,8,Healthy,8,Low
1,ADILABAD,111,BOATH,0111013,Sakhera,7,7,0,7,0,0,0,0,0.0,73.5714,48.7143,2.4286,16.0,0.4273,2.9914,0.0,100.0,Cotton,6,Healthy,7,Low
1,ADILABAD,111,BOATH,0111014,Tewiti,7,7,0,6,1,0,0,1,0.0714,41.8571,34.4286,2.2857,10.1429,0.3185,2.2297,14.285714285714285,100.0,Bengal Gram,7,Healthy,6,Low
1,ADILABAD,111,BOATH,0111015,Medi,8,8,0,7,0,0,1,1,0.1125,115.0,49.25,4.25,17.25,0.254,2.0318,12.5,100.0,Cotton,5,Healthy,7,Low
1,ADILABAD,111,BOATH,0111016,Karathwada,6,6,0,4,0,0,2,2,0.3,72.5,47.1667,3.3333,14.6667,0.4441,2.6644,33.33333333333333,100.0,Cotton,5,Healthy,4,Moderate
1,ADILABAD,111,BOATH,0111017,Pardi (Khurd),3,3,0,2,1,0,0,1,0.1667,37.3333,29.0,1.6667,11.0,0.2499,0.7497,33.33333333333333,100.0,Bengal Gram,3,Healthy,2,Low
1,ADILABAD,111,BOATH,0111018,Nakkalawada,1,1,0,1,0,0,0,0,0.0,103.0,60.0,5.0,18.0,0.5064,0.5064,0.0,100.0,Cotton,1,Healthy,1,Low
1,ADILABAD,111,BOATH,0111019,Babera,9,9,0,5,1,0,3,4,0.3556,42.4444,29.2222,2.3333,9.6667,0.438,3.9424,44.44444444444444,100.0,Bengal Gram,9,Healthy,5,Moderate
1,ADILABAD,111,BOATH,0111020,Kantegaon,2,2,0,2,0,0,0,0,0.0,90.0,53.0,3.5,11.5,0.2997,0.5994,0.0,100.0,Cotton,2,Healthy,2,Low
1,ADILABAD,111,BOATH,0111021,Nigini,9,9,0,8,0,0,1,1,0.1,38.5556,29.5556,1.6667,9.8889,0.4291,3.8622,11.11111111111111,100.0,Bengal Gram,9,Healthy,8,Low
1,ADILABAD,111,BOATH,0111022,Marlapalle,6,6,0,6,0,0,0,0,0.0,62.5,37.0,2.8333,11.6667,0.3687,2.2125,0.0,100.0,Bengal Gram,3,Healthy,6,Low
1,ADILABAD,111,BOATH,0111023,Suradapur,5,5,0,4,0,0,1,1,0.18,127.6,40.8,3.0,17.0,0.2485,1.2423,20.0,100.0,Maize,3,Healthy,4,Low
1,ADILABAD,111,BOATH,0111025,Keslapur,3,3,0,3,0,0,0,0,0.0,72.3333,39.3333,3.3333,15.0,0.3065,0.9195,0.0,100.0,Cotton,2,Healthy,3,Low
1,ADILABAD,111,BOATH,0111026,Boath (Khurd),4,4,0,3,0,1,0,1,0.2,138.5,45.5,2.75,17.25,0.7487,2.9948,25.0,100.0,Maize,2,Healthy,3,Low
1,ADILABAD,111,BOATH,0111027,Boath (Buzurg),5,5,0,4,1,0,0,1,0.1,85.8,41.6,3.4,13.2,0.4599,2.2993,20.0,100.0,Bengal Gram,2,Healthy,4,Low
1,ADILABAD,111,BOATH,0111029,Venkatapur,3,3,0,2,0,1,0,1,0.2667,63.3333,36.3333,2.6667,10.0,0.4017,1.2051,33.33333333333333,100.0,Bengal Gram,2,Healthy,2,Moderate
1,ADILABAD,111,BOATH,0111030,Pochera,8,8,0,7,0,1,0,1,0.1,59.0,38.875,3.375,12.375,0.4404,3.5236,12.5,100.0,Bengal Gram,4,Healthy,7,Low
1,ADILABAD,111,BOATH,0111031,Kuchalapur,7,7,0,4,2,1,0,3,0.2571,42.8571,27.1429,2.2857,9.5714,0.3596,2.517,42.85714285714285,100.0,Bengal Gram,7,Healthy,4,Moderate
1,ADILABAD,111,BOATH,0111033,Birlagondi,2,2,0,2,0,0,0,0,0.0,37.0,31.5,2.0,9.0,0.3194,0.6388,0.0,100.0,Bengal Gram,2,Healthy,2,Low
1,ADILABAD,111,BOATH,0111034,Anduru,12,12,0,9,2,0,1,3,0.1583,35.5833,29.6667,2.3333,10.5,0.5188,6.2258,25.0,100.0,Bengal Gram,12,Healthy,9,Low
1,ADILABAD,111,BOATH,0111035,Narayanpur,1,1,0,1,0,0,0,0,0.0,41.0,25.0,1.0,8.0,0.4173,0.4173,0.0,100.0,Bengal Gram,1,Healthy,1,Low
1,ADILABAD,111,BOATH,0111036,Dhannur  (Khurd),6,6,0,6,0,0,0,0,0.0,36.5,32.6667,1.8333,10.0,0.3846,2.3079,0.0,100.0,Bengal Gram,6,Healthy,6,Low
1,ADILABAD,111,BOATH,0111037,Dhannur (Buzurg),8,8,0,7,1,0,0,1,0.0625,35.25,32.25,2.25,10.875,0.2468,1.974,12.5,100.0,Bengal Gram,8,Healthy,7,Low
1,ADILABAD,111,BOATH,0111F01,FOREST,1,1,0,1,0,0,0,0,0.0,32.0,32.0,1.0,12.0,0.0167,0.0167,0.0,100.0,Bengal Gram,1,Healthy,1,Low
1,ADILABAD,112,NERADIGONDA,0112004,Tarnam (Buzurg),2,2,0,1,1,0,0,1,0.25,38.0,25.5,2.0,10.0,0.0896,0.1791,50.0,100.0,Bengal Gram,2,Healthy,1,Moderate
1,ADILABAD,112,NERADIGONDA,0112011,Tarnam (Khurd),2,2,0,1,0,0,1,1,0.45,93.0,45.0,3.0,15.0,0.4761,0.9522,50.0,100.0,Cotton,2,Healthy,1,Moderate
1,ADILABAD,112,NERADIGONDA,0112012,Kupti (Khurd),1,1,0,0,1,0,0,1,0.5,94.0,58.0,2.0,18.0,0.5404,0.5404,100.0,100.0,Cotton,1,Stressed,1,High
1,ADILABAD,112,NERADIGONDA,0112016,Tejapur,3,3,0,1,1,0,1,2,0.4667,54.3333,37.3333,2.3333,12.0,0.1591,0.4772,66.66666666666666,100.0,Bengal Gram,2,Healthy,1,High
1,ADILABAD,112,NERADIGONDA,0112018,Lokhampur,1,1,0,1,0,0,0,0,0.0,87.0,51.0,4.0,14.0,0.5205,0.5205,0.0,100.0,Cotton,1,Healthy,1,Low
1,ADILABAD,112,NERADIGONDA,0112019,Sowergaon,3,3,0,3,0,0,0,0,0.0,38.6667,27.3333,3.0,9.3333,0.0307,0.092,0.0,100.0,Bengal Gram,3,Healthy,3,Low
1,ADILABAD,112,NERADIGONDA,0112022,Peechra,4,4,0,4,0,0,0,0,0.0,95.75,52.5,4.75,14.25,0.5086,2.0344,0.0,100.0,Cotton,4,Healthy,4,Low
1,ADILABAD,112,NERADIGONDA,0112024,Neradigonda,3,3,0,3,0,0,0,0,0.0,42.0,22.0,1.3333,10.0,0.1396,0.4188,0.0,100.0,Bengal Gram,3,Healthy,3,Low
1,ADILABAD,112,NERADIGONDA,0112025,Buddikonda,7,7,0,5,1,1,0,2,0.1857,39.2857,31.0,1.4286,11.0,0.5727,4.0091,28.57142857142857,100.0,Bengal Gram,7,Healthy,5,Low
1,ADILABAD,112,NERADIGONDA,0112026,Darba,4,4,0,4,0,0,0,0,0.0,39.25,29.25,1.75,11.25,0.5746,2.2984,0.0,100.0,Bengal Gram,4,Healthy,4,Low
1,ADILABAD,112,NERADIGONDA,0112027,Bondadi,3,3,0,2,0,0,1,1,0.3,37.3333,33.3333,2.6667,11.0,0.2833,0.8499,33.33333333333333,100.0,Bengal Gram,3,Healthy,2,Moderate
1,ADILABAD,112,NERADIGONDA,0112028,Surdapur,1,1,0,1,0,0,0,0,0.0,32.0,24.0,1.0,10.0,0.0739,0.0739,0.0,100.0,Bengal Gram,1,Healthy,1,Low
1,ADILABAD,112,NERADIGONDA,0112029,Waddur,1,1,0,1,0,0,0,0,0.0,49.0,27.0,1.0,9.0,0.1707,0.1707,0.0,100.0,Bengal Gram,1,Healthy,1,Low
1,ADILABAD,112,NERADIGONDA,0112043,Arepalle,1,1,0,1,0,0,0,0,0.0,83.0,42.0,6.0,11.0,0.7062,0.7062,0.0,100.0,Cotton,1,Healthy,1,Low
1,ADILABAD,112,NERADIGONDA,0112F01,FOREST,1,1,0,0,0,0,1,1,0.9,72.0,56.0,2.0,10.0,0.3463,0.3463,100.0,100.0,Cotton,1,Pests,1,Very High
1,ADILABAD,112,NERADIGONDA,0112F02,FOREST,5,5,0,4,0,0,1,1,0.18,106.4,50.4,3.6,14.8,0.75,3.75,20.0,100.0,Cotton,5,Healthy,4,Low
1,ADILABAD,113,SARANGAPUR,0113011,Kowtla (Buzurg),8,2,6,2,0,0,0,0,0.0,84.125,65.625,4.0,17.0,0.8567,6.8539,0.0,25.0,Cotton,4,Healthy,2,Low
1,ADILABAD,113,SARANGAPUR,0113012,Chincholi (Malak),2,2,0,2,0,0,0,0,0.0,75.5,54.0,4.0,12.5,0.3638,0.7277,0.0,100.0,Cotton,2,Healthy,2,Low
1,ADILABAD,113,SARANGAPUR,0113017,Beervelli,7,7,0,6,0,1,0,1,0.1143,139.1429,54.1429,3.0,23.0,0.6316,4.4211,14.285714285714285,100.0,Maize,7,Healthy,6,Low
1,ADILABAD,113,SARANGAPUR,0113018,Vanjar,9,9,0,5,1,2,1,4,0.3333,176.1111,49.6667,3.0,21.5556,0.364,3.2764,44.44444444444444,100.0,Maize,8,Healthy,5,Moderate
1,ADILABAD,114,KUNTALA,0114002,Medanpur,4,4,0,3,0,1,0,1,0.2,194.0,50.5,2.75,22.75,0.3646,1.4583,25.0,100.0,Maize,4,Healthy,3,Low
1,ADILABAD,114,KUNTALA,0114015,Limba (Khurd),53,1,52,1,0,0,0,0,0.0,170.7358,50.2453,3.4906,22.4906,0.3149,16.6894,0.0,1.89,Maize,53,Healthy,1,Low
1,ADILABAD,114,KUNTALA,0114021,Nandan,1,1,0,1,0,0,0,0,0.0,248.0,44.0,2.0,23.0,0.1051,0.1051,0.0,100.0,Maize,1,Healthy,1,Low
1,ADILABAD,115,KUBEER,0115001,Palsi,3,3,0,3,0,0,0,0,0.0,42.6667,32.0,1.6667,11.0,0.2265,0.6794,0.0,100.0,Bengal Gram,3,Healthy,3,Low
1,ADILABAD,115,KUBEER,0115002,Pardi (Khurd),1,1,0,0,1,0,0,1,0.5,33.0,31.0,2.0,9.0,0.2133,0.2133,100.0,100.0,Bengal Gram,1,Stressed,1,High
1,ADILABAD,115,KUBEER,0115003,Jamgaon,1,1,0,1,0,0,0,0,0.0,49.0,38.0,1.0,8.0,0.1618,0.1618,0.0,100.0,Bengal Gram,1,Healthy,1,Low
1,ADILABAD,115,KUBEER,0115005,Sirpalle,1,1,0,1,0,0,0,0,0.0,118.0,52.0,4.0,25.0,0.2786,0.2786,0.0,100.0,Maize,1,Healthy,1,Low
1,ADILABAD,115,KUBEER,0115006,Dodarna,2,2,0,1,0,0,1,1,0.45,137.0,42.0,3.0,17.0,1.075,2.15,50.0,100.0,Bengal Gram,1,Healthy,1,Moderate
1,ADILABAD,115,KUBEER,0115007,Belgaon,1,1,0,1,0,0,0,0,0.0,44.0,32.0,2.0,9.0,0.9975,0.9975,0.0,100.0,Bengal Gram,1,Healthy,1,Low
1,ADILABAD,115,KUBEER,0115012,Halda,1,1,0,0,0,1,0,1,0.8,41.0,36.0,1.0,12.0,0.5272,0.5272,100.0,100.0,Bengal Gram,1,Diseased,1,Very High
1,ADILABAD,115,KUBEER,0115014,Chata,11,11,0,7,1,2,1,4,0.2727,168.0,49.5455,3.3636,21.5455,0.3679,4.0472,36.36363636363637,100.0,Maize,10,Healthy,7,Moderate
1,ADILABAD,115,KUBEER,0115015,Pardi (Buzurg),1,1,0,1,0,0,0,0,0.0,227.0,46.0,3.0,23.0,0.4809,0.4809,0.0,100.0,Maize,1,Healthy,1,Low
1,ADILABAD,115,KUBEER,0115016,Darkubeer,2,2,0,2,0,0,0,0,0.0,40.0,29.0,1.0,9.5,0.2551,0.5102,0.0,100.0,Bengal Gram,2,Healthy,2,Low
1,ADILABAD,115,KUBEER,0115017,Rajura,6,6,0,6,0,0,0,0,0.0,38.3333,30.5,2.0,9.8333,0.2773,1.6638,0.0,100.0,Bengal Gram,6,Healthy,6,Low
1,ADILABAD,115,KUBEER,0115018,Kubeer,14,14,0,13,0,1,0,1,0.0571,125.8571,43.0714,3.1429,16.8571,0.7644,10.7013,7.142857142857142,100.0,Maize,8,Healthy,13,Low
1,ADILABAD,115,KUBEER,0115019,Khasra,7,7,0,5,1,1,0,2,0.1857,42.4286,31.5714,2.1429,9.5714,0.5033,3.5233,28.57142857142857,100.0,Bengal Gram,7,Healthy,5,Low
1,ADILABAD,115,KUBEER,0115020,Chondi,9,3,6,3,0,0,0,0,0.0,64.8889,33.6667,2.1111,12.2222,0.5196,4.6763,0.0,33.33,Bengal Gram,8,Healthy,3,Low
1,ADILABAD,115,KUBEER,0115022,Sangvi,1,1,0,0,1,0,0,1,0.5,43.0,38.0,1.0,12.0,0.3673,0.3673,100.0,100.0,Bengal Gram,1,Stressed,1,High
1,ADILABAD,115,KUBEER,0115036,Pangra,6,1,5,0,0,1,0,1,0.8,154.1667,46.3333,3.3333,19.3333,0.5008,3.0047,100.0,16.67,Maize,5,Diseased,1,Very High
1,ADILABAD,115,KUBEER,0115037,Bakot,4,4,0,4,0,0,0,0,0.0,76.75,34.75,3.25,12.5,0.9331,3.7324,0.0,100.0,Bengal Gram,3,Healthy,4,Low
1,ADILABAD,115,KUBEER,0115038,Sowna,1,1,0,1,0,0,0,0,0.0,233.0,52.0,4.0,20.0,1.9673,1.9673,0.0,100.0,Maize,1,Healthy,1,Low
1,ADILABAD,116,BHAINSA,0116001,Chichond,1,1,0,0,0,0,1,1,0.9,31.0,33.0,1.0,10.0,0.4315,0.4315,100.0,100.0,Bengal Gram,1,Pests,1,Very High
1,ADILABAD,116,BHAINSA,0116002,Kumbhi,5,3,2,3,0,0,0,0,0.0,129.0,39.2,3.2,18.0,0.6744,3.3722,0.0,60.0,Maize,3,Healthy,3,Low
1,ADILABAD,116,BHAINSA,0116003,Takli,2,2,0,1,1,0,0,1,0.25,216.0,50.5,2.0,25.0,1.0933,2.1865,50.0,100.0,Maize,2,Healthy,1,Moderate
1,ADILABAD,116,BHAINSA,0116004,Linga,6,6,0,6,0,0,0,0,0.0,137.1667,51.5,3.3333,22.1667,1.2367,7.4201,0.0,100.0,Maize,6,Healthy,6,Low
1,ADILABAD,116,BHAINSA,0116005,Mirzapur,3,3,0,3,0,0,0,0,0.0,190.6667,50.0,3.3333,21.0,0.4357,1.3072,0.0,100.0,Maize,3,Healthy,3,Low
1,ADILABAD,116,BHAINSA,0116006,Siddur,14,14,0,12,0,2,0,2,0.1143,168.6429,47.0,2.9286,21.7857,0.7094,9.931,14.285714285714285,100.0,Maize,13,Healthy,12,Low
1,ADILABAD,116,BHAINSA,0116007,Gundagaon,2,2,0,2,0,0,0,0,0.0,226.5,51.5,3.0,23.0,2.3874,4.7747,0.0,100.0,Maize,2,Healthy,2,Low
1,ADILABAD,116,BHAINSA,0116008,Mahagaon,30,30,0,24,1,2,3,6,0.16,165.3667,48.7667,3.2667,21.1333,0.5717,17.1521,20.0,100.0,Maize,27,Healthy,24,Low
1,ADILABAD,116,BHAINSA,0116009,Chintalabori,4,4,0,3,1,0,0,1,0.125,125.0,42.0,2.75,21.5,0.4708,1.8831,25.0,100.0,Maize,3,Healthy,3,Low
1,ADILABAD,116,BHAINSA,0116010,Kotalgaon,12,12,0,12,0,0,0,0,0.0,163.9167,49.3333,3.4167,22.3333,0.602,7.2237,0.0,100.0,Maize,12,Healthy,12,Low
1,ADILABAD,116,BHAINSA,0116011,Bijjur,7,7,0,6,0,0,1,1,0.1286,188.2857,48.0,4.0,22.8571,0.7252,5.0762,14.285714285714285,100.0,Maize,7,Healthy,6,Low
1,ADILABAD,116,BHAINSA,0116012,Sunkli,20,20,0,16,2,1,1,4,0.135,171.35,50.15,3.6,22.0,0.4631,9.2626,20.0,100.0,Maize,20,Healthy,16,Low
1,ADILABAD,116,BHAINSA,0116013,Thimmapur,8,8,0,6,2,0,0,2,0.125,178.375,52.875,3.5,23.25,0.2518,2.0141,25.0,100.0,Maize,8,Healthy,6,Low
1,ADILABAD,116,BHAINSA,0116014,Wanalpahad,7,7,0,5,0,0,2,2,0.2571,152.8571,51.0,3.0,21.5714,0.3541,2.4787,28.57142857142857,100.0,Maize,7,Healthy,5,Moderate
1,ADILABAD,116,BHAINSA,0116015,Ekgaon,13,13,0,12,0,1,0,1,0.0615,164.0,50.5385,4.0769,22.0,0.3938,5.1196,7.6923076923076925,100.0,Maize,13,Healthy,12,Low
1,ADILABAD,116,BHAINSA,0116016,pipri,10,10,0,10,0,0,0,0,0.0,182.3,48.1,3.2,22.7,1.0444,10.4441,0.0,100.0,Maize,10,Healthy,10,Low
1,ADILABAD,116,BHAINSA,0116017,Babalgaon,5,5,0,4,0,0,1,1,0.18,161.8,52.4,3.8,21.8,0.8092,4.046,20.0,100.0,Maize,5,Healthy,4,Low
1,ADILABAD,116,BHAINSA,0116018,BHAINSA,18,18,0,16,0,1,1,2,0.0944,141.7222,46.0556,3.1111,18.5556,1.2987,23.3766,11.11111111111111,100.0,Maize,13,Healthy,16,Low
1,ADILABAD,116,BHAINSA,0116019,Pangri,5,5,0,5,0,0,0,0,0.0,94.4,37.0,2.4,13.8,0.9031,4.5155,0.0,100.0,Bengal Gram,3,Healthy,5,Low
1,ADILABAD,116,BHAINSA,0116020,Manjri,7,7,0,4,2,0,1,3,0.2714,38.7143,32.5714,1.8571,10.7143,0.2928,2.0498,42.85714285714285,100.0,Bengal Gram,7,Healthy,4,Moderate
1,ADILABAD,116,BHAINSA,0116021,Sirala,8,8,0,5,1,0,2,3,0.2875,37.0,31.875,2.0,10.375,0.3891,3.1125,37.5,100.0,Bengal Gram,8,Healthy,5,Moderate
1,ADILABAD,116,BHAINSA,0116022,Dahegaon,10,10,0,8,2,0,0,2,0.1,162.5,49.4,3.6,20.9,0.9567,9.5672,20.0,100.0,Maize,9,Healthy,8,Low
1,ADILABAD,116,BHAINSA,0116023,Elegaon,8,8,0,6,0,1,1,2,0.2125,109.125,38.875,2.75,17.125,0.6012,4.8092,25.0,100.0,Bengal Gram,4,Healthy,6,Moderate
1,ADILABAD,116,BHAINSA,0116024,Badgaon,4,4,0,3,0,0,1,1,0.225,41.0,34.5,2.0,11.25,1.0911,4.3642,25.0,100.0,Bengal Gram,4,Healthy,3,Moderate
1,ADILABAD,116,BHAINSA,0116025,Walegaon,5,5,0,5,0,0,0,0,0.0,158.2,43.2,3.4,21.6,1.1118,5.5589,0.0,100.0,Maize,4,Healthy,5,Low
1,ADILABAD,116,BHAINSA,0116026,Kumsari,5,5,0,5,0,0,0,0,0.0,157.4,45.4,2.4,21.6,1.7112,8.5561,0.0,100.0,Maize,5,Healthy,5,Low
1,ADILABAD,116,BHAINSA,0116027,KHATGAON,11,11,0,9,0,0,2,2,0.1636,195.9091,50.4545,4.2727,22.3636,1.7904,19.694,18.181818181818183,100.0,Maize,11,Healthy,9,Low
1,ADILABAD,116,BHAINSA,0116028,Kamol,6,6,0,3,0,1,2,3,0.4333,196.8333,47.5,3.1667,22.5,1.1275,6.7647,50.0,100.0,Maize,6,Healthy,3,Moderate
1,ADILABAD,116,BHAINSA,0116029,HASGUL,11,11,0,8,1,0,2,3,0.2091,144.6364,45.3636,2.9091,18.5455,1.2087,13.296,27.27272727272727,100.0,Maize,8,Healthy,8,Moderate
1,ADILABAD,116,BHAINSA,0116030,Mategaon,11,11,0,8,2,0,1,3,0.1727,166.0,49.2727,3.5455,22.2727,0.6591,7.2503,27.27272727272727,100.0,Maize,11,Healthy,8,Low
1,ADILABAD,116,BHAINSA,0116031,HAMPOLI KHURD,2,2,0,2,0,0,0,0,0.0,169.5,48.5,4.0,24.0,0.4689,0.9378,0.0,100.0,Maize,2,Healthy,2,Low
1,ADILABAD,116,BHAINSA,0116032,Boregaon (Buzurg),2,2,0,2,0,0,0,0,0.0,200.5,50.5,5.0,21.0,0.21,0.4199,0.0,100.0,Maize,2,Healthy,2,Low
1,ADILABAD,116,BHAINSA,0116033,Watoli,1,1,0,1,0,0,0,0,0.0,214.0,41.0,4.0,25.0,1.3309,1.3309,0.0,100.0,Maize,1,Healthy,1,Low
1,ADILABAD,116,BHAINSA,0116034,Pendapalle,2,2,0,1,1,0,0,1,0.25,211.0,52.0,2.5,24.5,0.7054,1.4108,50.0,100.0,Maize,2,Healthy,1,Moderate
1,ADILABAD,117,TANOOR,0117001,Jhari (Buzurg),6,6,0,5,1,0,0,1,0.0833,39.0,31.0,2.1667,10.6667,0.2038,1.2229,16.666666666666664,100.0,Bengal Gram,6,Healthy,5,Low
1,ADILABAD,117,TANOOR,0117002,Jhari (Khurd),1,1,0,1,0,0,0,0,0.0,47.0,31.0,1.0,11.0,0.6395,0.6395,0.0,100.0,Bengal Gram,1,Healthy,1,Low
1,ADILABAD,117,TANOOR,0117003,Wadjhari,3,3,0,2,1,0,0,1,0.1667,37.3333,33.3333,1.6667,10.0,0.3295,0.9884,33.33333333333333,100.0,Bengal Gram,3,Healthy,2,Low
1,ADILABAD,117,TANOOR,0117005,Bhosi,1,1,0,1,0,0,0,0,0.0,34.0,33.0,1.0,11.0,0.4277,0.4277,0.0,100.0,Bengal Gram,1,Healthy,1,Low
1,ADILABAD,117,TANOOR,0117006,Mahalingi,4,4,0,4,0,0,0,0,0.0,41.25,25.5,2.5,11.5,0.3014,1.2054,0.0,100.0,Bengal Gram,4,Healthy,4,Low
1,ADILABAD,117,TANOOR,0117007,Bamni,12,10,2,6,1,1,2,4,0.31,98.9167,39.5833,2.75,15.3333,0.5496,6.5956,40.0,83.33,Bengal Gram,7,Healthy,6,Moderate
1,ADILABAD,117,TANOOR,0117008,Bondrat,6,6,0,4,1,0,1,2,0.2333,95.1667,42.8333,2.1667,18.5,0.4464,2.6785,33.33333333333333,100.0,Maize,4,Healthy,4,Moderate
1,ADILABAD,117,TANOOR,0117009,Bolsa,1,1,0,0,0,1,0,1,0.8,37.0,38.0,3.0,10.0,0.2907,0.2907,100.0,100.0,Bengal Gram,1,Diseased,1,Very High
1,ADILABAD,117,TANOOR,0117010,Dhagaon,2,2,0,2,0,0,0,0,0.0,41.0,32.5,1.5,9.5,0.2422,0.4845,0.0,100.0,Bengal Gram,2,Healthy,2,Low
1,ADILABAD,117,TANOOR,0117011,Hangirga,4,4,0,4,0,0,0,0,0.0,38.75,31.0,2.5,10.5,0.4422,1.769,0.0,100.0,Bengal Gram,4,Healthy,4,Low
1,ADILABAD,117,TANOOR,0117012,Elvi,10,10,0,9,0,0,1,1,0.09,94.9,36.8,3.0,14.7,0.3851,3.8511,10.0,100.0,Bengal Gram,6,Healthy,9,Low
1,ADILABAD,117,TANOOR,0117014,Boregaon (Khurd),2,2,0,2,0,0,0,0,0.0,132.5,40.5,3.0,16.0,0.6895,1.3789,0.0,100.0,Bengal Gram,1,Healthy,2,Low
1,ADILABAD,117,TANOOR,0117015,Bember,4,4,0,2,2,0,0,2,0.25,116.5,43.5,3.25,17.5,0.4648,1.859,50.0,100.0,Bengal Gram,2,Healthy,2,Moderate
1,ADILABAD,117,TANOOR,0117016,Hipnally,12,12,0,9,0,1,2,3,0.2167,60.1667,32.3333,2.0833,11.3333,0.4083,4.8999,25.0,100.0,Bengal Gram,11,Healthy,9,Moderate
1,ADILABAD,117,TANOOR,0117017,Kolur,21,21,0,17,0,2,2,4,0.1619,81.6667,35.381,2.2857,13.0476,0.4632,9.7273,19.047619047619047,100.0,Bengal Gram,16,Healthy,17,Low
1,ADILABAD,117,TANOOR,0117018,Masalga,1,1,0,1,0,0,0,0,0.0,40.0,25.0,3.0,12.0,0.3004,0.3004,0.0,100.0,Bengal Gram,1,Healthy,1,Low
1,ADILABAD,117,TANOOR,0117021,Wadgaon,2,2,0,2,0,0,0,0,0.0,85.0,45.5,3.0,15.0,1.0542,2.1084,0.0,100.0,Bengal Gram,1,Healthy,2,Low
1,ADILABAD,117,TANOOR,0117022,Kalyani,1,1,0,1,0,0,0,0,0.0,111.0,48.0,2.0,24.0,0.77,0.77,0.0,100.0,Maize,1,Healthy,1,Low
1,ADILABAD,117,TANOOR,0117023,Jewla (Khurd),11,11,0,7,1,0,3,4,0.2909,99.0,35.2727,2.0,14.5455,0.4095,4.5044,36.36363636363637,100.0,Bengal Gram,7,Healthy,7,Moderate
1,ADILABAD,117,TANOOR,0117024,Tanoor,32,32,0,28,0,3,1,4,0.1031,84.0625,35.25,2.375,14.2812,0.6651,21.2831,12.5,100.0,Bengal Gram,21,Healthy,28,Low
1,ADILABAD,117,TANOOR,0117025,Singangam,8,8,0,6,1,1,0,2,0.1625,73.25,36.0,2.375,13.5,0.55,4.4,25.0,100.0,Bengal Gram,6,Healthy,6,Low
1,ADILABAD,117,TANOOR,0117026,Nandgam,4,4,0,2,1,1,0,2,0.325,43.5,28.5,2.0,8.5,0.6837,2.7347,50.0,100.0,Bengal Gram,4,Healthy,2,Moderate
1,ADILABAD,117,TANOOR,0117027,Doultabad,25,25,0,21,0,2,2,4,0.136,86.6,35.64,2.36,13.72,0.7102,17.754,16.0,100.0,Bengal Gram,18,Healthy,21,Low
1,ADILABAD,117,TANOOR,0117028,Kharbala,13,13,0,12,0,0,1,1,0.0692,109.7692,38.0,2.3846,16.4615,0.4943,6.4258,7.6923076923076925,100.0,Bengal Gram,7,Healthy,12,Low
1,ADILABAD,117,TANOOR,0117029,Jewla (Buzurg),20,20,0,14,2,4,0,6,0.21,94.9,36.2,2.55,15.95,0.697,13.9405,30.0,100.0,Bengal Gram,11,Healthy,14,Moderate
1,ADILABAD,117,TANOOR,0117030,Tondala,17,17,0,12,3,2,0,5,0.1824,91.4706,39.2353,2.5882,14.3529,0.9709,16.5056,29.411764705882355,100.0,Bengal Gram,11,Healthy,12,Low
1,ADILABAD,117,TANOOR,0117031,Kesarelly,4,4,0,4,0,0,0,0,0.0,41.5,33.25,1.5,10.25,0.6884,2.7535,0.0,100.0,Bengal Gram,4,Healthy,4,Low
1,ADILABAD,117,TANOOR,0117032,Wadhone,18,18,0,15,3,0,0,3,0.0833,73.7778,37.5556,2.5,12.8333,0.9217,16.5914,16.666666666666664,100.0,Bengal Gram,13,Healthy,15,Low
1,ADILABAD,117,TANOOR,0117033,Yellawat,41,41,0,33,3,4,1,8,0.1366,91.4146,36.2439,2.6585,13.8049,1.1054,45.3219,19.51219512195122,100.0,Bengal Gram,28,Healthy,33,Low
1,ADILABAD,118,MUDHOLE,0118001,Ramtek,4,4,0,3,1,0,0,1,0.125,151.5,44.25,4.5,17.25,0.77,3.0798,25.0,100.0,Maize,3,Healthy,3,Low
1,ADILABAD,118,MUDHOLE,0118002,Machkal,14,14,0,9,1,1,3,5,0.2857,161.7143,47.6429,3.4286,20.7857,0.3677,5.1478,35.714285714285715,100.0,Maize,12,Healthy,9,Moderate
1,ADILABAD,118,MUDHOLE,0118003,Mudgal,5,5,0,3,2,0,0,2,0.2,152.2,48.4,3.0,22.6,0.5887,2.9436,40.0,100.0,Maize,5,Healthy,3,Low
1,ADILABAD,118,MUDHOLE,0118004,Taroda,8,8,0,6,2,0,0,2,0.125,64.875,38.625,2.875,14.375,0.6012,4.8098,25.0,100.0,Bengal Gram,5,Healthy,6,Low
1,ADILABAD,118,MUDHOLE,0118007,Edbid,11,11,0,9,1,0,1,2,0.1273,182.6364,49.0909,4.2727,22.7273,1.0191,11.2103,18.181818181818183,100.0,Maize,11,Healthy,9,Low
1,ADILABAD,118,MUDHOLE,0118013,Gudur,2,2,0,2,0,0,0,0,0.0,168.5,48.0,2.0,24.5,0.9132,1.8265,0.0,100.0,Maize,2,Healthy,2,Low
1,ADILABAD,118,MUDHOLE,0118016,Vitholi,6,6,0,5,0,1,0,1,0.1333,142.3333,40.5,2.5,18.3333,1.1533,6.9198,16.666666666666664,100.0,Maize,4,Healthy,5,Low
1,ADILABAD,118,MUDHOLE,0118017,Mudhole,83,83,0,66,7,5,5,17,0.1446,96.1807,36.5783,2.6627,14.8193,1.0874,90.256,20.48192771084337,100.0,Bengal Gram,51,Healthy,66,Low
1,ADILABAD,118,MUDHOLE,0118018,Ganora,2,2,0,2,0,0,0,0,0.0,72.5,44.5,3.5,16.5,0.4612,0.9225,0.0,100.0,Bengal Gram,1,Healthy,2,Low
1,ADILABAD,118,MUDHOLE,0118019,Riuvi,1,1,0,1,0,0,0,0,0.0,197.0,45.0,5.0,20.0,0.2524,0.2524,0.0,100.0,Maize,1,Healthy,1,Low
1,ADILABAD,118,MUDHOLE,0118020,Brahmangaon,1,1,0,1,0,0,0,0,0.0,205.0,53.0,2.0,23.0,0.377,0.377,0.0,100.0,Maize,1,Healthy,1,Low
1,ADILABAD,118,MUDHOLE,0118021,Ashta,16,16,0,15,0,1,0,1,0.05,118.5625,44.375,2.5625,18.75,1.0713,17.1407,6.25,100.0,Maize,11,Healthy,15,Low
1,ADILABAD,118,MUDHOLE,0118022,Voni,12,12,0,10,0,1,1,2,0.1417,169.9167,48.1667,3.3333,21.5833,1.0715,12.8583,16.666666666666664,100.0,Maize,11,Healthy,10,Low
1,ADILABAD,118,MUDHOLE,0118023,Kirgul (Buzurg),12,12,0,10,2,0,0,2,0.0833,86.5833,38.6667,2.5833,12.75,1.0758,12.9094,16.666666666666664,100.0,Bengal Gram,9,Healthy,10,Low
1,ADILABAD,118,MUDHOLE,0118024,Shetpalle,5,5,0,5,0,0,0,0,0.0,182.8,49.8,2.8,23.6,1.2195,6.0973,0.0,100.0,Maize,5,Healthy,5,Low
1,ADILABAD,118,MUDHOLE,0118025,Kirgul (Khurd),6,6,0,6,0,0,0,0,0.0,111.0,43.6667,3.8333,17.5,1.181,7.0862,0.0,100.0,Maize,4,Healthy,6,Low
1,ADILABAD,118,MUDHOLE,0118026,Bidralli,60,60,0,47,7,1,5,13,0.1467,86.8167,35.6333,2.15,14.1,0.8194,49.1641,21.666666666666668,100.0,Bengal Gram,41,Healthy,47,Low
1,ADILABAD,118,MUDHOLE,0118027,Takli,23,23,0,19,1,1,2,4,0.1348,89.6957,38.9565,2.6087,15.4348,0.9752,22.4291,17.391304347826086,100.0,Bengal Gram,13,Healthy,19,Low
1,ADILABAD,118,MUDHOLE,0118028,Dhondapur,8,8,0,6,0,2,0,2,0.2,160.625,52.875,3.0,21.25,0.9878,7.9025,25.0,100.0,Maize,7,Healthy,6,Low
1,ADILABAD,118,MUDHOLE,0118029,Labdi,10,10,0,8,0,2,0,2,0.16,89.0,36.5,2.1,15.0,0.7009,7.0088,20.0,100.0,Bengal Gram,6,Healthy,8,Low
1,ADILABAD,118,MUDHOLE,0118030,Ratnapur,5,5,0,4,0,1,0,1,0.16,153.2,49.8,3.2,20.4,2.0966,10.4828,20.0,100.0,Maize,4,Healthy,4,Low
1,ADILABAD,118,MUDHOLE,0118032,Mahadpur,4,4,0,3,1,0,0,1,0.125,135.5,44.25,3.25,17.25,0.6264,2.5057,25.0,100.0,Bengal Gram,2,Healthy,3,Low
1,ADILABAD,118,MUDHOLE,0118033,Mailapur,6,6,0,4,0,0,2,2,0.3,125.0,42.1667,3.3333,18.8333,1.1391,6.8346,33.33333333333333,100.0,Maize,4,Healthy,4,Moderate
1,ADILABAD,118,MUDHOLE,0118034,Basar,6,6,0,5,0,0,1,1,0.15,145.5,42.0,2.8333,18.0,1.3179,7.9074,16.666666666666664,100.0,Maize,4,Healthy,5,Low
1,ADILABAD,118,MUDHOLE,0118035,Renukapur,6,6,0,6,0,0,0,0,0.0,168.3333,48.5,3.5,20.6667,0.8911,5.3468,0.0,100.0,Maize,5,Healthy,6,Low
1,ADILABAD,118,MUDHOLE,0118036,Kowtha,1,1,0,0,0,1,0,1,0.8,45.0,39.0,2.0,12.0,0.7923,0.7923,100.0,100.0,Bengal Gram,1,Diseased,1,Very High
1,ADILABAD,118,MUDHOLE,0118038,Salapur,10,10,0,8,1,1,0,2,0.13,74.9,38.6,2.1,14.0,0.8626,8.6258,20.0,100.0,Bengal Gram,7,Healthy,8,Low
1,ADILABAD,118,MUDHOLE,0118999,SRIRAMSAGAR PROJECT,23,23,0,17,1,3,2,6,0.2043,106.3478,39.6522,2.4783,15.8696,0.9074,20.8704,26.08695652173913,100.0,Bengal Gram,12,Healthy,17,Moderate
1,ADILABAD,119,LOKESWARAM,0119001,Potpalle (M),1,1,0,1,0,0,0,0,0.0,205.0,60.0,2.0,24.0,0.6275,0.6275,0.0,100.0,Maize,1,Healthy,1,Low
1,ADILABAD,119,LOKESWARAM,0119002,Hadgaon,6,6,0,4,2,0,0,2,0.1667,173.1667,50.0,2.5,22.1667,0.6112,3.6673,33.33333333333333,100.0,Maize,6,Healthy,4,Low
1,ADILABAD,119,LOKESWARAM,0119003,Sathgaon,5,5,0,3,1,1,0,2,0.26,180.6,50.4,4.0,22.8,0.2447,1.2233,40.0,100.0,Maize,5,Healthy,3,Moderate
1,ADILABAD,119,LOKESWARAM,0119006,Manmad,26,26,0,21,3,2,0,5,0.1192,181.9231,50.2692,3.1154,22.2308,0.1842,4.7895,19.230769230769237,100.0,Maize,26,Healthy,21,Low
1,ADILABAD,119,LOKESWARAM,0119007,Potpalle (B),1,1,0,1,0,0,0,0,0.0,178.0,54.0,3.0,21.0,0.1108,0.1108,0.0,100.0,Maize,1,Healthy,1,Low
1,ADILABAD,119,LOKESWARAM,0119008,Yeddur,4,4,0,3,0,1,0,1,0.2,171.0,45.75,3.25,23.25,0.1586,0.6343,25.0,100.0,Maize,4,Healthy,3,Low
1,ADILABAD,119,LOKESWARAM,0119010,Rajura,2,2,0,1,0,1,0,1,0.4,234.0,46.5,3.5,24.0,0.255,0.51,50.0,100.0,Maize,2,Diseased,1,Moderate
1,ADILABAD,119,LOKESWARAM,0119014,Bhagapur,11,11,0,10,0,1,0,1,0.0727,165.7273,48.8182,3.2727,22.1818,0.3152,3.467,9.090909090909092,100.0,Maize,11,Healthy,10,Low
1,ADILABAD,119,LOKESWARAM,0119015,Kistapur,2,2,0,2,0,0,0,0,0.0,192.0,52.0,3.5,22.0,0.1567,0.3134,0.0,100.0,Maize,2,Healthy,2,Low
1,ADILABAD,119,LOKESWARAM,0119017,Puspur,13,13,0,10,2,1,0,3,0.1385,166.5385,51.3846,3.5385,22.0,0.5104,6.6355,23.07692307692308,100.0,Maize,13,Healthy,10,Low
1,ADILABAD,119,LOKESWARAM,0119019,New Raipur (K) R.C,2,2,0,2,0,0,0,0,0.0,194.0,54.0,4.0,22.5,0.2746,0.5492,0.0,100.0,Maize,2,Healthy,2,Low
1,ADILABAD,119,LOKESWARAM,0119024,Wastapur,1,1,0,1,0,0,0,0,0.0,194.0,43.0,5.0,25.0,0.2525,0.2525,0.0,100.0,Maize,1,Healthy,1,Low
1,ADILABAD,119,LOKESWARAM,0119030,Pipri,1,1,0,1,0,0,0,0,0.0,178.0,41.0,2.0,20.0,0.0721,0.0721,0.0,100.0,Maize,1,Healthy,1,Low
1,ADILABAD,119,LOKESWARAM,0119999,SRIRAMSAGAR PROJECT,41,41,0,30,1,6,4,11,0.2171,179.7805,47.3415,3.1951,22.2439,0.1522,6.2382,26.82926829268293,100.0,Maize,41,Healthy,30,Moderate
1,ADILABAD,120,DILAWARPUR,0120006,Kalva,19,19,0,10,4,0,5,9,0.3421,181.6316,48.4737,3.1579,22.3158,0.5615,10.6694,47.368421052631575,100.0,Maize,19,Healthy,10,Moderate
1,ADILABAD,120,DILAWARPUR,0120007,New Lolam (R.C.),3,3,0,1,1,0,1,2,0.4667,134.6667,55.0,3.0,22.0,0.0908,0.2725,66.66666666666666,100.0,Maize,3,Healthy,1,High
1,ADILABAD,120,DILAWARPUR,0120017,Chintalkunta,1,1,0,1,0,0,0,0,0.0,142.0,48.0,3.0,20.0,0.1187,0.1187,0.0,100.0,Maize,1,Healthy,1,Low
1,ADILABAD,121,NIRMAL,0121016,Ratnapur Kondli,1,1,0,1,0,0,0,0,0.0,116.0,54.0,2.0,11.0,0.1966,0.1966,0.0,100.0,Cotton,1,Healthy,1,Low
1,ADILABAD,121,NIRMAL,0121024,New Mujgi,4,2,2,1,0,1,0,1,0.4,192.0,46.75,3.75,22.25,0.1141,0.4563,50.0,50.0,Maize,4,Diseased,1,Moderate
1,ADILABAD,121,NIRMAL,0121034,Jafrapur,1,1,0,1,0,0,0,0,0.0,156.0,50.0,2.0,25.0,0.1488,0.1488,0.0,100.0,Maize,1,Healthy,1,Low
1,ADILABAD,121,NIRMAL,0121036,Soan,1,1,0,0,0,1,0,1,0.8,228.0,54.0,5.0,20.0,0.0998,0.0998,100.0,100.0,Maize,1,Diseased,1,Very High
1,ADILABAD,121,NIRMAL,0121040,Lolam,1,1,0,0,0,1,0,1,0.8,181.0,53.0,5.0,23.0,0.05,0.05,100.0,100.0,Maize,1,Diseased,1,Very High
1,ADILABAD,122,LAXMANCHANDA,0122001,Waddyal,2,2,0,2,0,0,0,0,0.0,179.5,51.0,4.0,20.5,0.1388,0.2776,0.0,100.0,Maize,2,Healthy,2,Low
1,ADILABAD,122,LAXMANCHANDA,0122002,Kankapur,11,11,0,9,1,0,1,2,0.1273,121.4545,54.3636,4.5455,20.5455,0.5205,5.7254,18.181818181818183,100.0,Cotton,5,Healthy,9,Low
1,ADILABAD,122,LAXMANCHANDA,0122003,Narsapur,5,5,0,3,1,0,1,2,0.28,153.6,64.8,4.6,26.4,0.376,1.8798,40.0,100.0,Maize,3,Healthy,3,Moderate
1,ADILABAD,122,LAXMANCHANDA,0122004,Boregaon,1,1,0,1,0,0,0,0,0.0,95.0,98.0,6.0,23.0,0.0508,0.0508,0.0,100.0,Paddy,1,Healthy,1,Low
1,ADILABAD,122,LAXMANCHANDA,0122005,Babapur,1,1,0,1,0,0,0,0,0.0,220.0,50.0,3.0,24.0,0.0527,0.0527,0.0,100.0,Maize,1,Healthy,1,Low
1,ADILABAD,122,LAXMANCHANDA,0122006,Thirpalle,3,3,0,2,0,1,0,1,0.2667,200.0,54.0,2.6667,23.3333,0.2089,0.6268,33.33333333333333,100.0,Maize,3,Healthy,2,Moderate
1,ADILABAD,122,LAXMANCHANDA,0122008,Peechara,1,1,0,1,0,0,0,0,0.0,197.0,40.0,2.0,22.0,0.2313,0.2313,0.0,100.0,Maize,1,Healthy,1,Low
1,ADILABAD,122,LAXMANCHANDA,0122012,Kuchanpalle,1,1,0,0,0,1,0,1,0.8,231.0,49.0,4.0,20.0,0.1723,0.1723,100.0,100.0,Maize,1,Diseased,1,Very High
1,ADILABAD,122,LAXMANCHANDA,0122013,Dharmaram,2,2,0,2,0,0,0,0,0.0,161.5,53.0,3.0,24.0,0.1415,0.283,0.0,100.0,Maize,2,Healthy,2,Low
1,ADILABAD,122,LAXMANCHANDA,0122014,Parpalle,8,8,0,8,0,0,0,0,0.0,168.125,46.75,3.625,22.5,0.2881,2.3047,0.0,100.0,Maize,8,Healthy,8,Low
1,ADILABAD,122,LAXMANCHANDA,0122016,Machapur,1,1,0,1,0,0,0,0,0.0,115.0,56.0,3.0,24.0,0.201,0.201,0.0,100.0,Maize,1,Healthy,1,Low
1,ADILABAD,122,LAXMANCHANDA,0122017,Munipalle,11,11,0,9,1,0,1,2,0.1273,173.6364,49.2727,3.8182,23.0,0.3429,3.7722,18.181818181818183,100.0,Maize,11,Healthy,9,Low
1,ADILABAD,122,LAXMANCHANDA,0122018,Chamanpalle,3,3,0,3,0,0,0,0,0.0,195.0,47.0,3.3333,23.6667,0.3065,0.9195,0.0,100.0,Maize,3,Healthy,3,Low
1,ADILABAD,122,LAXMANCHANDA,0122019,Chintalchanda,13,13,0,10,0,1,2,3,0.2,180.3846,53.6154,3.7692,22.4615,0.3138,4.08,23.07692307692308,100.0,Maize,13,Healthy,10,Low
1,ADILABAD,123,MAMDA,0123009,Parimandal,3,3,0,2,0,0,1,1,0.3,107.6667,53.0,4.6667,17.3333,0.58,1.74,33.33333333333333,100.0,Cotton,2,Healthy,2,Moderate
1,ADILABAD,123,MAMDA,0123011,Lingapur,1,1,0,1,0,0,0,0,0.0,246.0,53.0,5.0,26.0,0.228,0.228,0.0,100.0,Maize,1,Healthy,1,Low
1,ADILABAD,123,MAMDA,0123012,Raidhari,6,6,0,6,0,0,0,0,0.0,145.5,60.1667,3.8333,21.8333,0.3099,1.8595,0.0,100.0,Maize,4,Healthy,6,Low
1,ADILABAD,123,MAMDA,0123015,Dimmadurthy,1,1,0,0,0,1,0,1,0.8,84.0,55.0,5.0,11.0,0.0481,0.0481,100.0,100.0,Cotton,1,Diseased,1,Very High
1,ADILABAD,123,MAMDA,0123019,Mamda,17,17,0,14,3,0,0,3,0.0882,162.8235,50.5882,3.4706,22.9412,0.2955,5.024,17.647058823529413,100.0,Maize,17,Healthy,14,Low
1,ADILABAD,123,MAMDA,0123020,Mondepalle,12,12,0,10,0,1,1,2,0.1417,155.0,47.25,3.3333,19.8333,0.4474,5.3685,16.666666666666664,100.0,Maize,8,Healthy,10,Low
1,ADILABAD,123,MAMDA,0123021,Kotha Lingampalle (R.C),3,3,0,3,0,0,0,0,0.0,119.0,66.0,4.3333,23.0,0.2299,0.6897,0.0,100.0,Maize,2,Healthy,3,Low
1,ADILABAD,123,MAMDA,0123022,Koratikal,6,6,0,6,0,0,0,0,0.0,192.0,51.6667,2.6667,22.5,0.3201,1.9206,0.0,100.0,Maize,6,Healthy,6,Low
1,ADILABAD,123,MAMDA,0123F01,FOREST,2,2,0,2,0,0,0,0,0.0,103.5,50.0,3.0,28.0,0.0939,0.1878,0.0,100.0,Maize,2,Healthy,2,Low
1,ADILABAD,124,KHANAPUR,0124F01,FOREST,1,1,0,0,0,0,1,1,0.9,116.0,45.0,3.0,13.0,0.3442,0.3442,100.0,100.0,Cotton,1,Pests,1,Very High
1,ADILABAD,126,UTNOOR,0126001,Chintakarra,2,2,0,2,0,0,0,0,0.0,91.0,44.0,4.5,12.0,0.334,0.6679,0.0,100.0,Cotton,2,Healthy,2,Low
1,ADILABAD,126,UTNOOR,0126003,Ghatti,7,7,0,4,1,1,1,3,0.3143,93.4286,51.2857,3.7143,14.7143,0.383,2.681,42.85714285714285,100.0,Cotton,7,Healthy,4,Moderate
1,ADILABAD,126,UTNOOR,0126004,Wadoni,4,4,0,3,0,0,1,1,0.225,84.5,41.25,4.0,13.25,0.4956,1.9824,25.0,100.0,Cotton,3,Healthy,3,Moderate
1,ADILABAD,126,UTNOOR,0126005,Chandur,3,2,1,1,0,0,1,1,0.45,90.0,46.3333,3.6667,12.3333,0.3151,0.9453,50.0,66.67,Cotton,2,Healthy,1,Moderate
1,ADILABAD,126,UTNOOR,0126006,Hasnapur,5,5,0,5,0,0,0,0,0.0,100.6,45.2,3.6,10.4,0.6349,3.1744,0.0,100.0,Cotton,4,Healthy,5,Low
1,ADILABAD,126,UTNOOR,0126007,Yenka,40,40,0,31,2,4,3,9,0.1725,81.525,43.3,2.875,11.575,0.5262,21.0485,22.5,100.0,Cotton,20,Healthy,31,Low
1,ADILABAD,126,UTNOOR,0126008,Umri,15,15,0,13,0,0,2,2,0.12,96.1333,51.6,3.8667,15.0,0.5053,7.5798,13.333333333333334,100.0,Cotton,14,Healthy,13,Low
1,ADILABAD,126,UTNOOR,0126009,Narsapur (Khurd),6,6,0,4,1,1,0,2,0.2167,75.0,50.3333,3.5,12.3333,0.4344,2.6063,33.33333333333333,100.0,Cotton,6,Healthy,4,Moderate
1,ADILABAD,126,UTNOOR,0126010,Sakhera,42,42,0,32,2,3,5,10,0.1881,92.3095,50.0476,4.2143,13.2143,0.7043,29.5787,23.809523809523807,100.0,Cotton,39,Healthy,32,Low
1,ADILABAD,126,UTNOOR,0126011,Andholi,35,35,0,31,1,0,3,4,0.0914,103.5143,49.7143,3.8,15.2286,0.5856,20.4957,11.428571428571429,100.0,Cotton,24,Healthy,31,Low
1,ADILABAD,126,UTNOOR,0126012,Pulimadgu,38,38,0,33,2,1,2,5,0.0947,101.1842,49.8421,4.0263,15.2895,0.5845,22.2101,13.157894736842104,100.0,Cotton,34,Healthy,33,Low
1,ADILABAD,126,UTNOOR,0126013,Yenda,41,41,0,36,2,2,1,5,0.0854,110.3415,49.7073,3.4634,15.4634,0.5601,22.9641,12.195121951219512,100.0,Cotton,27,Healthy,36,Low
1,ADILABAD,126,UTNOOR,0126014,Shampur,50,50,0,43,3,1,3,7,0.1,93.28,48.7,3.64,14.44,0.6177,30.8832,14.000000000000002,100.0,Cotton,32,Healthy,43,Low
1,ADILABAD,126,UTNOOR,0126015,Salewada (Buzurg),34,34,0,30,1,2,1,4,0.0882,95.8824,45.3529,3.2647,12.9706,0.5259,17.8814,11.76470588235294,100.0,Cotton,21,Healthy,30,Low
1,ADILABAD,126,UTNOOR,0126016,Salewada (Khurd),31,31,0,25,2,2,2,6,0.1419,110.5484,48.129,3.7742,14.3548,0.4496,13.9391,19.35483870967742,100.0,Cotton,20,Healthy,25,Low
1,ADILABAD,126,UTNOOR,0126019,Wadgalpur (Buzurg),53,53,0,42,0,5,6,11,0.1774,102.566,45.8679,3.566,14.3208,0.4953,26.2513,20.75471698113208,100.0,Cotton,39,Healthy,42,Low
1,ADILABAD,126,UTNOOR,0126020,Tandra,5,5,0,5,0,0,0,0,0.0,88.6,45.4,2.4,12.6,0.4551,2.2754,0.0,100.0,Cotton,4,Healthy,5,Low
1,ADILABAD,126,UTNOOR,0126021,Luxettipet,4,4,0,4,0,0,0,0,0.0,98.0,51.5,4.25,12.25,1.0547,4.2186,0.0,100.0,Cotton,4,Healthy,4,Low
1,ADILABAD,126,UTNOOR,0126022,Nagapur,28,28,0,23,3,1,1,5,0.1143,79.6429,41.1071,2.5357,12.0357,0.6165,17.2619,17.857142857142858,100.0,Red Gram,14,Healthy,23,Low
1,ADILABAD,126,UTNOOR,0126024,Ramlingampet,1,1,0,1,0,0,0,0,0.0,64.0,60.0,5.0,12.0,0.2922,0.2922,0.0,100.0,Cotton,1,Healthy,1,Low
1,ADILABAD,126,UTNOOR,0126025,Durgapur,21,21,0,15,4,2,0,6,0.1714,94.7619,47.7143,3.8571,12.2857,0.7474,15.6947,28.57142857142857,100.0,Cotton,16,Healthy,15,Low
1,ADILABAD,126,UTNOOR,0126028,Gangamapet,2,2,0,2,0,0,0,0,0.0,71.0,87.5,4.0,22.0,0.1707,0.3415,0.0,100.0,Paddy,2,Healthy,2,Low
1,ADILABAD,126,UTNOOR,0126029,Utnur,3,3,0,2,1,0,0,1,0.1667,86.6667,91.6667,4.0,22.0,0.5166,1.5497,33.33333333333333,100.0,Paddy,3,Healthy,2,Low
1,ADILABAD,126,UTNOOR,0126030,Gangapur,18,18,0,13,2,2,1,5,0.1944,78.8889,70.4444,3.7778,15.1111,0.3128,5.63,27.77777777777778,100.0,Paddy,10,Healthy,13,Low
1,ADILABAD,126,UTNOOR,0126031,Kamnipet,1,1,0,1,0,0,0,0,0.0,110.0,42.0,2.0,14.0,0.7858,0.7858,0.0,100.0,Cotton,1,Healthy,1,Low
1,ADILABAD,126,UTNOOR,0126032,Heerapur,15,15,0,13,0,1,1,2,0.1133,99.0,49.4667,4.4,14.2,0.7738,11.6068,13.333333333333334,100.0,Cotton,13,Healthy,13,Low
1,ADILABAD,126,UTNOOR,0126F01,FOREST,8,8,0,5,0,0,3,3,0.3375,84.5,49.125,3.25,11.875,0.4429,3.543,37.5,100.0,Cotton,7,Healthy,5,Moderate
2,NIZAMABAD,235,BHIKNOOR,0235015,Mallupalle,1,1,0,1,0,0,0,0,0.0,230.0,56.0,3.0,25.0,0.1352,0.1352,0.0,100.0,Maize,1,Healthy,1,Low
2,NIZAMABAD,235,BHIKNOOR,0235018,Isannapalle,2,2,0,2,0,0,0,0,0.0,99.0,73.5,5.0,27.0,0.226,0.452,0.0,100.0,Maize,1,Healthy,2,Low
2,NIZAMABAD,235,BHIKNOOR,0235019,Bhagirathipalle,1,1,0,1,0,0,0,0,0.0,61.0,85.0,5.0,23.0,0.3191,0.3191,0.0,100.0,Paddy,1,Healthy,1,Low
4,MEDAK,406,SHANKARAMPET[A],0406001,Tenkati,3,3,0,3,0,0,0,0,0.0,104.0,44.6667,5.0,12.3333,0.0416,0.1247,0.0,100.0,Cotton,3,Healthy,3,Low
4,MEDAK,406,SHANKARAMPET[A],0406002,Chintal Lakshmapur,7,7,0,7,0,0,0,0,0.0,81.4286,49.5714,4.5714,12.7143,0.1115,0.7806,0.0,100.0,Cotton,7,Healthy,7,Low
4,MEDAK,406,SHANKARAMPET[A],0406003,Jambikunta,5,2,3,2,0,0,0,0,0.0,74.4,53.6,3.8,11.6,0.1155,0.5773,0.0,40.0,Cotton,5,Healthy,2,Low
4,MEDAK,406,SHANKARAMPET[A],0406004,Cheelapalle,15,15,0,13,2,0,0,2,0.0667,89.2,48.6667,3.8667,13.0,0.1863,2.7949,13.333333333333334,100.0,Cotton,15,Healthy,13,Low
4,MEDAK,406,SHANKARAMPET[A],0406005,Uthloor,27,27,0,24,0,1,2,3,0.0963,95.5926,48.8889,4.7037,12.5926,0.16,4.3204,11.11111111111111,100.0,Cotton,27,Healthy,24,Low
4,MEDAK,406,SHANKARAMPET[A],0406006,Narayanapalle,2,2,0,2,0,0,0,0,0.0,112.5,43.5,3.0,11.0,0.293,0.586,0.0,100.0,Cotton,2,Healthy,2,Low
4,MEDAK,406,SHANKARAMPET[A],0406014,Marshetpalle,2,2,0,2,0,0,0,0,0.0,87.5,52.5,2.0,14.0,0.2692,0.5384,0.0,100.0,Cotton,2,Healthy,2,Low
4,MEDAK,406,SHANKARAMPET[A],0406015,Musapet,1,1,0,0,0,0,1,1,0.9,77.0,51.0,5.0,12.0,0.1339,0.1339,100.0,100.0,Cotton,1,Pests,1,Very High
4,MEDAK,406,SHANKARAMPET[A],0406016,Kollapalle,2,2,0,1,0,0,1,1,0.45,95.0,44.5,2.0,11.0,0.0334,0.0669,50.0,100.0,Cotton,2,Healthy,1,Moderate
4,MEDAK,406,SHANKARAMPET[A],0406018,Thirumalapur,2,2,0,2,0,0,0,0,0.0,97.5,51.5,4.0,11.5,0.1745,0.349,0.0,100.0,Cotton,2,Healthy,2,Low
4,MEDAK,406,SHANKARAMPET[A],0406019,Kamalapur,1,1,0,1,0,0,0,0,0.0,101.0,54.0,3.0,15.0,0.0403,0.0403,0.0,100.0,Cotton,1,Healthy,1,Low
4,MEDAK,406,SHANKARAMPET[A],0406024,Maktha Lakshmapur,9,9,0,9,0,0,0,0,0.0,89.5556,47.2222,4.0,12.7778,0.1735,1.5616,0.0,100.0,Cotton,9,Healthy,9,Low
4,MEDAK,406,SHANKARAMPET[A],0406025,Burugupalle,8,8,0,6,1,1,0,2,0.1625,94.625,47.5,3.625,12.0,0.2369,1.8951,25.0,100.0,Cotton,8,Healthy,6,Low
4,MEDAK,406,SHANKARAMPET[A],0406999,Nizamsagar Project,10,10,0,8,1,1,0,2,0.13,93.3,53.7,4.2,12.6,0.1319,1.3192,20.0,100.0,Cotton,10,Healthy,8,Low
4,MEDAK,407,ALLADURG,0407001,Alladurg,7,7,0,6,0,0,1,1,0.1286,96.2857,49.0,4.0,12.7143,0.31,2.1699,14.285714285714285,100.0,Cotton,7,Healthy,6,Low
4,MEDAK,407,ALLADURG,0407003,Mupparam,6,6,0,6,0,0,0,0,0.0,87.0,50.6667,4.1667,12.6667,0.3683,2.2101,0.0,100.0,Cotton,6,Healthy,6,Low
4,MEDAK,407,ALLADURG,0407004,Mahammadapur,6,6,0,5,0,1,0,1,0.1333,103.3333,53.5,3.6667,13.0,0.2082,1.2492,16.666666666666664,100.0,Cotton,6,Healthy,5,Low
4,MEDAK,407,ALLADURG,0407005,Chilever,13,13,0,10,1,2,0,3,0.1615,83.0769,48.3846,3.9231,12.1538,0.3119,4.0541,23.07692307692308,100.0,Cotton,13,Healthy,10,Low
4,MEDAK,407,ALLADURG,0407006,Muslapur,2,2,0,1,1,0,0,1,0.25,108.5,56.0,4.5,11.5,0.1029,0.2058,50.0,100.0,Cotton,2,Healthy,1,Moderate
4,MEDAK,407,ALLADURG,0407007,Bhahirandibba,1,1,0,1,0,0,0,0,0.0,68.0,51.0,3.0,13.0,0.1509,0.1509,0.0,100.0,Cotton,1,Healthy,1,Low
4,MEDAK,407,ALLADURG,0407010,Gadipeddapur,17,15,2,9,1,3,2,6,0.3133,89.4118,50.3529,4.2941,12.2941,0.1699,2.8891,40.0,88.24,Cotton,17,Healthy,9,Moderate
4,MEDAK,408,TEKMAL,0408014,Bodmatpalle,10,2,8,1,0,1,0,1,0.4,90.8,47.9,4.6,13.0,0.1662,1.6623,50.0,20.0,Cotton,10,Diseased,1,Moderate
4,MEDAK,410,KULCHARAM,0410001,Chinnaghanpur,7,7,0,4,0,2,1,3,0.3571,63.7143,90.5714,4.5714,17.4286,0.0567,0.3971,42.85714285714285,100.0,Paddy,7,Healthy,4,Moderate
4,MEDAK,410,KULCHARAM,0410003,Pothamsettipalle,1,1,0,1,0,0,0,0,0.0,84.0,80.0,6.0,15.0,0.0955,0.0955,0.0,100.0,Paddy,1,Healthy,1,Low
4,MEDAK,410,KULCHARAM,0410008,Kongode,3,3,0,3,0,0,0,0,0.0,71.6667,94.3333,5.3333,16.6667,0.084,0.2521,0.0,100.0,Paddy,3,Healthy,3,Low
4,MEDAK,410,KULCHARAM,0410009,Pothireddipalle,2,2,0,2,0,0,0,0,0.0,55.0,83.5,3.5,19.5,0.0365,0.0729,0.0,100.0,Paddy,2,Healthy,2,Low
4,MEDAK,410,KULCHARAM,0410012,Kulcharam,4,4,0,3,0,1,0,1,0.2,67.75,89.25,3.5,16.75,0.0304,0.1215,25.0,100.0,Paddy,4,Healthy,3,Low
4,MEDAK,410,KULCHARAM,0410013,Serivariguntham,3,3,0,3,0,0,0,0,0.0,74.0,91.0,4.6667,16.6667,0.0645,0.1936,0.0,100.0,Paddy,3,Healthy,3,Low
4,MEDAK,410,KULCHARAM,0410014,Variguntham,2,2,0,2,0,0,0,0,0.0,57.5,92.5,3.5,17.5,0.055,0.1099,0.0,100.0,Paddy,2,Healthy,2,Low
4,MEDAK,410,KULCHARAM,0410015,Sangaipet,2,2,0,1,1,0,0,1,0.25,67.0,91.0,6.0,17.0,0.0316,0.0632,50.0,100.0,Paddy,2,Healthy,1,Moderate
4,MEDAK,410,KULCHARAM,0410016,Rangampet,1,1,0,1,0,0,0,0,0.0,63.0,100.0,6.0,18.0,0.0505,0.0505,0.0,100.0,Paddy,1,Healthy,1,Low
4,MEDAK,410,KULCHARAM,0410018,Paithara,1,1,0,1,0,0,0,0,0.0,53.0,93.0,3.0,19.0,0.0378,0.0378,0.0,100.0,Paddy,1,Healthy,1,Low
4,MEDAK,410,KULCHARAM,0410021,Yenigandla,6,6,0,5,0,1,0,1,0.1333,65.8333,79.0,5.3333,15.1667,0.2165,1.2989,16.666666666666664,100.0,Paddy,4,Healthy,5,Low
4,MEDAK,411,MEDAK,0411004,Thimmaipalle,3,3,0,3,0,0,0,0,0.0,72.0,88.6667,3.6667,18.0,0.1888,0.5664,0.0,100.0,Paddy,3,Healthy,3,Low
4,MEDAK,411,MEDAK,0411006,Gangapur,9,9,0,9,0,0,0,0,0.0,88.7778,83.6667,4.7778,17.2222,0.1338,1.2045,0.0,100.0,Paddy,7,Healthy,9,Low
4,MEDAK,411,MEDAK,0411007,Byathole,18,18,0,14,1,1,2,4,0.1722,67.3889,90.1667,4.6667,17.2222,0.2875,5.1742,22.22222222222222,100.0,Paddy,18,Healthy,14,Low
4,MEDAK,411,MEDAK,0411008,Lingasanpalle,7,7,0,6,0,0,1,1,0.1286,76.7143,88.5714,4.8571,17.0,0.2591,1.8136,14.285714285714285,100.0,Paddy,7,Healthy,6,Low
4,MEDAK,411,MEDAK,0411009,Shalipet,25,25,0,21,1,1,2,4,0.124,74.56,89.28,4.6,17.44,0.232,5.7996,16.0,100.0,Paddy,25,Healthy,21,Low
4,MEDAK,411,MEDAK,0411010,Havelighanpur,29,29,0,25,2,1,1,4,0.0931,76.7931,91.8966,4.1724,18.0,0.2493,7.2304,13.79310344827586,100.0,Paddy,29,Healthy,25,Low
4,MEDAK,411,MEDAK,0411012,Thogita,18,18,0,15,2,0,1,3,0.1056,73.8333,87.6667,4.5,16.8333,0.2275,4.0954,16.666666666666664,100.0,Paddy,18,Healthy,15,Low
4,MEDAK,411,MEDAK,0411013,Bogada Bhoopathipur,17,17,0,13,0,1,3,4,0.2059,81.5882,89.0,4.2941,17.4706,0.2068,3.515,23.52941176470588,100.0,Paddy,16,Healthy,13,Moderate
4,MEDAK,411,MEDAK,0411015,Sardhana,46,46,0,37,2,5,2,9,0.1478,80.9783,88.1087,4.4565,17.3913,0.2324,10.6914,19.565217391304348,100.0,Paddy,44,Healthy,37,Low
4,MEDAK,411,MEDAK,0411016,Fareedpur,16,16,0,15,0,1,0,1,0.05,77.1875,89.0625,4.0625,18.0,0.174,2.7844,6.25,100.0,Paddy,16,Healthy,15,Low
4,MEDAK,411,MEDAK,0411017,Muthaipalle,42,42,0,34,4,3,1,8,0.1262,71.5238,90.4048,4.0476,17.4524,0.2476,10.399,19.047619047619047,100.0,Paddy,42,Healthy,34,Low
4,MEDAK,411,MEDAK,0411018,Serikuchanpalle,12,12,0,10,0,1,1,2,0.1417,76.0833,90.0833,4.4167,18.3333,0.1887,2.2646,16.666666666666664,100.0,Paddy,12,Healthy,10,Low
4,MEDAK,411,MEDAK,0411019,Kuchanpalle,25,25,0,23,2,0,0,2,0.04,75.92,88.84,4.8,17.92,0.334,8.3499,8.0,100.0,Paddy,25,Healthy,23,Low
4,MEDAK,411,MEDAK,0411020,Maqdumpur,1,1,0,0,0,0,1,1,0.9,65.0,81.0,3.0,17.0,0.1016,0.1016,100.0,100.0,Paddy,1,Pests,1,Very High
4,MEDAK,411,MEDAK,0411021,Mudulwai,6,6,0,6,0,0,0,0,0.0,68.5,90.0,4.5,17.3333,0.3261,1.9564,0.0,100.0,Paddy,6,Healthy,6,Low
4,MEDAK,411,MEDAK,0411022,Medak (Rural),9,9,0,5,2,0,2,4,0.3111,73.3333,90.2222,4.5556,16.5556,0.1913,1.7221,44.44444444444444,100.0,Paddy,9,Healthy,5,Moderate
4,MEDAK,411,MEDAK,0411023,Aurangabad,19,19,0,17,1,1,0,2,0.0684,76.9474,90.7368,4.4211,18.5789,0.1616,3.0698,10.526315789473683,100.0,Paddy,18,Healthy,17,Low
4,MEDAK,411,MEDAK,0411024,Ausulpalle,7,7,0,7,0,0,0,0,0.0,75.7143,87.5714,4.4286,20.0,0.1588,1.1117,0.0,100.0,Paddy,7,Healthy,7,Low
4,MEDAK,411,MEDAK,0411025,Shamnapur,13,13,0,11,0,1,1,2,0.1308,75.0769,85.1538,4.3077,17.6154,0.1894,2.4621,15.384615384615383,100.0,Paddy,12,Healthy,11,Low
4,MEDAK,411,MEDAK,0411026,Pathur,17,17,0,16,0,0,1,1,0.0529,92.6471,84.4118,4.5882,20.4706,0.2062,3.5051,5.88235294117647,100.0,Paddy,15,Healthy,16,Low
4,MEDAK,411,MEDAK,0411027,Rayanpalle,9,9,0,7,1,0,1,2,0.1556,75.2222,87.1111,4.4444,18.1111,0.0832,0.7486,22.22222222222222,100.0,Paddy,9,Healthy,7,Low
4,MEDAK,411,MEDAK,0411028,Magta Bhoopathipur,6,6,0,6,0,0,0,0,0.0,49.8333,51.6667,2.8333,12.8333,0.0503,0.3021,0.0,100.0,Bengal Gram,3,Healthy,6,Low
4,MEDAK,411,MEDAK,0411029,Venkatapur,3,3,0,1,0,1,1,2,0.5667,68.3333,93.6667,4.6667,17.6667,0.0497,0.1492,66.66666666666666,100.0,Paddy,3,Diseased,1,High
4,MEDAK,411,MEDAK,0411033,Rajpalle,5,5,0,5,0,0,0,0,0.0,77.8,87.6,4.8,18.0,0.0715,0.3577,0.0,100.0,Paddy,5,Healthy,5,Low
4,MEDAK,411,MEDAK,0411034,Balanagar,1,1,0,1,0,0,0,0,0.0,83.0,98.0,3.0,20.0,0.0694,0.0694,0.0,100.0,Paddy,1,Healthy,1,Low
4,MEDAK,411,MEDAK,0411035,Chityal,2,2,0,2,0,0,0,0,0.0,78.0,84.0,6.0,17.0,0.0643,0.1286,0.0,100.0,Paddy,2,Healthy,2,Low
4,MEDAK,411,MEDAK,0411036,Rayalamadugu,6,6,0,4,0,0,2,2,0.3,75.1667,90.3333,4.1667,17.0,0.2836,1.7016,33.33333333333333,100.0,Paddy,6,Healthy,4,Moderate
4,MEDAK,412,SHANKARAMPET (R),0412001,Khajapur,11,11,0,9,1,1,0,2,0.1182,71.3636,88.6364,4.0909,20.7273,0.1028,1.131,18.181818181818183,100.0,Paddy,11,Healthy,9,Low
4,MEDAK,412,SHANKARAMPET (R),0412002,Sankhapur,9,9,0,7,2,0,0,2,0.1111,80.1111,84.8889,4.3333,21.1111,0.1258,1.1325,22.22222222222222,100.0,Paddy,8,Healthy,7,Low
4,MEDAK,412,SHANKARAMPET (R),0412003,Zapthishivnur,6,6,0,3,2,0,1,3,0.3167,96.1667,86.3333,5.0,22.8333,0.2237,1.3425,50.0,100.0,Paddy,5,Healthy,3,Moderate
4,MEDAK,412,SHANKARAMPET (R),0412004,Kaslapur,1,1,0,1,0,0,0,0,0.0,67.0,96.0,3.0,22.0,0.2933,0.2933,0.0,100.0,Paddy,1,Healthy,1,Low
4,MEDAK,412,SHANKARAMPET (R),0412005,Mirzapalle,20,20,0,16,0,0,4,4,0.18,80.55,85.4,4.1,20.9,0.1848,3.6969,20.0,100.0,Paddy,19,Healthy,16,Low
4,MEDAK,412,SHANKARAMPET (R),0412006,Seripalle,6,6,0,6,0,0,0,0,0.0,63.0,88.5,4.1667,22.5,0.1631,0.9783,0.0,100.0,Paddy,6,Healthy,6,Low
4,MEDAK,412,SHANKARAMPET (R),0412007,Kamaram,9,9,0,8,0,0,1,1,0.1,66.5556,77.5556,3.4444,16.5556,0.1813,1.6316,11.11111111111111,100.0,Paddy,7,Healthy,8,Low
4,MEDAK,412,SHANKARAMPET (R),0412008,Madur,7,7,0,6,1,0,0,1,0.0714,65.8571,72.4286,4.1429,14.5714,0.1025,0.7177,14.285714285714285,100.0,Paddy,5,Healthy,6,Low
4,MEDAK,412,SHANKARAMPET (R),0412010,Korivipalle,7,7,0,5,2,0,0,2,0.1429,76.7143,89.1429,4.2857,18.4286,0.1043,0.7303,28.57142857142857,100.0,Paddy,7,Healthy,5,Low
4,MEDAK,412,SHANKARAMPET (R),0412011,Turkala Mohammedapur,3,3,0,1,0,0,2,2,0.6,76.3333,89.6667,5.6667,17.6667,0.1109,0.3326,66.66666666666666,100.0,Paddy,3,Pests,2,High
4,MEDAK,412,SHANKARAMPET (R),0412015,Shankarampet (R),16,16,0,15,0,1,0,1,0.05,97.875,72.625,4.375,16.75,0.2232,3.5707,6.25,100.0,Paddy,10,Healthy,15,Low
4,MEDAK,412,SHANKARAMPET (R),0412016,Chandampet,16,16,0,14,1,1,0,2,0.0812,78.6875,89.75,4.125,17.125,0.2344,3.7499,12.5,100.0,Paddy,16,Healthy,14,Low
4,MEDAK,412,SHANKARAMPET (R),0412018,Jangrai,6,6,0,5,0,1,0,1,0.1333,104.5,51.0,3.1667,16.8333,0.1441,0.8646,16.666666666666664,100.0,Cotton,4,Healthy,5,Low
4,MEDAK,412,SHANKARAMPET (R),0412020,Dharpalle,5,5,0,4,0,0,1,1,0.18,86.0,60.0,3.4,12.8,0.1116,0.5581,20.0,100.0,Paddy,2,Healthy,4,Low
4,MEDAK,413,RAMAYAMPET,0413001,Dantepalle,1,1,0,1,0,0,0,0,0.0,224.0,50.0,5.0,22.0,0.0644,0.0644,0.0,100.0,Maize,1,Healthy,1,Low
4,MEDAK,413,RAMAYAMPET,0413002,Parvathapur,1,1,0,0,1,0,0,1,0.5,97.0,88.0,5.0,24.0,0.0656,0.0656,100.0,100.0,Paddy,1,Stressed,1,High
4,MEDAK,413,RAMAYAMPET,0413003,Katrial,6,6,0,6,0,0,0,0,0.0,84.6667,85.3333,4.8333,23.1667,0.1681,1.0087,0.0,100.0,Paddy,5,Healthy,6,Low
4,MEDAK,413,RAMAYAMPET,0413004,Lakshmapur,4,4,0,4,0,0,0,0,0.0,83.25,89.0,3.25,22.25,0.1727,0.6908,0.0,100.0,Paddy,4,Healthy,4,Low
4,MEDAK,413,RAMAYAMPET,0413005,Thonigandla,10,10,0,7,1,1,1,3,0.22,72.8,91.5,4.8,19.9,0.202,2.0205,30.0,100.0,Paddy,10,Healthy,7,Moderate
4,MEDAK,413,RAMAYAMPET,0413007,Jamsing Lingapur,5,5,0,2,0,0,3,3,0.54,80.8,88.4,4.4,21.8,0.2722,1.3608,60.0,100.0,Paddy,5,Pests,3,High
4,MEDAK,413,RAMAYAMPET,0413008,Akkannapet,13,13,0,11,0,1,1,2,0.1308,71.0,90.5385,4.1538,18.4615,0.2259,2.9364,15.384615384615383,100.0,Paddy,13,Healthy,11,Low
4,MEDAK,413,RAMAYAMPET,0413009,Damaracheru,33,33,0,29,1,3,0,4,0.0879,109.2424,77.6061,4.0,21.697,0.2587,8.5364,12.12121212121212,100.0,Paddy,22,Healthy,29,Low
4,MEDAK,413,RAMAYAMPET,0413010,Ramayampet,31,31,0,26,1,1,3,5,0.129,83.7419,87.129,4.3548,21.5484,0.3167,9.8182,16.129032258064516,100.0,Paddy,28,Healthy,26,Low
4,MEDAK,413,RAMAYAMPET,0413011,Komatipalle,20,20,0,18,0,0,2,2,0.09,99.3,74.55,3.85,21.05,0.1718,3.4361,10.0,100.0,Paddy,12,Healthy,18,Low
4,MEDAK,413,RAMAYAMPET,0413012,Konapur,27,27,0,20,2,1,4,7,0.2,99.5926,75.9259,4.2963,20.0741,0.1844,4.9792,25.925925925925924,100.0,Paddy,17,Healthy,20,Low
4,MEDAK,413,RAMAYAMPET,0413014,Chelmeda,31,1,30,1,0,0,0,0,0.0,92.7097,74.4194,3.9677,19.9032,0.2569,7.9638,0.0,3.23,Paddy,19,Healthy,1,Low
4,MEDAK,413,RAMAYAMPET,0413019,Narlapur,174,1,173,1,0,0,0,0,0.0,102.4425,75.0287,4.1724,20.0517,0.2048,35.6414,0.0,0.57,Paddy,108,Healthy,1,Low
4,MEDAK,413,RAMAYAMPET,0413020,Bachurajpalle,64,1,63,0,0,0,1,1,0.9,179.4062,53.4844,3.4844,22.3125,0.1743,11.156,100.0,1.56,Maize,55,Pests,1,Very High
4,MEDAK,413,RAMAYAMPET,0413021,Rayalapur,35,35,0,32,1,1,1,3,0.0629,97.6571,70.4,4.0,20.5429,0.2247,7.8646,8.571428571428571,100.0,Paddy,20,Healthy,32,Low
4,MEDAK,413,RAMAYAMPET,0413022,Sutarpalle,5,5,0,4,0,1,0,1,0.16,83.8,50.4,3.8,14.6,0.1577,0.7887,20.0,100.0,Cotton,5,Healthy,4,Low
4,MEDAK,413,RAMAYAMPET,0413023,Sivaipalle,16,16,0,11,1,3,1,5,0.2375,80.0625,73.3125,4.1875,18.0,0.2455,3.9275,31.25,100.0,Paddy,10,Healthy,11,Moderate
4,MEDAK,413,RAMAYAMPET,0413024,Dongal Dharmaram,36,36,0,30,2,3,1,6,0.1194,79.7222,82.6667,4.5,18.8056,0.245,8.8205,16.666666666666664,100.0,Paddy,31,Healthy,30,Low
4,MEDAK,414,DUBBAK,0414026,Pothareddipet,8,7,1,7,0,0,0,0,0.0,101.375,55.375,3.625,18.5,0.2419,1.9352,0.0,87.5,Cotton,3,Healthy,7,Low
4,MEDAK,422,DOULTABAD,0422003,Dommat,1,1,0,1,0,0,0,0,0.0,86.0,94.0,6.0,16.0,0.0506,0.0506,0.0,100.0,Paddy,1,Healthy,1,Low
4,MEDAK,423,CHEGUNTA,0423001,Narsingi,19,19,0,15,0,2,2,4,0.1789,68.9474,87.7895,4.2632,20.1053,0.4196,7.9732,21.052631578947366,100.0,Paddy,19,Healthy,15,Low
4,MEDAK,423,CHEGUNTA,0423002,Narsampalle,3,3,0,3,0,0,0,0,0.0,116.6667,61.6667,3.6667,17.6667,0.1927,0.5781,0.0,100.0,Cotton,1,Healthy,3,Low
4,MEDAK,423,CHEGUNTA,0423004,Bheemraopalle,3,3,0,1,1,0,1,2,0.4667,67.3333,88.3333,3.6667,18.0,0.3515,1.0545,66.66666666666666,100.0,Paddy,3,Healthy,1,High
4,MEDAK,423,CHEGUNTA,0423005,Rukmapur,5,5,0,4,0,0,1,1,0.18,101.8,75.6,4.2,18.2,0.2771,1.3853,20.0,100.0,Paddy,4,Healthy,4,Low
4,MEDAK,423,CHEGUNTA,0423006,Ibrahimpur,15,15,0,13,0,0,2,2,0.12,94.4,70.2,4.0,15.9333,0.2553,3.8297,13.333333333333334,100.0,Paddy,8,Healthy,13,Low
4,MEDAK,423,CHEGUNTA,0423007,Kistapur,6,6,0,5,1,0,0,1,0.0833,77.3333,82.6667,4.0,15.6667,0.2843,1.706,16.666666666666664,100.0,Paddy,5,Healthy,5,Low
4,MEDAK,423,CHEGUNTA,0423008,Pulamamidi,17,15,2,13,1,0,1,2,0.0933,91.8824,77.1765,4.7059,16.1765,0.2792,4.7471,13.333333333333334,88.24,Paddy,11,Healthy,13,Low
4,MEDAK,423,CHEGUNTA,0423009,Bonal,46,46,0,39,0,3,4,7,0.1304,88.1739,73.5,4.4348,16.0,0.1922,8.8423,15.217391304347828,100.0,Paddy,28,Healthy,39,Low
4,MEDAK,423,CHEGUNTA,0423010,Kondapur [Bonal],31,19,12,15,0,1,3,4,0.1842,100.6452,66.0968,4.0968,15.8387,0.2259,7.0031,21.052631578947366,61.29,Cotton,13,Healthy,15,Low
4,MEDAK,423,CHEGUNTA,0423011,Upperpalle,2,2,0,2,0,0,0,0,0.0,70.0,89.5,3.5,17.0,0.13,0.26,0.0,100.0,Paddy,2,Healthy,2,Low
4,MEDAK,423,CHEGUNTA,0423012,Govindapur,3,3,0,2,0,1,0,1,0.2667,70.6667,88.3333,5.0,18.0,0.1217,0.365,33.33333333333333,100.0,Paddy,3,Healthy,2,Moderate
4,MEDAK,423,CHEGUNTA,0423014,Ramapur,15,15,0,11,1,2,1,4,0.2,85.2667,65.4,3.8667,15.2667,0.2805,4.2076,26.666666666666668,100.0,Cotton,6,Healthy,11,Low
4,MEDAK,423,CHEGUNTA,0423015,Ananthasagar,7,7,0,6,0,0,1,1,0.1286,67.0,71.4286,4.2857,14.1429,0.3636,2.5452,14.285714285714285,100.0,Paddy,4,Healthy,6,Low
4,MEDAK,423,CHEGUNTA,0423017,Reddipalle,16,16,0,15,1,0,0,1,0.0312,64.5625,82.5,4.75,16.9375,0.1492,2.3871,6.25,100.0,Paddy,13,Healthy,15,Low
4,MEDAK,423,CHEGUNTA,0423018,Valloor,8,8,0,6,1,1,0,2,0.1625,82.25,87.875,4.625,23.125,0.1663,1.3307,25.0,100.0,Paddy,8,Healthy,6,Low
4,MEDAK,423,CHEGUNTA,0423019,Polampalle,1,1,0,1,0,0,0,0,0.0,70.0,100.0,5.0,20.0,0.2024,0.2024,0.0,100.0,Paddy,1,Healthy,1,Low
4,MEDAK,423,CHEGUNTA,0423020,Chegunta,6,6,0,5,1,0,0,1,0.0833,78.0,90.6667,4.8333,16.5,0.251,1.5061,16.666666666666664,100.0,Paddy,6,Healthy,5,Low
4,MEDAK,423,CHEGUNTA,0423021,Wadiaram,5,5,0,5,0,0,0,0,0.0,65.4,88.0,5.2,16.4,0.1398,0.6992,0.0,100.0,Paddy,5,Healthy,5,Low
4,MEDAK,423,CHEGUNTA,0423022,Chinna Shivnoor,7,7,0,6,0,1,0,1,0.1143,106.4286,59.7143,3.8571,17.1429,0.4004,2.803,14.285714285714285,100.0,Cotton,3,Healthy,6,Low
4,MEDAK,423,CHEGUNTA,0423023,Makkarajpet,3,3,0,2,0,0,1,1,0.3,96.6667,61.3333,4.0,18.0,0.2785,0.8356,33.33333333333333,100.0,Cotton,1,Healthy,2,Moderate
4,MEDAK,424,YELDURTHY,0424002,Settipalle Kalan,1,1,0,1,0,0,0,0,0.0,93.0,95.0,6.0,20.0,0.105,0.105,0.0,100.0,Paddy,1,Healthy,1,Low
4,MEDAK,424,YELDURTHY,0424005,Uppulingapur,2,2,0,1,0,1,0,1,0.4,68.5,43.5,3.5,5.0,0.1462,0.2923,50.0,100.0,Chillies,2,Diseased,1,Moderate
4,MEDAK,424,YELDURTHY,0424013,Yeldurthy,1,1,0,1,0,0,0,0,0.0,71.0,47.0,5.0,12.0,0.1619,0.1619,0.0,100.0,Cotton,1,Healthy,1,Low
4,MEDAK,424,YELDURTHY,0424017,Hakimpet,3,3,0,3,0,0,0,0,0.0,72.0,85.6667,4.3333,18.3333,0.2687,0.806,0.0,100.0,Paddy,3,Healthy,3,Low
4,MEDAK,424,YELDURTHY,0424020,Masaipet,1,1,0,1,0,0,0,0,0.0,87.0,84.0,5.0,15.0,0.1771,0.1771,0.0,100.0,Paddy,1,Healthy,1,Low
4,MEDAK,425,KOWDIPALLE,0425001,Chitkul,2,2,0,2,0,0,0,0,0.0,66.5,89.5,5.0,17.0,0.0495,0.099,0.0,100.0,Paddy,2,Healthy,2,Low
4,MEDAK,425,KOWDIPALLE,0425002,Bujarampet,7,7,0,3,2,1,1,4,0.3857,76.1429,88.8571,4.7143,16.4286,0.0331,0.2316,57.14285714285714,100.0,Paddy,7,Healthy,3,Moderate
4,MEDAK,425,KOWDIPALLE,0425007,Yelmakanna,4,4,0,4,0,0,0,0,0.0,78.75,93.5,4.0,17.0,0.0644,0.2576,0.0,100.0,Paddy,4,Healthy,4,Low
4,MEDAK,425,KOWDIPALLE,0425008,Kanchanpalle,2,2,0,1,0,0,1,1,0.45,63.5,92.5,4.0,17.5,0.021,0.0419,50.0,100.0,Paddy,2,Healthy,1,Moderate
4,MEDAK,425,KOWDIPALLE,0425009,Dharmasagar,1,1,0,1,0,0,0,0,0.0,65.0,97.0,4.0,19.0,0.019,0.019,0.0,100.0,Paddy,1,Healthy,1,Low
4,MEDAK,425,KOWDIPALLE,0425014,Gouthapur,1,1,0,1,0,0,0,0,0.0,77.0,99.0,5.0,18.0,0.0253,0.0253,0.0,100.0,Paddy,1,Healthy,1,Low
4,MEDAK,425,KOWDIPALLE,0425015,Mangalpalle,2,2,0,2,0,0,0,0,0.0,73.5,51.0,4.0,11.5,0.1329,0.2658,0.0,100.0,Cotton,2,Healthy,2,Low
4,MEDAK,425,KOWDIPALLE,0425016,Chandur,5,5,0,4,0,1,0,1,0.16,64.4,89.6,4.4,17.2,0.0421,0.2103,20.0,100.0,Paddy,5,Healthy,4,Low
4,MEDAK,425,KOWDIPALLE,0425017,Chilipched,3,3,0,3,0,0,0,0,0.0,84.6667,87.3333,4.0,17.6667,0.0608,0.1824,0.0,100.0,Paddy,3,Healthy,3,Low
4,MEDAK,425,KOWDIPALLE,0425018,Somakkapet,1,1,0,1,0,0,0,0,0.0,72.0,99.0,5.0,16.0,0.1729,0.1729,0.0,100.0,Paddy,1,Healthy,1,Low
4,MEDAK,425,KOWDIPALLE,0425020,Faizabad,2,2,0,2,0,0,0,0,0.0,78.5,89.0,5.0,18.0,0.0437,0.0874,0.0,100.0,Paddy,2,Healthy,2,Low
4,MEDAK,425,KOWDIPALLE,0425024,Jaggampet,10,10,0,8,1,1,0,2,0.13,70.6,87.3,4.8,16.6,0.0428,0.4284,20.0,100.0,Paddy,10,Healthy,8,Low
4,MEDAK,425,KOWDIPALLE,0425026,Salabatpur,12,12,0,10,1,0,1,2,0.1167,74.6667,88.6667,4.0,17.75,0.0404,0.4852,16.666666666666664,100.0,Paddy,12,Healthy,10,Low
4,MEDAK,425,KOWDIPALLE,0425027,Antharam,2,2,0,2,0,0,0,0,0.0,85.5,88.5,5.5,18.5,0.0418,0.0837,0.0,100.0,Paddy,2,Healthy,2,Low
4,MEDAK,425,KOWDIPALLE,0425028,Mohammednagar @ Munirai,3,3,0,3,0,0,0,0,0.0,70.3333,92.0,4.3333,17.6667,0.1142,0.3427,0.0,100.0,Paddy,3,Healthy,3,Low
4,MEDAK,425,KOWDIPALLE,0425029,Thimmapur,3,3,0,2,0,1,0,1,0.2667,66.3333,90.3333,5.6667,16.6667,0.0718,0.2154,33.33333333333333,100.0,Paddy,3,Healthy,2,Moderate
4,MEDAK,425,KOWDIPALLE,0425033,Mutrajpalle,1,1,0,1,0,0,0,0,0.0,66.0,95.0,3.0,18.0,0.0445,0.0445,0.0,100.0,Paddy,1,Healthy,1,Low
4,MEDAK,425,KOWDIPALLE,0425034,Rajpet,4,4,0,4,0,0,0,0,0.0,71.0,96.0,4.5,17.25,0.0265,0.106,0.0,100.0,Paddy,4,Healthy,4,Low
4,MEDAK,425,KOWDIPALLE,0425035,Venkatapur,1,1,0,0,0,0,1,1,0.9,76.0,89.0,4.0,19.0,0.0268,0.0268,100.0,100.0,Paddy,1,Pests,1,Very High
4,MEDAK,441,NARSAPUR,0441012,Tiyalpur,1,1,0,1,0,0,0,0,0.0,83.0,81.0,4.0,15.0,0.1213,0.1213,0.0,100.0,Paddy,1,Healthy,1,Low
4,MEDAK,442,SHIVAMPET,0442001,Lingojiguda,1,1,0,1,0,0,0,0,0.0,51.0,90.0,6.0,15.0,0.0242,0.0242,0.0,100.0,Paddy,1,Healthy,1,Low
4,MEDAK,442,SHIVAMPET,0442010,Edulapur,1,1,0,1,0,0,0,0,0.0,74.0,86.0,4.0,15.0,0.1076,0.1076,0.0,100.0,Paddy,1,Healthy,1,Low
4,MEDAK,442,SHIVAMPET,0442012,Kothapet,5,5,0,4,1,0,0,1,0.1,75.6,90.2,4.2,17.0,0.0512,0.2558,20.0,100.0,Paddy,5,Healthy,4,Low
4,MEDAK,442,SHIVAMPET,0442013,Pillutla,2,2,0,2,0,0,0,0,0.0,68.0,92.0,4.5,15.0,0.0471,0.0943,0.0,100.0,Paddy,2,Healthy,2,Low
4,MEDAK,442,SHIVAMPET,0442016,Shivampet,1,1,0,1,0,0,0,0,0.0,73.0,97.0,3.0,19.0,0.0894,0.0894,0.0,100.0,Paddy,1,Healthy,1,Low
4,MEDAK,442,SHIVAMPET,0442017,Chandi,1,1,0,1,0,0,0,0,0.0,75.0,81.0,3.0,20.0,0.062,0.062,0.0,100.0,Paddy,1,Healthy,1,Low
4,MEDAK,442,SHIVAMPET,0442019,Gangaipalle,1,1,0,1,0,0,0,0,0.0,97.0,90.0,4.0,20.0,0.0211,0.0211,0.0,100.0,Paddy,1,Healthy,1,Low
4,MEDAK,442,SHIVAMPET,0442020,Potharam,2,2,0,1,0,0,1,1,0.45,51.5,82.0,4.0,15.0,0.0732,0.1465,50.0,100.0,Paddy,2,Healthy,1,Moderate
4,MEDAK,442,SHIVAMPET,0442025,Pedda Gottimukkala,2,2,0,2,0,0,0,0,0.0,75.5,90.0,3.5,19.5,0.0617,0.1234,0.0,100.0,Paddy,2,Healthy,2,Low
4,MEDAK,442,SHIVAMPET,0442027,Nawabpet,1,1,0,1,0,0,0,0,0.0,83.0,87.0,4.0,17.0,0.0537,0.0537,0.0,100.0,Paddy,1,Healthy,1,Low
4,MEDAK,443,TUPRAN,0443023,Ramaipalle,1,1,0,1,0,0,0,0,0.0,98.0,91.0,5.0,17.0,0.0805,0.0805,0.0,100.0,Paddy,1,Healthy,1,Low
4,MEDAK,443,TUPRAN,0443024,Venkatapur Agraharam,1,1,0,1,0,0,0,0,0.0,86.0,44.0,6.0,10.0,0.1073,0.1073,0.0,100.0,Cotton,1,Healthy,1,Low
4,MEDAK,443,TUPRAN,0443026,Chatla  Gouraram,2,2,0,1,1,0,0,1,0.25,87.5,93.0,5.0,15.0,0.0741,0.1482,50.0,100.0,Paddy,2,Healthy,1,Moderate
4,MEDAK,443,TUPRAN,0443032,Kondapur,3,3,0,3,0,0,0,0,0.0,92.0,42.3333,4.0,12.6667,0.4455,1.3366,0.0,100.0,Cotton,3,Healthy,3,Low
4,MEDAK,445,MULUG,0445001,Banda Thimmapur,1,1,0,1,0,0,0,0,0.0,97.0,60.0,4.0,13.0,0.2529,0.2529,0.0,100.0,Cotton,1,Healthy,1,Low
5,RANGAREDDY,526,DOMA,0526028,Gumdal,4,4,0,4,0,0,0,0,0.0,30.0,38.0,3.0,13.0,0.2321,0.9284,0.0,100.0,Groundnut,4,Healthy,4,Low
5,RANGAREDDY,527,GANDEED,0527003,Jinnaram,3,1,2,1,0,0,0,0,0.0,22.3333,35.3333,2.3333,15.0,0.4117,1.2352,0.0,33.33,Groundnut,3,Healthy,1,Low
5,RANGAREDDY,527,GANDEED,0527006,Peddavarval,10,6,4,6,0,0,0,0,0.0,32.6,31.3,2.9,13.5,0.1465,1.465,0.0,60.0,Groundnut,10,Healthy,6,Low
5,RANGAREDDY,527,GANDEED,0527020,Nancherla,14,14,0,14,0,0,0,0,0.0,32.6429,34.0,1.9286,11.7857,0.184,2.5765,0.0,100.0,Groundnut,14,Healthy,14,Low
5,RANGAREDDY,527,GANDEED,0527021,Gadrial,1,1,0,1,0,0,0,0,0.0,23.0,39.0,2.0,13.0,0.2128,0.2128,0.0,100.0,Groundnut,1,Healthy,1,Low
5,RANGAREDDY,527,GANDEED,0527022,Chowderpalle,3,3,0,3,0,0,0,0,0.0,38.3333,36.6667,3.3333,12.6667,0.1252,0.3756,0.0,100.0,Groundnut,3,Healthy,3,Low
5,RANGAREDDY,527,GANDEED,0527023,Mangampet,2,2,0,2,0,0,0,0,0.0,23.0,41.5,3.0,15.0,0.0907,0.1813,0.0,100.0,Groundnut,2,Healthy,2,Low
5,RANGAREDDY,527,GANDEED,0527024,Mukarlabad,3,3,0,1,0,2,0,2,0.5333,29.6667,40.6667,3.3333,11.3333,0.0884,0.2652,66.66666666666666,100.0,Groundnut,3,Diseased,2,High
5,RANGAREDDY,527,GANDEED,0527025,Julapalle,9,6,3,5,0,0,1,1,0.15,37.4444,31.2222,2.6667,13.4444,0.3142,2.8274,16.666666666666664,66.67,Groundnut,8,Healthy,5,Low
5,RANGAREDDY,527,GANDEED,0527026,Annareddipalle,4,4,0,4,0,0,0,0,0.0,26.0,28.75,1.25,10.75,0.2604,1.0416,0.0,100.0,Groundnut,4,Healthy,4,Low
5,RANGAREDDY,527,GANDEED,0527028,Mohammadabad,8,8,0,7,0,1,0,1,0.1,29.625,40.625,3.125,13.75,0.0999,0.7995,12.5,100.0,Groundnut,7,Healthy,7,Low
7,MAHABUBNAGAR,703,KOSGI,0703008,Kosgi,4,4,0,4,0,0,0,0,0.0,45.25,30.75,2.75,12.25,0.6987,2.7949,0.0,100.0,Groundnut,3,Healthy,4,Low
7,MAHABUBNAGAR,703,KOSGI,0703011,Mushrifa,1,1,0,1,0,0,0,0,0.0,97.0,45.0,2.0,9.0,0.2658,0.2658,0.0,100.0,Red Gram,1,Healthy,1,Low
7,MAHABUBNAGAR,703,KOSGI,0703015,Kadampalle,4,4,0,3,1,0,0,1,0.125,50.25,32.75,3.0,12.0,1.0065,4.026,25.0,100.0,Groundnut,3,Healthy,3,Low
7,MAHABUBNAGAR,703,KOSGI,0703018,Bhogaram,4,4,0,1,0,1,2,3,0.65,29.75,31.75,2.5,12.75,0.9735,3.8941,75.0,100.0,Groundnut,4,Pests,2,High
7,MAHABUBNAGAR,705,DAMARAGIDDA,0705003,Mogalamadka,4,4,0,4,0,0,0,0,0.0,27.25,40.75,3.0,11.5,0.6811,2.7242,0.0,100.0,Groundnut,4,Healthy,4,Low
7,MAHABUBNAGAR,705,DAMARAGIDDA,0705006,Narsapur,4,4,0,4,0,0,0,0,0.0,54.25,64.5,2.75,15.5,0.4056,1.6223,0.0,100.0,Groundnut,2,Healthy,4,Low
7,MAHABUBNAGAR,705,DAMARAGIDDA,0705007,Annasagar,31,31,0,21,6,3,1,10,0.2032,47.2581,43.2903,3.0323,13.1613,0.4297,13.321,32.25806451612903,100.0,Groundnut,21,Healthy,21,Moderate
7,MAHABUBNAGAR,705,DAMARAGIDDA,0705008,Ulligundam,1,1,0,1,0,0,0,0,0.0,37.0,31.0,4.0,13.0,0.6015,0.6015,0.0,100.0,Groundnut,1,Healthy,1,Low
7,MAHABUBNAGAR,705,DAMARAGIDDA,0705009,Kanukurthy,12,12,0,11,0,1,0,1,0.0667,46.25,44.0,3.0833,12.0833,0.4568,5.481,8.333333333333332,100.0,Groundnut,8,Healthy,11,Low
7,MAHABUBNAGAR,705,DAMARAGIDDA,0705010,Malreddipalle,9,9,0,7,1,0,1,2,0.1556,49.6667,27.6667,2.6667,11.3333,0.4375,3.9376,22.22222222222222,100.0,Groundnut,6,Healthy,7,Low
7,MAHABUBNAGAR,705,DAMARAGIDDA,0705011,Lokurthy,8,8,0,7,0,0,1,1,0.1125,46.0,46.625,2.75,13.875,1.0957,8.7657,12.5,100.0,Groundnut,5,Healthy,7,Low
7,MAHABUBNAGAR,705,DAMARAGIDDA,0705013,Ayyawaripalle,8,8,0,6,1,1,0,2,0.1625,65.5,67.125,3.5,14.875,0.4786,3.8288,25.0,100.0,Paddy,4,Healthy,6,Low
7,MAHABUBNAGAR,705,DAMARAGIDDA,0705014,Desaipalle,6,6,0,5,0,1,0,1,0.1333,48.0,51.3333,3.8333,13.8333,0.3159,1.8956,16.666666666666664,100.0,Groundnut,3,Healthy,5,Low
7,MAHABUBNAGAR,705,DAMARAGIDDA,0705015,Chakalavaripalle,4,4,0,3,0,1,0,1,0.2,82.75,70.25,4.75,15.25,0.4302,1.7207,25.0,100.0,Cotton,2,Healthy,3,Low
7,MAHABUBNAGAR,705,DAMARAGIDDA,0705016,Yelsanpalle,4,4,0,3,0,0,1,1,0.225,87.25,46.75,2.5,12.0,0.3694,1.4776,25.0,100.0,Cotton,3,Healthy,3,Moderate
7,MAHABUBNAGAR,705,DAMARAGIDDA,0705018,Piddampalle,3,3,0,2,0,1,0,1,0.2667,27.3333,33.0,3.3333,11.6667,0.7446,2.2339,33.33333333333333,100.0,Groundnut,3,Healthy,2,Moderate
7,MAHABUBNAGAR,705,DAMARAGIDDA,0705019,Gadimunkanpalle,5,5,0,4,0,0,1,1,0.18,35.0,44.4,2.2,12.6,0.3646,1.8228,20.0,100.0,Groundnut,4,Healthy,4,Low
7,MAHABUBNAGAR,705,DAMARAGIDDA,0705022,Damaragidda,2,2,0,2,0,0,0,0,0.0,28.0,44.5,3.5,11.5,0.6103,1.2207,0.0,100.0,Groundnut,2,Healthy,2,Low
7,MAHABUBNAGAR,705,DAMARAGIDDA,0705023,Lingareddipalle,9,9,0,8,0,0,1,1,0.1,35.7778,35.7778,2.4444,12.7778,0.6217,5.5956,11.11111111111111,100.0,Groundnut,8,Healthy,8,Low
7,MAHABUBNAGAR,705,DAMARAGIDDA,0705024,Bapanpalle,5,5,0,5,0,0,0,0,0.0,28.8,34.6,2.6,13.4,0.5941,2.9703,0.0,100.0,Groundnut,5,Healthy,5,Low
7,MAHABUBNAGAR,705,DAMARAGIDDA,0705025,Kyatanpalle,8,8,0,6,1,0,1,2,0.175,52.75,49.25,3.125,13.125,0.5744,4.5953,25.0,100.0,Groundnut,4,Healthy,6,Low
7,MAHABUBNAGAR,705,DAMARAGIDDA,0705026,Vathugundla,1,1,0,1,0,0,0,0,0.0,35.0,35.0,4.0,13.0,1.0056,1.0056,0.0,100.0,Groundnut,1,Healthy,1,Low
7,MAHABUBNAGAR,705,DAMARAGIDDA,0705028,Bommanpad,11,11,0,10,1,0,0,1,0.0455,54.9091,40.4545,3.3636,13.3636,0.4467,4.9134,9.090909090909092,100.0,Groundnut,7,Healthy,10,Low
7,MAHABUBNAGAR,706,MADDUR,0706013,Pedripahad,4,3,1,2,0,0,1,1,0.3,33.25,33.5,2.5,13.0,0.6263,2.5053,33.33333333333333,75.0,Groundnut,3,Healthy,2,Moderate
7,MAHABUBNAGAR,706,MADDUR,0706015,Nidjinta,8,8,0,6,0,1,1,2,0.2125,72.875,49.25,2.625,12.375,0.5834,4.667,25.0,100.0,Red Gram,4,Healthy,6,Moderate
7,MAHABUBNAGAR,706,MADDUR,0706016,Kothapalle,9,9,0,5,1,1,2,4,0.3444,35.3333,41.4444,2.4444,13.1111,0.4356,3.92,44.44444444444444,100.0,Groundnut,7,Healthy,5,Moderate
7,MAHABUBNAGAR,706,MADDUR,0706017,Mannapur,3,3,0,2,1,0,0,1,0.1667,43.0,34.3333,2.0,11.3333,0.4358,1.3073,33.33333333333333,100.0,Groundnut,2,Healthy,2,Low
7,MAHABUBNAGAR,706,MADDUR,0706020,Peddapur,5,5,0,3,0,1,1,2,0.34,25.6,37.8,2.8,14.4,0.0656,0.3279,40.0,100.0,Groundnut,5,Healthy,3,Moderate
7,MAHABUBNAGAR,706,MADDUR,0706022,Nandigam,6,6,0,6,0,0,0,0,0.0,50.1667,39.6667,1.6667,11.5,0.4599,2.7595,0.0,100.0,Groundnut,4,Healthy,6,Low
7,MAHABUBNAGAR,706,MADDUR,0706023,Thimmareddipalle,1,1,0,1,0,0,0,0,0.0,22.0,25.0,1.0,13.0,1.5469,1.5469,0.0,100.0,Groundnut,1,Healthy,1,Low
7,MAHABUBNAGAR,706,MADDUR,0706025,Allipur,5,5,0,5,0,0,0,0,0.0,71.6,86.0,4.2,16.8,0.3522,1.7609,0.0,100.0,Paddy,5,Healthy,5,Low
7,MAHABUBNAGAR,706,MADDUR,0706026,Duppatghat,2,2,0,1,0,0,1,1,0.45,85.5,65.0,3.5,15.0,0.8777,1.7555,50.0,100.0,Cotton,1,Healthy,1,Moderate
7,MAHABUBNAGAR,707,KOILKONDA,0707001,Vinjamur,27,27,0,23,1,1,2,4,0.1148,28.7037,35.1481,2.2593,11.6296,0.2658,7.1763,14.814814814814811,100.0,Groundnut,27,Healthy,23,Low
7,MAHABUBNAGAR,707,KOILKONDA,0707002,Kushmohmedpalle,9,9,0,8,0,0,1,1,0.1,30.4444,33.4444,2.7778,12.1111,0.1845,1.6609,11.11111111111111,100.0,Groundnut,9,Healthy,8,Low
7,MAHABUBNAGAR,707,KOILKONDA,0707003,Yellareddipalle,1,1,0,1,0,0,0,0,0.0,28.0,38.0,1.0,14.0,0.4126,0.4126,0.0,100.0,Groundnut,1,Healthy,1,Low
7,MAHABUBNAGAR,707,KOILKONDA,0707004,Modipur,16,16,0,14,1,1,0,2,0.0812,46.3125,44.0,3.125,12.5625,0.375,6.0003,12.5,100.0,Groundnut,12,Healthy,14,Low
7,MAHABUBNAGAR,707,KOILKONDA,0707007,Suraram,22,22,0,18,1,1,2,4,0.1409,33.3636,32.4545,2.8182,12.3636,0.1738,3.8238,18.181818181818183,100.0,Groundnut,21,Healthy,18,Low
7,MAHABUBNAGAR,707,KOILKONDA,0707008,Mallapur,3,3,0,3,0,0,0,0,0.0,28.3333,33.3333,2.3333,11.6667,0.1483,0.4449,0.0,100.0,Groundnut,3,Healthy,3,Low
7,MAHABUBNAGAR,707,KOILKONDA,0707009,Kothlavad,5,4,1,4,0,0,0,0,0.0,48.0,35.4,2.4,13.2,0.2047,1.0235,0.0,80.0,Groundnut,4,Healthy,4,Low
7,MAHABUBNAGAR,707,KOILKONDA,0707010,Burgupalle,10,10,0,8,1,0,1,2,0.14,50.3,40.6,2.3,12.4,0.3315,3.3153,20.0,100.0,Groundnut,7,Healthy,8,Low
7,MAHABUBNAGAR,707,KOILKONDA,0707011,Chandraspalle,9,9,0,8,0,1,0,1,0.0889,57.2222,38.1111,2.8889,13.0,0.4376,3.9387,11.11111111111111,100.0,Groundnut,6,Healthy,8,Low
7,MAHABUBNAGAR,707,KOILKONDA,0707012,Thirumalampalle,4,4,0,4,0,0,0,0,0.0,59.0,41.0,4.0,13.0,0.8592,3.4367,0.0,100.0,Cotton,2,Healthy,4,Low
7,MAHABUBNAGAR,707,KOILKONDA,0707013,Chanmanpalle,2,2,0,2,0,0,0,0,0.0,58.0,46.5,5.0,14.5,0.1066,0.2133,0.0,100.0,Cotton,1,Healthy,2,Low
7,MAHABUBNAGAR,707,KOILKONDA,0707014,Kannaipalle,1,1,0,1,0,0,0,0,0.0,40.0,33.0,1.0,11.0,0.1029,0.1029,0.0,100.0,Groundnut,1,Healthy,1,Low
7,MAHABUBNAGAR,707,KOILKONDA,0707015,Lingupalle,6,6,0,3,0,2,1,3,0.4167,41.5,40.0,2.0,12.3333,0.3501,2.1008,50.0,100.0,Groundnut,5,Healthy,3,Moderate
7,MAHABUBNAGAR,707,KOILKONDA,0707016,Parpalle,1,1,0,0,0,0,1,1,0.9,26.0,29.0,3.0,13.0,0.3364,0.3364,100.0,100.0,Groundnut,1,Pests,1,Very High
7,MAHABUBNAGAR,707,KOILKONDA,0707017,Veerampalle,1,1,0,1,0,0,0,0,0.0,108.0,42.0,6.0,15.0,0.1806,0.1806,0.0,100.0,Cotton,1,Healthy,1,Low
7,MAHABUBNAGAR,707,KOILKONDA,0707023,Ankilla,5,5,0,5,0,0,0,0,0.0,27.6,34.8,2.6,12.4,0.2381,1.1904,0.0,100.0,Groundnut,5,Healthy,5,Low
7,MAHABUBNAGAR,707,KOILKONDA,0707028,Koilkonda,5,5,0,4,1,0,0,1,0.1,29.6,37.2,2.2,11.8,0.4077,2.0387,20.0,100.0,Groundnut,5,Healthy,4,Low
7,MAHABUBNAGAR,707,KOILKONDA,0707030,Kesavapur,1,1,0,1,0,0,0,0,0.0,21.0,41.0,1.0,12.0,0.2614,0.2614,0.0,100.0,Groundnut,1,Healthy,1,Low
7,MAHABUBNAGAR,707,KOILKONDA,0707033,Rampur,1,1,0,1,0,0,0,0,0.0,23.0,32.0,2.0,12.0,1.3514,1.3514,0.0,100.0,Groundnut,1,Healthy,1,Low
7,MAHABUBNAGAR,707,KOILKONDA,0707034,Abhangapatnam,2,2,0,2,0,0,0,0,0.0,26.0,46.5,2.5,12.5,0.3672,0.7343,0.0,100.0,Groundnut,2,Healthy,2,Low
7,MAHABUBNAGAR,707,KOILKONDA,0707035,Garlapad,4,4,0,4,0,0,0,0,0.0,33.25,36.75,3.0,12.0,0.3277,1.3109,0.0,100.0,Groundnut,4,Healthy,4,Low
7,MAHABUBNAGAR,707,KOILKONDA,0707036,Manikonda,12,12,0,12,0,0,0,0,0.0,32.75,33.1667,2.25,12.1667,0.4389,5.2669,0.0,100.0,Groundnut,12,Healthy,12,Low
7,MAHABUBNAGAR,707,KOILKONDA,0707037,Perkiweedu,6,6,0,4,0,1,1,2,0.2833,29.6667,36.3333,3.0,13.0,0.1234,0.7403,33.33333333333333,100.0,Groundnut,6,Healthy,4,Moderate
7,MAHABUBNAGAR,708,HANWADA,0708001,Cheekarlapalle,5,5,0,5,0,0,0,0,0.0,28.0,38.0,2.6,11.6,0.2211,1.1054,0.0,100.0,Groundnut,5,Healthy,5,Low
7,MAHABUBNAGAR,708,HANWADA,0708002,Vepoor,77,77,0,65,2,4,6,12,0.1247,41.1039,41.8182,2.974,12.8052,0.3076,23.6838,15.584415584415584,100.0,Groundnut,60,Healthy,65,Low
7,MAHABUBNAGAR,708,HANWADA,0708003,Gundiyal,51,51,0,45,2,3,1,6,0.0843,61.5294,71.6863,3.6667,15.7843,0.1359,6.9304,11.76470588235294,100.0,Paddy,32,Healthy,45,Low
7,MAHABUBNAGAR,708,HANWADA,0708004,Ayodhyanagar,3,3,0,3,0,0,0,0,0.0,33.3333,27.0,2.6667,12.0,0.1408,0.4224,0.0,100.0,Groundnut,3,Healthy,3,Low
7,MAHABUBNAGAR,708,HANWADA,0708005,Shaikpalle,8,8,0,7,0,0,1,1,0.1125,38.875,36.75,1.75,13.75,0.2067,1.6536,12.5,100.0,Groundnut,7,Healthy,7,Low
7,MAHABUBNAGAR,708,HANWADA,0708006,Munimokesham,15,15,0,12,1,0,2,3,0.1533,72.4667,78.1333,4.4667,15.9333,0.1752,2.6284,20.0,100.0,Paddy,12,Healthy,12,Low
7,MAHABUBNAGAR,708,HANWADA,0708007,Ibrahimbad,4,4,0,4,0,0,0,0,0.0,66.5,91.5,4.25,17.25,0.0734,0.2934,0.0,100.0,Paddy,4,Healthy,4,Low
7,MAHABUBNAGAR,708,HANWADA,0708009,Guddimalkapur,5,5,0,4,0,0,1,1,0.18,84.2,62.2,3.6,14.0,0.2943,1.4717,20.0,100.0,Cotton,3,Healthy,4,Low
7,MAHABUBNAGAR,708,HANWADA,0708010,Dachekpalle,16,16,0,14,1,1,0,2,0.0812,72.8125,77.75,4.6875,16.9375,0.191,3.0563,12.5,100.0,Paddy,12,Healthy,14,Low
7,MAHABUBNAGAR,708,HANWADA,0708011,Kothapeta,7,7,0,6,0,0,1,1,0.1286,86.7143,60.8571,4.0,13.7143,0.15,1.0499,14.285714285714285,100.0,Cotton,5,Healthy,6,Low
7,MAHABUBNAGAR,708,HANWADA,0708012,Chinnadharpalle,2,2,0,2,0,0,0,0,0.0,67.0,45.5,4.5,15.0,0.2557,0.5113,0.0,100.0,Cotton,2,Healthy,2,Low
7,MAHABUBNAGAR,708,HANWADA,0708013,Peddadharpalle,15,15,0,14,1,0,0,1,0.0333,60.5333,54.6667,3.7333,13.7333,0.2313,3.4689,6.666666666666667,100.0,Groundnut,6,Healthy,14,Low
7,MAHABUBNAGAR,708,HANWADA,0708014,Tankara,13,13,0,12,1,0,0,1,0.0385,80.0,69.7692,4.0,14.7692,0.1627,2.1148,7.6923076923076925,100.0,Paddy,7,Healthy,12,Low
7,MAHABUBNAGAR,708,HANWADA,0708015,Hanwada,13,13,0,12,1,0,0,1,0.0385,73.0769,50.0,2.7692,12.7692,0.2335,3.0361,7.6923076923076925,100.0,Cotton,9,Healthy,12,Low
7,MAHABUBNAGAR,708,HANWADA,0708016,Naginonipalle,1,1,0,1,0,0,0,0,0.0,79.0,52.0,2.0,14.0,0.0455,0.0455,0.0,100.0,Cotton,1,Healthy,1,Low
7,MAHABUBNAGAR,708,HANWADA,0708017,Ammapur,10,10,0,7,2,1,0,3,0.18,62.8,77.2,4.6,16.7,0.1972,1.9717,30.0,100.0,Paddy,8,Healthy,7,Low
7,MAHABUBNAGAR,708,HANWADA,0708019,Madharam,38,38,0,32,3,2,1,6,0.1053,35.9474,39.9211,2.9211,13.5263,0.4066,15.4514,15.789473684210526,100.0,Groundnut,34,Healthy,32,Low
7,MAHABUBNAGAR,709,NAWABPET,0709015,Kondapur,1,1,0,0,0,0,1,1,0.9,29.0,26.0,2.0,12.0,0.4278,0.4278,100.0,100.0,Groundnut,1,Pests,1,Very High
7,MAHABUBNAGAR,709,NAWABPET,0709018,Hanmasanipalle,1,1,0,1,0,0,0,0,0.0,61.0,92.0,3.0,20.0,0.2878,0.2878,0.0,100.0,Paddy,1,Healthy,1,Low
7,MAHABUBNAGAR,709,NAWABPET,0709022,Khanapur,7,7,0,6,1,0,0,1,0.0714,76.1429,87.8571,4.2857,18.1429,0.1239,0.8671,14.285714285714285,100.0,Paddy,7,Healthy,6,Low
7,MAHABUBNAGAR,709,NAWABPET,0709023,Karkonda,4,4,0,3,1,0,0,1,0.125,89.25,91.0,4.75,18.5,0.1163,0.4651,25.0,100.0,Paddy,4,Healthy,3,Low
7,MAHABUBNAGAR,709,NAWABPET,0709025,Kakarlapahad,1,1,0,1,0,0,0,0,0.0,67.0,96.0,5.0,16.0,0.3762,0.3762,0.0,100.0,Paddy,1,Healthy,1,Low
7,MAHABUBNAGAR,710,BALANAGAR,0710021,Peddarevelly,1,1,0,1,0,0,0,0,0.0,97.0,52.0,2.0,14.0,1.1067,1.1067,0.0,100.0,Cotton,1,Healthy,1,Low
7,MAHABUBNAGAR,710,BALANAGAR,0710030,Rajapur,3,2,1,1,1,0,0,1,0.25,79.6667,43.3333,3.0,14.0,1.5312,4.5936,50.0,66.67,Cotton,2,Healthy,1,Moderate
7,MAHABUBNAGAR,710,BALANAGAR,0710036,Chinna Revalli,9,9,0,9,0,0,0,0,0.0,33.4444,42.0,2.1111,13.0,0.7686,6.9171,0.0,100.0,Groundnut,8,Healthy,9,Low
7,MAHABUBNAGAR,710,BALANAGAR,0710037,Thirumalagiri,4,4,0,3,0,1,0,1,0.2,71.0,48.5,3.75,12.25,1.0065,4.0259,25.0,100.0,Cotton,3,Healthy,3,Low
7,MAHABUBNAGAR,719,VELDANDA,0719016,Rachur,9,9,0,7,0,2,0,2,0.1778,72.7778,47.7778,4.1111,12.3333,0.7224,6.5017,22.22222222222222,100.0,Cotton,7,Healthy,7,Low
7,MAHABUBNAGAR,720,KALWAKURTHY,0720001,Velkatta,1,1,0,1,0,0,0,0,0.0,25.0,22.0,2.0,11.0,0.4113,0.4113,0.0,100.0,Groundnut,1,Healthy,1,Low
7,MAHABUBNAGAR,720,KALWAKURTHY,0720003,Jeedipalle,2,2,0,0,0,0,2,2,0.9,29.5,39.0,2.0,13.5,1.8143,3.6286,100.0,100.0,Groundnut,2,Pests,2,Very High
7,MAHABUBNAGAR,720,KALWAKURTHY,0720009,Thotapalle,3,3,0,2,0,0,1,1,0.3,34.3333,35.0,3.3333,13.0,0.442,1.3261,33.33333333333333,100.0,Groundnut,3,Healthy,2,Moderate
7,MAHABUBNAGAR,721,MIDJIL,0721002,Kothapalle,2,2,0,1,0,1,0,1,0.4,96.5,55.5,3.5,12.0,2.6105,5.221,50.0,100.0,Cotton,2,Diseased,1,Moderate
7,MAHABUBNAGAR,721,MIDJIL,0721003,Chiluveru,1,1,0,1,0,0,0,0,0.0,100.0,94.0,6.0,18.0,0.4303,0.4303,0.0,100.0,Paddy,1,Healthy,1,Low
7,MAHABUBNAGAR,721,MIDJIL,0721004,Vaspula,1,1,0,1,0,0,0,0,0.0,23.0,38.0,1.0,14.0,0.4671,0.4671,0.0,100.0,Groundnut,1,Healthy,1,Low
7,MAHABUBNAGAR,721,MIDJIL,0721005,Chedughattu,1,1,0,1,0,0,0,0,0.0,64.0,58.0,3.0,15.0,0.5037,0.5037,0.0,100.0,Cotton,1,Healthy,1,Low
7,MAHABUBNAGAR,721,MIDJIL,0721006,Kanchanpalle,1,1,0,1,0,0,0,0,0.0,29.0,39.0,3.0,14.0,1.4899,1.4899,0.0,100.0,Groundnut,1,Healthy,1,Low
7,MAHABUBNAGAR,721,MIDJIL,0721007,Donur,9,9,0,9,0,0,0,0,0.0,44.6667,36.6667,2.3333,12.5556,0.4485,4.0365,0.0,100.0,Groundnut,7,Healthy,9,Low
7,MAHABUBNAGAR,721,MIDJIL,0721008,Singamdoddi,2,2,0,2,0,0,0,0,0.0,26.0,22.0,1.0,13.5,0.2447,0.4895,0.0,100.0,Groundnut,2,Healthy,2,Low
7,MAHABUBNAGAR,721,MIDJIL,0721009,Masigundlapalle,4,4,0,3,0,1,0,1,0.2,32.0,31.0,1.75,12.25,0.4152,1.6608,25.0,100.0,Groundnut,4,Healthy,3,Low
7,MAHABUBNAGAR,721,MIDJIL,0721010,Vemula,4,4,0,4,0,0,0,0,0.0,28.75,34.0,2.0,12.5,0.8106,3.2425,0.0,100.0,Groundnut,4,Healthy,4,Low
7,MAHABUBNAGAR,721,MIDJIL,0721012,Ramreddipalle,4,4,0,4,0,0,0,0,0.0,99.0,47.5,3.75,14.0,0.5595,2.2379,0.0,100.0,Cotton,4,Healthy,4,Low
7,MAHABUBNAGAR,721,MIDJIL,0721013,Bommarasipalle,2,2,0,2,0,0,0,0,0.0,104.5,50.0,3.0,15.0,1.3249,2.6499,0.0,100.0,Cotton,2,Healthy,2,Low
7,MAHABUBNAGAR,721,MIDJIL,0721014,Jakanalapalle,2,2,0,2,0,0,0,0,0.0,63.0,36.5,4.5,12.0,1.6441,3.2882,0.0,100.0,Cotton,1,Healthy,2,Low
7,MAHABUBNAGAR,721,MIDJIL,0721015,Ippaipahad,1,1,0,1,0,0,0,0,0.0,30.0,21.0,3.0,12.0,0.39,0.39,0.0,100.0,Groundnut,1,Healthy,1,Low
7,MAHABUBNAGAR,721,MIDJIL,0721016,Urkondapeta,4,4,0,4,0,0,0,0,0.0,24.0,30.75,2.75,11.75,0.5373,2.1493,0.0,100.0,Groundnut,4,Healthy,4,Low
7,MAHABUBNAGAR,721,MIDJIL,0721017,Narsampalle,1,1,0,1,0,0,0,0,0.0,26.0,40.0,1.0,15.0,0.1537,0.1537,0.0,100.0,Groundnut,1,Healthy,1,Low
7,MAHABUBNAGAR,721,MIDJIL,0721019,Revally,2,2,0,2,0,0,0,0,0.0,75.0,93.0,4.5,17.5,1.0106,2.0213,0.0,100.0,Paddy,2,Healthy,2,Low
7,MAHABUBNAGAR,721,MIDJIL,0721020,Boinpalle,3,3,0,3,0,0,0,0,0.0,39.3333,54.3333,3.6667,15.6667,0.9178,2.7535,0.0,100.0,Groundnut,2,Healthy,3,Low
7,MAHABUBNAGAR,721,MIDJIL,0721022,Wadiyal,1,1,0,1,0,0,0,0,0.0,21.0,41.0,2.0,12.0,0.1639,0.1639,0.0,100.0,Groundnut,1,Healthy,1,Low
7,MAHABUBNAGAR,721,MIDJIL,0721024,Velugommula,2,2,0,1,0,1,0,1,0.4,68.0,87.0,4.5,16.0,1.2674,2.5348,50.0,100.0,Paddy,2,Diseased,1,Moderate
7,MAHABUBNAGAR,721,MIDJIL,0721025,Kothur,10,10,0,5,2,2,1,5,0.35,33.3,31.5,2.1,12.5,0.3099,3.0988,50.0,100.0,Groundnut,10,Healthy,5,Moderate
7,MAHABUBNAGAR,721,MIDJIL,0721027,Madharam,5,5,0,4,0,1,0,1,0.16,33.0,34.8,2.2,12.2,1.1818,5.9091,20.0,100.0,Groundnut,5,Healthy,4,Low
7,MAHABUBNAGAR,721,MIDJIL,0721028,Rachalapalle,4,4,0,4,0,0,0,0,0.0,57.0,79.5,4.25,16.0,0.8476,3.3905,0.0,100.0,Paddy,3,Healthy,4,Low
7,MAHABUBNAGAR,722,THIMMAJIPET,0722011,Gorita,1,1,0,1,0,0,0,0,0.0,76.0,98.0,6.0,19.0,0.2772,0.2772,0.0,100.0,Paddy,1,Healthy,1,Low
7,MAHABUBNAGAR,723,JADCHERLA,0723006,Kodgal,2,1,1,1,0,0,0,0,0.0,61.5,42.0,3.5,13.0,1.2917,2.5834,0.0,50.0,Cotton,1,Healthy,1,Low
7,MAHABUBNAGAR,723,JADCHERLA,0723007,Pedda Adiryal,8,1,7,1,0,0,0,0,0.0,58.625,41.875,2.75,12.625,0.9018,7.2145,0.0,12.5,Groundnut,5,Healthy,1,Low
7,MAHABUBNAGAR,723,JADCHERLA,0723009,Chinna Adiryal,5,3,2,3,0,0,0,0,0.0,81.6,41.6,3.8,12.4,0.3865,1.9323,0.0,60.0,Cotton,4,Healthy,3,Low
7,MAHABUBNAGAR,723,JADCHERLA,0723021,Soudagarpalle,5,3,2,3,0,0,0,0,0.0,31.2,35.6,2.0,11.4,0.2916,1.4581,0.0,60.0,Groundnut,5,Healthy,3,Low
7,MAHABUBNAGAR,723,JADCHERLA,0723029,Nasrullabad,4,1,3,1,0,0,0,0,0.0,100.25,49.0,4.0,12.5,1.0893,4.3574,0.0,25.0,Cotton,4,Healthy,1,Low
7,MAHABUBNAGAR,724,BHOOTHPUR,0724006,Kothur,4,4,0,4,0,0,0,0,0.0,26.5,38.75,3.0,12.5,0.3958,1.5832,0.0,100.0,Groundnut,4,Healthy,4,Low
7,MAHABUBNAGAR,724,BHOOTHPUR,0724007,Karvena,5,5,0,4,0,0,1,1,0.18,40.4,43.0,2.8,13.8,0.6551,3.2756,20.0,100.0,Groundnut,4,Healthy,4,Low
7,MAHABUBNAGAR,724,BHOOTHPUR,0724008,Kothamolgara,4,4,0,3,0,1,0,1,0.2,77.75,85.5,5.0,17.0,0.108,0.4319,25.0,100.0,Paddy,4,Healthy,3,Low
7,MAHABUBNAGAR,724,BHOOTHPUR,0724015,Pathamolgara,2,2,0,1,1,0,0,1,0.25,51.5,65.5,2.5,14.5,0.4215,0.8429,50.0,100.0,Groundnut,1,Healthy,1,Moderate
7,MAHABUBNAGAR,724,BHOOTHPUR,0724016,Maddigatla,3,3,0,3,0,0,0,0,0.0,73.0,91.0,5.0,18.3333,0.212,0.636,0.0,100.0,Paddy,3,Healthy,3,Low
7,MAHABUBNAGAR,724,BHOOTHPUR,0724017,Yelkicharla,3,3,0,1,0,0,2,2,0.6,88.0,88.3333,3.0,16.3333,0.3686,1.1059,66.66666666666666,100.0,Paddy,3,Pests,2,High
7,MAHABUBNAGAR,725,MAHBUBNAGAR,0725002,Boyapalle (Rural),11,11,0,7,3,1,0,4,0.2091,63.9091,88.9091,4.6364,17.4545,0.1508,1.6585,36.36363636363637,100.0,Paddy,11,Healthy,7,Moderate
7,MAHABUBNAGAR,725,MAHBUBNAGAR,0725003,Zainallipur,1,1,0,1,0,0,0,0,0.0,86.0,98.0,6.0,18.0,0.0776,0.0776,0.0,100.0,Paddy,1,Healthy,1,Low
7,MAHABUBNAGAR,725,MAHBUBNAGAR,0725005,Yerravalli,1,1,0,1,0,0,0,0,0.0,72.0,85.0,4.0,16.0,0.0473,0.0473,0.0,100.0,Paddy,1,Healthy,1,Low
7,MAHABUBNAGAR,725,MAHBUBNAGAR,0725006,Yedira,1,1,0,1,0,0,0,0,0.0,72.0,83.0,3.0,16.0,0.4375,0.4375,0.0,100.0,Paddy,1,Healthy,1,Low
7,MAHABUBNAGAR,725,MAHBUBNAGAR,0725007,Yenugonda (Rural),5,5,0,4,1,0,0,1,0.1,79.4,91.8,4.4,18.4,0.206,1.0299,20.0,100.0,Paddy,5,Healthy,4,Low
7,MAHABUBNAGAR,725,MAHBUBNAGAR,0725012,Machanpalle,1,1,0,1,0,0,0,0,0.0,33.0,21.0,3.0,10.0,1.3414,1.3414,0.0,100.0,Groundnut,1,Healthy,1,Low
7,MAHABUBNAGAR,725,MAHBUBNAGAR,0725016,Kadur,1,1,0,0,0,0,1,1,0.9,54.0,86.0,3.0,15.0,1.1102,1.1102,100.0,100.0,Paddy,1,Pests,1,Very High
7,MAHABUBNAGAR,727,DEVARKADRA,0727019,Meenuguvanipalle,1,1,0,1,0,0,0,0,0.0,21.0,25.0,1.0,10.0,0.6985,0.6985,0.0,100.0,Groundnut,1,Healthy,1,Low
7,MAHABUBNAGAR,727,DEVARKADRA,0727020,Gudibanda,2,2,0,2,0,0,0,0,0.0,37.5,33.0,3.0,12.5,0.1567,0.3134,0.0,100.0,Groundnut,2,Healthy,2,Low
7,MAHABUBNAGAR,727,DEVARKADRA,0727022,Puttapalle,5,5,0,3,0,1,1,2,0.34,85.8,47.4,3.2,12.4,1.5475,7.7376,40.0,100.0,Cotton,5,Healthy,3,Moderate
7,MAHABUBNAGAR,727,DEVARKADRA,0727023,Koukuntla,12,12,0,10,0,0,2,2,0.15,94.0833,48.75,3.8333,13.3333,1.5802,18.9628,16.666666666666664,100.0,Cotton,10,Healthy,10,Low
7,MAHABUBNAGAR,727,DEVARKADRA,0727025,Rekulampalle,3,3,0,3,0,0,0,0,0.0,90.3333,43.6667,4.0,11.3333,1.0086,3.0259,0.0,100.0,Cotton,3,Healthy,3,Low
7,MAHABUBNAGAR,728,DHANWADA,0728003,Kondapur,5,5,0,5,0,0,0,0,0.0,27.8,38.4,3.4,11.8,0.2973,1.4866,0.0,100.0,Groundnut,5,Healthy,5,Low
7,MAHABUBNAGAR,729,NARAYANPET,0729006,Perapalla,3,3,0,3,0,0,0,0,0.0,45.6667,42.0,1.6667,11.6667,0.7795,2.3385,0.0,100.0,Groundnut,2,Healthy,3,Low
7,MAHABUBNAGAR,729,NARAYANPET,0729008,Singar,2,2,0,2,0,0,0,0,0.0,81.0,61.5,2.5,13.5,1.2323,2.4645,0.0,100.0,Paddy,1,Healthy,2,Low
7,MAHABUBNAGAR,729,NARAYANPET,0729009,Kavarampalle,1,1,0,1,0,0,0,0,0.0,62.0,53.0,5.0,10.0,1.4644,1.4644,0.0,100.0,Cotton,1,Healthy,1,Low
7,MAHABUBNAGAR,729,NARAYANPET,0729011,Jajapur,5,5,0,4,0,1,0,1,0.16,101.4,62.0,4.2,13.4,0.9741,4.8704,20.0,100.0,Cotton,4,Healthy,4,Low
7,MAHABUBNAGAR,729,NARAYANPET,0729014,Appakapalle,2,2,0,2,0,0,0,0,0.0,60.5,83.0,4.5,17.5,0.4282,0.8564,0.0,100.0,Paddy,2,Healthy,2,Low
7,MAHABUBNAGAR,729,NARAYANPET,0729015,Ammireddipalle,3,3,0,2,0,1,0,1,0.2667,53.6667,44.3333,4.0,11.0,0.547,1.641,33.33333333333333,100.0,Groundnut,2,Healthy,2,Moderate
7,MAHABUBNAGAR,729,NARAYANPET,0729018,Abhangapur,5,2,3,2,0,0,0,0,0.0,41.2,33.8,2.4,11.0,0.4088,2.0442,0.0,40.0,Groundnut,4,Healthy,2,Low
7,MAHABUBNAGAR,734,CHINNACHINTAKUNTA,0734006,Nellikondi,1,1,0,1,0,0,0,0,0.0,29.0,38.0,4.0,12.0,0.0725,0.0725,0.0,100.0,Groundnut,1,Healthy,1,Low
7,MAHABUBNAGAR,734,CHINNACHINTAKUNTA,0734007,Seetharampeta,1,1,0,1,0,0,0,0,0.0,37.0,33.0,1.0,14.0,0.6545,0.6545,0.0,100.0,Groundnut,1,Healthy,1,Low
7,MAHABUBNAGAR,734,CHINNACHINTAKUNTA,0734008,Damagnapur,1,1,0,1,0,0,0,0,0.0,33.0,22.0,4.0,12.0,0.9511,0.9511,0.0,100.0,Groundnut,1,Healthy,1,Low
7,MAHABUBNAGAR,734,CHINNACHINTAKUNTA,0734009,Waddemanu,5,5,0,4,1,0,0,1,0.1,31.0,34.4,3.0,13.4,0.7041,3.5206,20.0,100.0,Groundnut,5,Healthy,4,Low
7,MAHABUBNAGAR,734,CHINNACHINTAKUNTA,0734010,Appampalle,1,1,0,0,0,0,1,1,0.9,22.0,20.0,2.0,12.0,1.2125,1.2125,100.0,100.0,Groundnut,1,Pests,1,Very High
7,MAHABUBNAGAR,734,CHINNACHINTAKUNTA,0734012,Thirumalapur,2,2,0,2,0,0,0,0,0.0,101.0,44.0,5.0,13.5,0.896,1.792,0.0,100.0,Cotton,2,Healthy,2,Low
7,MAHABUBNAGAR,734,CHINNACHINTAKUNTA,0734013,Edulapur,1,1,0,1,0,0,0,0,0.0,37.0,26.0,2.0,12.0,1.0993,1.0993,0.0,100.0,Groundnut,1,Healthy,1,Low
7,MAHABUBNAGAR,734,CHINNACHINTAKUNTA,0734014,Lakshmidevipur,1,1,0,1,0,0,0,0,0.0,23.0,42.0,4.0,14.0,0.8802,0.8802,0.0,100.0,Groundnut,1,Healthy,1,Low
7,MAHABUBNAGAR,734,CHINNACHINTAKUNTA,0734015,Undyala,3,3,0,2,0,0,1,1,0.3,33.6667,37.6667,3.0,13.6667,1.3692,4.1075,33.33333333333333,100.0,Groundnut,3,Healthy,2,Moderate
7,MAHABUBNAGAR,734,CHINNACHINTAKUNTA,0734016,Chinnachintakunta,2,2,0,2,0,0,0,0,0.0,27.5,31.5,1.5,11.0,1.6132,3.2264,0.0,100.0,Groundnut,2,Healthy,2,Low
7,MAHABUBNAGAR,734,CHINNACHINTAKUNTA,0734018,Ammapur,1,1,0,1,0,0,0,0,0.0,35.0,45.0,3.0,10.0,1.5441,1.5441,0.0,100.0,Groundnut,1,Healthy,1,Low
7,MAHABUBNAGAR,734,CHINNACHINTAKUNTA,0734019,Kurumurthy,1,1,0,1,0,0,0,0,0.0,33.0,46.0,2.0,11.0,1.607,1.607,0.0,100.0,Groundnut,1,Healthy,1,Low
7,MAHABUBNAGAR,734,CHINNACHINTAKUNTA,0734020,Maddur,2,2,0,1,0,0,1,1,0.45,21.5,29.5,1.0,11.0,1.5623,3.1246,50.0,100.0,Groundnut,2,Healthy,1,Moderate
7,MAHABUBNAGAR,735,ATMAKUR,0735003,Pamireddipalle,1,1,0,1,0,0,0,0,0.0,31.0,37.0,1.0,13.0,0.9031,0.9031,0.0,100.0,Groundnut,1,Healthy,1,Low
7,MAHABUBNAGAR,735,ATMAKUR,0735004,Kankanvanipalle,4,4,0,3,0,0,1,1,0.225,30.25,41.75,2.75,12.75,0.4227,1.6908,25.0,100.0,Groundnut,4,Healthy,3,Moderate
7,MAHABUBNAGAR,735,ATMAKUR,0735005,Rangapur,2,2,0,2,0,0,0,0,0.0,30.0,35.0,4.0,14.0,2.4784,4.9568,0.0,100.0,Groundnut,2,Healthy,2,Low
7,MAHABUBNAGAR,741,TADOOR,0741003,Sirsawada,7,7,0,6,1,0,0,1,0.0714,28.4286,37.0,2.2857,14.2857,0.2486,1.7404,14.285714285714285,100.0,Groundnut,7,Healthy,6,Low
8,NALGONDA,812,SALI GOURARAM,0812001,Uppalancha,3,3,0,1,0,2,0,2,0.5333,61.6667,87.3333,4.6667,17.3333,0.211,0.6329,66.66666666666666,100.0,Paddy,3,Diseased,2,High
8,NALGONDA,812,SALI GOURARAM,0812002,Manimadde,8,8,0,7,1,0,0,1,0.0625,72.75,92.0,4.75,17.375,0.1371,1.0969,12.5,100.0,Paddy,8,Healthy,7,Low
8,NALGONDA,812,SALI GOURARAM,0812003,Gurijala,6,6,0,5,0,1,0,1,0.1333,77.5,88.5,5.0,18.1667,0.1039,0.6237,16.666666666666664,100.0,Paddy,6,Healthy,5,Low
8,NALGONDA,812,SALI GOURARAM,0812004,Sali Lingotam,3,3,0,3,0,0,0,0,0.0,75.6667,97.0,5.0,17.3333,0.1071,0.3213,0.0,100.0,Paddy,3,Healthy,3,Low
8,NALGONDA,812,SALI GOURARAM,0812005,Tudimidi,9,9,0,9,0,0,0,0,0.0,73.4444,86.0,4.0,17.5556,0.153,1.3768,0.0,100.0,Paddy,7,Healthy,9,Low
8,NALGONDA,812,SALI GOURARAM,0812006,Chittalur,21,21,0,15,1,1,4,6,0.2333,78.0476,62.0,3.8095,13.7619,0.3965,8.3271,28.57142857142857,100.0,Cotton,15,Healthy,15,Moderate
8,NALGONDA,812,SALI GOURARAM,0812007,Vangamarthi,7,7,0,5,1,0,1,2,0.2,78.1429,76.1429,4.2857,15.8571,0.2405,1.6834,28.57142857142857,100.0,Paddy,4,Healthy,5,Low
8,NALGONDA,812,SALI GOURARAM,0812008,Itukula Pahad,3,3,0,3,0,0,0,0,0.0,102.0,49.6667,5.3333,14.0,0.5179,1.5537,0.0,100.0,Cotton,3,Healthy,3,Low
8,NALGONDA,812,SALI GOURARAM,0812009,Madaram Kalan,9,9,0,6,0,3,0,3,0.2667,84.2222,76.8889,4.1111,16.2222,0.2194,1.9744,33.33333333333333,100.0,Paddy,6,Healthy,6,Moderate
8,NALGONDA,812,SALI GOURARAM,0812010,Utukur (Or) Utkoor,4,4,0,2,2,0,0,2,0.25,91.5,49.5,4.75,12.0,0.7492,2.997,50.0,100.0,Cotton,4,Healthy,2,Moderate
8,NALGONDA,812,SALI GOURARAM,0812011,Saligouraram,3,3,0,2,0,1,0,1,0.2667,70.6667,92.6667,3.6667,16.6667,0.1338,0.4013,33.33333333333333,100.0,Paddy,3,Healthy,2,Moderate
8,NALGONDA,812,SALI GOURARAM,0812012,Vaddi Pamula,2,2,0,1,1,0,0,1,0.25,57.5,83.0,5.0,17.0,0.2814,0.5629,50.0,100.0,Paddy,2,Healthy,1,Moderate
8,NALGONDA,812,SALI GOURARAM,0812014,Baironi Banda,1,1,0,1,0,0,0,0,0.0,63.0,47.0,5.0,11.0,0.4706,0.4706,0.0,100.0,Cotton,1,Healthy,1,Low
8,NALGONDA,812,SALI GOURARAM,0812015,Thakkedla Pahad,4,4,0,4,0,0,0,0,0.0,82.0,72.0,4.25,14.75,0.1484,0.5936,0.0,100.0,Cotton,2,Healthy,4,Low
8,NALGONDA,812,SALI GOURARAM,0812016,Akaram,8,8,0,7,0,0,1,1,0.1125,79.75,70.0,4.375,13.875,0.2652,2.1219,12.5,100.0,Cotton,5,Healthy,7,Low
8,NALGONDA,812,SALI GOURARAM,0812017,Vallala,11,11,0,8,0,1,2,3,0.2364,86.5455,53.1818,3.3636,12.8182,0.473,5.2033,27.27272727272727,100.0,Cotton,11,Healthy,8,Moderate
8,NALGONDA,812,SALI GOURARAM,0812018,Adlur,3,3,0,3,0,0,0,0,0.0,101.3333,67.0,4.0,15.6667,0.2329,0.6986,0.0,100.0,Cotton,2,Healthy,3,Low
8,NALGONDA,812,SALI GOURARAM,0812019,Patha Kondaram,6,6,0,5,1,0,0,1,0.0833,79.8333,50.6667,4.0,12.0,0.4088,2.4527,16.666666666666664,100.0,Cotton,6,Healthy,5,Low
8,NALGONDA,812,SALI GOURARAM,0812020,Perka Kondaram,9,9,0,8,0,1,0,1,0.0889,83.3333,59.1111,4.6667,13.6667,0.5105,4.5944,11.11111111111111,100.0,Cotton,7,Healthy,8,Low
8,NALGONDA,820,RAMANNAPETA,0820009,Kunkudu Pamula,3,3,0,3,0,0,0,0,0.0,83.6667,44.6667,5.3333,14.0,0.5316,1.5948,0.0,100.0,Cotton,3,Healthy,3,Low
8,NALGONDA,820,RAMANNAPETA,0820011,Kakkireni,2,2,0,1,1,0,0,1,0.25,91.0,85.0,4.0,15.0,0.208,0.416,50.0,100.0,Paddy,2,Healthy,1,Moderate
8,NALGONDA,821,CHITYALA,0821001,Sunkene Palle,7,7,0,5,0,2,0,2,0.2286,74.0,92.1429,4.0,17.0,0.2316,1.621,28.57142857142857,100.0,Paddy,7,Healthy,5,Moderate
8,NALGONDA,821,CHITYALA,0821002,Gundram Palle,14,14,0,11,0,3,0,3,0.1714,74.0,89.7857,4.0,17.0,0.1527,2.1377,21.428571428571427,100.0,Paddy,14,Healthy,11,Low
8,NALGONDA,821,CHITYALA,0821003,Aipoor,13,13,0,10,0,3,0,3,0.1846,74.0,86.8462,4.0,17.0,0.1541,2.0036,23.07692307692308,100.0,Paddy,13,Healthy,10,Low
8,NALGONDA,821,CHITYALA,0821004,Pere Palle,4,4,0,2,0,2,0,2,0.4,74.0,88.5,4.0,17.0,0.0624,0.2495,50.0,100.0,Paddy,4,Diseased,2,Moderate
8,NALGONDA,821,CHITYALA,0821005,Pittam Palle,7,7,0,7,0,0,0,0,0.0,74.0,90.7143,4.0,17.0,0.0902,0.6316,0.0,100.0,Paddy,7,Healthy,7,Low
8,NALGONDA,821,CHITYALA,0821006,Veliminedu,27,27,0,24,0,3,0,3,0.0889,74.0,91.0741,4.0,17.0,0.0995,2.6858,11.11111111111111,100.0,Paddy,27,Healthy,24,Low
8,NALGONDA,821,CHITYALA,0821007,Pedakaparthy,9,9,0,7,0,1,1,2,0.1889,73.4444,87.5556,4.4444,16.6667,0.1986,1.7872,22.22222222222222,100.0,Paddy,9,Healthy,7,Low
8,NALGONDA,821,CHITYALA,0821008,Chityala,1,1,0,1,0,0,0,0,0.0,94.0,83.0,6.0,19.0,0.0607,0.0607,0.0,100.0,Paddy,1,Healthy,1,Low
8,NALGONDA,821,CHITYALA,0821014,Chinakaparthy,10,10,0,9,0,1,0,1,0.08,77.4,87.7,3.8,16.3,0.2222,2.2216,10.0,100.0,Paddy,9,Healthy,9,Low
8,NALGONDA,821,CHITYALA,0821015,Talla Yellemla,2,2,0,1,1,0,0,1,0.25,80.5,55.5,3.5,14.0,0.4057,0.8115,50.0,100.0,Cotton,2,Healthy,1,Moderate
8,NALGONDA,821,CHITYALA,0821016,Yelikatta,4,4,0,4,0,0,0,0,0.0,90.75,52.25,4.5,14.0,1.5137,6.0549,0.0,100.0,Cotton,4,Healthy,4,Low
8,NALGONDA,822,NARKETPALLE,0822001,Sabbidiguda,6,6,0,6,0,0,0,0,0.0,73.6667,87.3333,4.3333,17.0,0.1537,0.9221,0.0,100.0,Paddy,6,Healthy,6,Low
8,NALGONDA,822,NARKETPALLE,0822002,Ammanabole,8,8,0,5,1,0,2,3,0.2875,81.5,76.875,5.25,15.25,0.2642,2.1133,37.5,100.0,Paddy,5,Healthy,5,Moderate
8,NALGONDA,822,NARKETPALLE,0822003,Akkene Palle,7,7,0,5,1,1,0,2,0.1857,76.2857,90.2857,4.2857,16.7143,0.218,1.526,28.57142857142857,100.0,Paddy,7,Healthy,5,Low
8,NALGONDA,822,NARKETPALLE,0822004,Nakkala Palle,2,2,0,2,0,0,0,0,0.0,71.5,82.0,6.0,16.0,0.0916,0.1833,0.0,100.0,Paddy,2,Healthy,2,Low
8,NALGONDA,822,NARKETPALLE,0822005,Sha Palle,1,1,0,1,0,0,0,0,0.0,50.0,98.0,3.0,17.0,0.0672,0.0672,0.0,100.0,Paddy,1,Healthy,1,Low
8,NALGONDA,822,NARKETPALLE,0822006,Chippala Palle,9,9,0,6,0,1,2,3,0.2889,71.2222,90.5556,4.5556,17.1111,0.1936,1.7428,33.33333333333333,100.0,Paddy,9,Healthy,6,Moderate
8,NALGONDA,822,NARKETPALLE,0822007,Thondalvai,10,10,0,5,1,3,1,5,0.38,70.4,91.8,4.1,17.3,0.1509,1.5087,50.0,100.0,Paddy,10,Healthy,5,Moderate
8,NALGONDA,822,NARKETPALLE,0822010,Madhayedavally,1,1,0,1,0,0,0,0,0.0,53.0,91.0,3.0,20.0,0.161,0.161,0.0,100.0,Paddy,1,Healthy,1,Low
8,NALGONDA,822,NARKETPALLE,0822011,Nemmani,3,3,0,3,0,0,0,0,0.0,88.0,93.3333,5.0,17.3333,0.1306,0.3918,0.0,100.0,Paddy,3,Healthy,3,Low
8,NALGONDA,822,NARKETPALLE,0822013,Akkenepalle Vari Lingotam,3,3,0,2,0,1,0,1,0.2667,93.6667,83.0,4.0,16.3333,0.1378,0.4133,33.33333333333333,100.0,Paddy,3,Healthy,2,Moderate
8,NALGONDA,822,NARKETPALLE,0822014,Cherughat,2,2,0,2,0,0,0,0,0.0,79.0,52.5,3.5,13.0,1.0308,2.0615,0.0,100.0,Cotton,2,Healthy,2,Low
8,NALGONDA,822,NARKETPALLE,0822015,Narketpalle,1,1,0,1,0,0,0,0,0.0,98.0,91.0,6.0,20.0,0.2448,0.2448,0.0,100.0,Paddy,1,Healthy,1,Low
8,NALGONDA,822,NARKETPALLE,0822016,Choudampalle,4,4,0,3,0,0,1,1,0.225,81.5,62.5,3.75,14.25,1.0971,4.3883,25.0,100.0,Cotton,3,Healthy,3,Moderate
8,NALGONDA,822,NARKETPALLE,0822017,Brahmanvellemla,5,5,0,4,0,0,1,1,0.18,75.2,75.8,5.0,19.0,0.5433,2.7164,20.0,100.0,Paddy,3,Healthy,4,Low
8,NALGONDA,822,NARKETPALLE,0822018,Auravani,2,2,0,2,0,0,0,0,0.0,92.0,51.0,4.0,15.0,0.5493,1.0986,0.0,100.0,Cotton,2,Healthy,2,Low
8,NALGONDA,822,NARKETPALLE,0822019,Yellareddy Guda,5,5,0,4,0,1,0,1,0.16,89.8,66.6,5.0,14.8,0.4774,2.387,20.0,100.0,Cotton,3,Healthy,4,Low
8,NALGONDA,823,KATTANGOOR,0823001,Thimmapur,2,2,0,2,0,0,0,0,0.0,74.0,90.0,4.0,17.0,0.2213,0.4425,0.0,100.0,Paddy,2,Healthy,2,Low
8,NALGONDA,823,KATTANGOOR,0823002,Parada,8,8,0,7,1,0,0,1,0.0625,69.375,88.75,4.5,19.5,1.0883,8.7063,12.5,100.0,Paddy,7,Healthy,7,Low
8,NALGONDA,823,KATTANGOOR,0823003,Eduluru,2,2,0,1,0,0,1,1,0.45,71.5,90.0,5.0,19.5,0.2234,0.4468,50.0,100.0,Paddy,2,Healthy,1,Moderate
8,NALGONDA,823,KATTANGOOR,0823004,Pandena Palle,3,3,0,2,0,1,0,1,0.2667,94.0,78.3333,3.6667,15.3333,0.2885,0.8655,33.33333333333333,100.0,Paddy,2,Healthy,2,Moderate
8,NALGONDA,823,KATTANGOOR,0823005,Kurumathy,6,6,0,5,0,1,0,1,0.1333,85.1667,77.6667,4.3333,14.5,0.2396,1.4375,16.666666666666664,100.0,Paddy,4,Healthy,5,Low
8,NALGONDA,823,KATTANGOOR,0823006,Cheruvannaram,5,4,1,3,0,0,1,1,0.225,81.2,75.8,3.6,14.8,0.3894,1.9471,25.0,80.0,Paddy,3,Healthy,3,Moderate
8,NALGONDA,823,KATTANGOOR,0823007,Munukuntla,8,8,0,5,0,2,1,3,0.3125,75.625,79.375,4.25,16.0,0.4549,3.639,37.5,100.0,Paddy,6,Healthy,5,Moderate
8,NALGONDA,823,KATTANGOOR,0823008,Kalmera,3,3,0,3,0,0,0,0,0.0,86.3333,88.6667,6.0,19.6667,0.3996,1.1987,0.0,100.0,Paddy,3,Healthy,3,Low
8,NALGONDA,823,KATTANGOOR,0823009,Yersaniguda,3,3,0,0,1,2,0,3,0.7,77.6667,97.3333,4.6667,16.6667,0.0861,0.2584,100.0,100.0,Paddy,3,Diseased,2,High
8,NALGONDA,823,KATTANGOOR,0823010,Pamanagundla,9,9,0,7,1,1,0,2,0.1444,81.1111,75.7778,4.0,15.3333,0.3175,2.8572,22.22222222222222,100.0,Paddy,6,Healthy,7,Low
8,NALGONDA,823,KATTANGOOR,0823012,Pittam Palle,2,2,0,2,0,0,0,0,0.0,80.0,62.5,4.5,13.0,0.3506,0.7012,0.0,100.0,Cotton,1,Healthy,2,Low
8,NALGONDA,823,KATTANGOOR,0823013,Dugnevally,8,8,0,7,0,0,1,1,0.1125,79.625,75.0,4.375,15.375,0.1807,1.4455,12.5,100.0,Paddy,5,Healthy,7,Low
8,NALGONDA,823,KATTANGOOR,0823014,Kattangoor,8,8,0,6,0,2,0,2,0.2,77.25,86.875,3.875,16.25,0.141,1.1284,25.0,100.0,Paddy,7,Healthy,6,Low
8,NALGONDA,823,KATTANGOOR,0823015,Aiti Pamula,2,2,0,2,0,0,0,0,0.0,82.0,88.0,3.5,19.0,0.1192,0.2385,0.0,100.0,Paddy,2,Healthy,2,Low
8,NALGONDA,823,KATTANGOOR,0823016,Ramachandrapuram,2,2,0,2,0,0,0,0,0.0,86.5,90.5,4.0,18.0,0.1274,0.2548,0.0,100.0,Paddy,2,Healthy,2,Low
8,NALGONDA,823,KATTANGOOR,0823018,Bollepalle,3,2,1,2,0,0,0,0,0.0,80.3333,90.6667,5.0,17.0,0.1383,0.4148,0.0,66.67,Paddy,3,Healthy,2,Low
8,NALGONDA,824,NAKREKAL,0824001,Ogode,6,2,4,2,0,0,0,0,0.0,76.3333,71.8333,3.8333,14.8333,0.1526,0.9156,0.0,33.33,Cotton,3,Healthy,2,Low
8,NALGONDA,824,NAKREKAL,0824005,Kadaparthy,2,1,1,1,0,0,0,0,0.0,81.0,53.5,3.5,13.5,0.7736,1.5472,0.0,50.0,Cotton,2,Healthy,1,Low
8,NALGONDA,824,NAKREKAL,0824015,Mandalapur,8,4,4,3,0,1,0,1,0.2,74.75,88.0,3.875,17.0,0.1305,1.0442,25.0,50.0,Paddy,8,Healthy,3,Low
8,NALGONDA,832,VEMULAPALLE,0832001,Koyalpahad,6,6,0,4,0,1,1,2,0.2833,67.1667,91.6667,4.0,17.5,0.2179,1.3073,33.33333333333333,100.0,Paddy,6,Healthy,4,Moderate
8,NALGONDA,832,VEMULAPALLE,0832002,Agamothkur,9,9,0,8,0,0,1,1,0.1,72.1111,83.6667,4.4444,17.6667,0.1972,1.7748,11.11111111111111,100.0,Paddy,9,Healthy,8,Low
8,NALGONDA,832,VEMULAPALLE,0832003,Chirumarthy,4,4,0,3,0,1,0,1,0.2,83.0,91.25,4.75,17.0,0.1057,0.4228,25.0,100.0,Paddy,4,Healthy,3,Low
8,NALGONDA,832,VEMULAPALLE,0832004,Pamulapahad,2,2,0,2,0,0,0,0,0.0,74.0,92.5,4.0,17.0,0.1444,0.2888,0.0,100.0,Paddy,2,Healthy,2,Low
8,NALGONDA,832,VEMULAPALLE,0832005,Amangal,7,7,0,7,0,0,0,0,0.0,74.0,90.4286,4.0,17.0,0.0739,0.5171,0.0,100.0,Paddy,7,Healthy,7,Low
8,NALGONDA,832,VEMULAPALLE,0832008,Thopucherla,2,2,0,2,0,0,0,0,0.0,74.0,82.0,4.0,17.0,0.2036,0.4073,0.0,100.0,Paddy,2,Healthy,2,Low
8,NALGONDA,832,VEMULAPALLE,0832011,Buggabavi Guda,2,2,0,1,0,1,0,1,0.4,74.0,87.5,4.0,17.0,0.1423,0.2846,50.0,100.0,Paddy,2,Diseased,1,Moderate
8,NALGONDA,832,VEMULAPALLE,0832018,Salkunur,6,6,0,4,0,2,0,2,0.2667,74.0,91.0,4.0,17.0,0.1345,0.8072,33.33333333333333,100.0,Paddy,6,Healthy,4,Moderate
8,NALGONDA,832,VEMULAPALLE,0832019,Kalvalapalem,1,1,0,1,0,0,0,0,0.0,74.0,88.0,4.0,17.0,0.1283,0.1283,0.0,100.0,Paddy,1,Healthy,1,Low
8,NALGONDA,832,VEMULAPALLE,0832020,Chali Chimala Palem,1,1,0,1,0,0,0,0,0.0,74.0,97.0,4.0,17.0,0.0695,0.0695,0.0,100.0,Paddy,1,Healthy,1,Low
8,NALGONDA,832,VEMULAPALLE,0832021,Ravula Penta,7,7,0,4,0,3,0,3,0.3429,74.0,88.0,4.0,17.0,0.1106,0.7741,42.85714285714285,100.0,Paddy,7,Healthy,4,Moderate
8,NALGONDA,832,VEMULAPALLE,0832022,Molka Patnam,1,1,0,1,0,0,0,0,0.0,74.0,93.0,4.0,17.0,0.0706,0.0706,0.0,100.0,Paddy,1,Healthy,1,Low
8,NALGONDA,832,VEMULAPALLE,0832023,Kamepalle,1,1,0,1,0,0,0,0,0.0,74.0,80.0,4.0,17.0,0.1816,0.1816,0.0,100.0,Paddy,1,Healthy,1,Low
8,NALGONDA,833,THIPPARTHI,0833001,Keshrajpalle,3,3,0,3,0,0,0,0,0.0,80.6667,74.3333,4.0,16.0,0.9381,2.8144,0.0,100.0,Paddy,2,Healthy,3,Low
8,NALGONDA,833,THIPPARTHI,0833002,A.Duppala Palle,3,3,0,3,0,0,0,0,0.0,74.0,89.6667,4.6667,21.0,0.797,2.3911,0.0,100.0,Paddy,3,Healthy,3,Low
8,NALGONDA,833,THIPPARTHI,0833003,Kankanala Palle,8,8,0,8,0,0,0,0,0.0,71.5,89.75,4.0,17.375,0.1228,0.9826,0.0,100.0,Paddy,8,Healthy,8,Low
8,NALGONDA,833,THIPPARTHI,0833004,Thanderpalle,3,3,0,3,0,0,0,0,0.0,72.3333,92.3333,4.3333,16.6667,0.2014,0.6043,0.0,100.0,Paddy,3,Healthy,3,Low
8,NALGONDA,833,THIPPARTHI,0833005,Khajiramaram,4,4,0,3,0,1,0,1,0.2,74.0,85.5,4.0,17.0,0.0794,0.3174,25.0,100.0,Paddy,4,Healthy,3,Low
8,NALGONDA,833,THIPPARTHI,0833006,Suraram,8,8,0,8,0,0,0,0,0.0,84.875,82.0,4.875,16.625,0.3196,2.5568,0.0,100.0,Paddy,6,Healthy,8,Low
8,NALGONDA,833,THIPPARTHI,0833007,Pajjur,24,23,1,22,0,1,0,1,0.0348,73.3333,89.2083,4.0417,17.375,0.1815,4.3556,4.3478260869565215,95.83,Paddy,24,Healthy,22,Low
8,NALGONDA,833,THIPPARTHI,0833008,Gaddikondaram,3,3,0,2,1,0,0,1,0.1667,72.3333,87.0,3.6667,18.6667,0.1277,0.3832,33.33333333333333,100.0,Paddy,3,Healthy,2,Low
8,NALGONDA,833,THIPPARTHI,0833009,Indloor,5,5,0,4,0,1,0,1,0.16,74.0,95.4,4.0,17.0,0.1295,0.6475,20.0,100.0,Paddy,5,Healthy,4,Low
8,NALGONDA,833,THIPPARTHI,0833010,Mamidala,16,16,0,12,1,3,0,4,0.1813,72.5625,88.625,4.25,16.9375,0.1727,2.763,25.0,100.0,Paddy,16,Healthy,12,Low
8,NALGONDA,833,THIPPARTHI,0833011,Sarvaram,16,16,0,14,1,1,0,2,0.0812,77.5,77.25,4.3125,15.0,0.4683,7.4921,12.5,100.0,Paddy,11,Healthy,14,Low
8,NALGONDA,833,THIPPARTHI,0833012,Thipparthi,10,10,0,7,1,2,0,3,0.21,76.8,87.0,3.9,17.7,0.4631,4.6305,30.0,100.0,Paddy,9,Healthy,7,Moderate
8,NALGONDA,833,THIPPARTHI,0833013,Jangamreddi Gudem,16,16,0,13,1,2,0,3,0.1312,79.625,86.875,4.6875,18.75,0.4297,6.875,18.75,100.0,Paddy,15,Healthy,13,Low
8,NALGONDA,833,THIPPARTHI,0833014,Rajupeta,1,1,0,1,0,0,0,0,0.0,87.0,84.0,6.0,19.0,0.2786,0.2786,0.0,100.0,Paddy,1,Healthy,1,Low
8,NALGONDA,833,THIPPARTHI,0833015,Ganganapalem,4,4,0,2,1,1,0,2,0.325,66.75,85.25,4.75,16.0,0.1659,0.6636,50.0,100.0,Paddy,4,Healthy,2,Moderate
8,NALGONDA,833,THIPPARTHI,0833016,Cheruvu Palle,26,26,0,23,0,3,0,3,0.0923,70.5769,86.9231,4.3846,17.3846,0.1798,4.6753,11.538461538461538,100.0,Paddy,25,Healthy,23,Low
8,NALGONDA,833,THIPPARTHI,0833017,Dacharam,1,1,0,1,0,0,0,0,0.0,83.0,92.0,6.0,18.0,0.1488,0.1488,0.0,100.0,Paddy,1,Healthy,1,Low
8,NALGONDA,833,THIPPARTHI,0833018,Madugula Palle,9,9,0,8,0,1,0,1,0.0889,72.1111,91.4444,4.2222,17.4444,0.1359,1.2235,11.11111111111111,100.0,Paddy,9,Healthy,8,Low
8,NALGONDA,833,THIPPARTHI,0833019,Indugula,6,6,0,5,0,1,0,1,0.1333,71.1667,88.3333,4.5,17.6667,0.1159,0.6956,16.666666666666664,100.0,Paddy,6,Healthy,5,Low
8,NALGONDA,834,NALGONDA,0834000,Nalgonda (M),3,3,0,3,0,0,0,0,0.0,70.6667,93.0,4.6667,17.0,0.1821,0.5463,0.0,100.0,Paddy,3,Healthy,3,Low
8,NALGONDA,834,NALGONDA,0834001,Appaji Peta,4,4,0,3,0,0,1,1,0.225,83.25,60.75,5.25,15.25,0.626,2.5039,25.0,100.0,Cotton,3,Healthy,3,Moderate
8,NALGONDA,834,NALGONDA,0834002,Anneparthy,1,1,0,0,0,1,0,1,0.8,83.0,42.0,4.0,11.0,0.4348,0.4348,100.0,100.0,Cotton,1,Diseased,1,Very High
8,NALGONDA,834,NALGONDA,0834003,Cherlapalle,7,7,0,6,0,1,0,1,0.1143,71.2857,93.0,3.4286,18.0,0.1768,1.2373,14.285714285714285,100.0,Paddy,7,Healthy,6,Low
8,NALGONDA,834,NALGONDA,0834005,Dandampalle,6,6,0,6,0,0,0,0,0.0,68.0,81.3333,4.0,16.8333,0.2298,1.3789,0.0,100.0,Paddy,5,Healthy,6,Low
8,NALGONDA,834,NALGONDA,0834006,Chandan Palle,13,13,0,10,2,1,0,3,0.1385,77.5385,79.0,4.3846,16.2308,0.4754,6.18,23.07692307692308,100.0,Paddy,9,Healthy,10,Low
8,NALGONDA,834,NALGONDA,0834007,Panagallu (Rural),12,12,0,10,0,1,1,2,0.1417,80.3333,84.9167,4.5833,17.5833,0.3803,4.5639,16.666666666666664,100.0,Paddy,11,Healthy,10,Low
8,NALGONDA,834,NALGONDA,0834008,Marriguda,9,9,0,8,0,1,0,1,0.0889,71.1111,89.8889,5.2222,18.2222,0.0942,0.8478,11.11111111111111,100.0,Paddy,9,Healthy,8,Low
8,NALGONDA,834,NALGONDA,0834009,Budharam,2,2,0,2,0,0,0,0,0.0,65.5,90.5,4.0,18.5,0.1672,0.3344,0.0,100.0,Paddy,2,Healthy,2,Low
8,NALGONDA,834,NALGONDA,0834010,Kanchanpalle,6,6,0,6,0,0,0,0,0.0,77.1667,81.0,4.6667,15.6667,0.1766,1.0594,0.0,100.0,Paddy,5,Healthy,6,Low
8,NALGONDA,834,NALGONDA,0834011,K.Kondaram,2,2,0,2,0,0,0,0,0.0,89.5,47.5,3.5,11.5,0.5348,1.0695,0.0,100.0,Cotton,2,Healthy,2,Low
8,NALGONDA,834,NALGONDA,0834013,M.Domalapalle,1,1,0,1,0,0,0,0,0.0,83.0,84.0,5.0,17.0,0.0893,0.0893,0.0,100.0,Paddy,1,Healthy,1,Low
8,NALGONDA,834,NALGONDA,0834014,Narsing Batla,3,3,0,3,0,0,0,0,0.0,80.3333,89.0,5.0,16.3333,0.2477,0.7432,0.0,100.0,Paddy,3,Healthy,3,Low
8,NALGONDA,834,NALGONDA,0834015,Khudavanpur,2,2,0,2,0,0,0,0,0.0,63.0,82.5,4.5,17.0,0.2171,0.4343,0.0,100.0,Paddy,2,Healthy,2,Low
8,NALGONDA,834,NALGONDA,0834017,Gundlapalle,3,3,0,3,0,0,0,0,0.0,76.6667,91.3333,4.3333,18.6667,0.1654,0.4962,0.0,100.0,Paddy,3,Healthy,3,Low
8,NALGONDA,834,NALGONDA,0834022,G.K.Annaram,2,2,0,1,0,1,0,1,0.4,94.0,88.5,3.5,16.0,0.2242,0.4485,50.0,100.0,Paddy,2,Diseased,1,Moderate
8,NALGONDA,834,NALGONDA,0834023,Medla Duppala Palle,1,1,0,1,0,0,0,0,0.0,52.0,98.0,6.0,17.0,0.1088,0.1088,0.0,100.0,Paddy,1,Healthy,1,Low
8,NALGONDA,834,NALGONDA,0834026,Rasoolpur,4,4,0,4,0,0,0,0,0.0,64.25,77.0,3.5,15.5,0.5421,2.1684,0.0,100.0,Paddy,3,Healthy,4,Low
8,NALGONDA,834,NALGONDA,0834027,Musham Palle,2,2,0,2,0,0,0,0,0.0,65.5,97.0,3.5,16.5,0.1148,0.2295,0.0,100.0,Paddy,2,Healthy,2,Low
8,NALGONDA,835,MUNUGODE,0835005,Vookondi,8,1,7,0,0,1,0,1,0.8,91.0,57.25,4.25,15.5,0.3876,3.1012,100.0,12.5,Cotton,7,Diseased,1,Very High
8,NALGONDA,835,MUNUGODE,0835007,Pulipalpula,1,1,0,1,0,0,0,0,0.0,64.0,43.0,4.0,10.0,0.3041,0.3041,0.0,100.0,Cotton,1,Healthy,1,Low
8,NALGONDA,835,MUNUGODE,0835008,Kalavalapalle,2,1,1,1,0,0,0,0,0.0,71.0,87.5,3.0,17.0,0.1693,0.3386,0.0,50.0,Paddy,2,Healthy,1,Low
8,NALGONDA,835,MUNUGODE,0835016,Velmakanne,2,1,1,1,0,0,0,0,0.0,97.0,54.0,5.0,13.0,0.3209,0.6418,0.0,50.0,Cotton,2,Healthy,1,Low
8,NALGONDA,835,MUNUGODE,0835021,Solipuram,2,2,0,2,0,0,0,0,0.0,93.5,54.5,6.0,12.5,0.9018,1.8035,0.0,100.0,Cotton,2,Healthy,2,Low
8,NALGONDA,835,MUNUGODE,0835022,Koratikal,27,2,25,2,0,0,0,0,0.0,88.0,60.1111,4.2222,14.7407,0.4939,13.3361,0.0,7.41,Cotton,21,Healthy,2,Low
8,NALGONDA,837,MARRIGUDA,0837007,Namapur,8,8,0,5,0,1,2,3,0.325,95.25,47.125,4.125,13.25,0.3097,2.4779,37.5,100.0,Cotton,8,Healthy,5,Moderate
8,NALGONDA,837,MARRIGUDA,0837009,Metichandapur,6,3,3,1,0,1,1,2,0.5667,93.0,54.0,3.6667,12.3333,0.7024,4.2145,66.66666666666666,50.0,Cotton,6,Diseased,1,High
8,NALGONDA,837,MARRIGUDA,0837011,Indurthi,3,1,2,1,0,0,0,0,0.0,101.6667,51.6667,5.0,12.6667,0.4532,1.3596,0.0,33.33,Cotton,3,Healthy,1,Low
8,NALGONDA,838,CHANDUR,0838001,Ghattuppal,1,1,0,1,0,0,0,0,0.0,120.0,42.0,5.0,11.0,0.3326,0.3326,0.0,100.0,Cotton,1,Healthy,1,Low
8,NALGONDA,838,CHANDUR,0838002,Theratpalle,4,4,0,4,0,0,0,0,0.0,82.25,47.5,3.0,14.75,1.2692,5.077,0.0,100.0,Cotton,4,Healthy,4,Low
8,NALGONDA,838,CHANDUR,0838003,Kondapuram,1,1,0,1,0,0,0,0,0.0,77.0,41.0,3.0,10.0,0.4103,0.4103,0.0,100.0,Cotton,1,Healthy,1,Low
8,NALGONDA,838,CHANDUR,0838005,Bodangi Parthy,3,3,0,3,0,0,0,0,0.0,106.6667,48.6667,4.3333,11.0,0.2565,0.7696,0.0,100.0,Cotton,3,Healthy,3,Low
8,NALGONDA,838,CHANDUR,0838006,Kumandaniguda,2,2,0,2,0,0,0,0,0.0,106.5,44.0,4.0,12.0,0.1349,0.2699,0.0,100.0,Cotton,2,Healthy,2,Low
8,NALGONDA,838,CHANDUR,0838007,Sirdepalle,2,2,0,2,0,0,0,0,0.0,100.5,49.0,3.5,12.5,0.4781,0.9563,0.0,100.0,Cotton,2,Healthy,2,Low
8,NALGONDA,838,CHANDUR,0838008,Idikuda,7,7,0,4,0,2,1,3,0.3571,89.8571,52.2857,3.4286,13.1429,0.8201,5.7404,42.85714285714285,100.0,Cotton,7,Healthy,4,Moderate
8,NALGONDA,838,CHANDUR,0838009,Nermata,2,2,0,2,0,0,0,0,0.0,79.5,50.0,4.0,13.0,1.8353,3.6706,0.0,100.0,Cotton,2,Healthy,2,Low
8,NALGONDA,838,CHANDUR,0838010,Donipamula,2,2,0,2,0,0,0,0,0.0,103.0,52.5,4.5,10.5,0.9275,1.8549,0.0,100.0,Cotton,2,Healthy,2,Low
8,NALGONDA,838,CHANDUR,0838013,Chandur,1,1,0,0,0,0,1,1,0.9,113.0,57.0,3.0,11.0,0.453,0.453,100.0,100.0,Cotton,1,Pests,1,Very High
8,NALGONDA,838,CHANDUR,0838014,Udathala Palle,4,3,1,3,0,0,0,0,0.0,81.25,57.5,4.0,15.0,0.2634,1.0538,0.0,75.0,Cotton,3,Healthy,3,Low
8,NALGONDA,838,CHANDUR,0838015,Kasthala,3,3,0,3,0,0,0,0,0.0,90.0,55.6667,3.0,12.3333,0.3538,1.0613,0.0,100.0,Cotton,3,Healthy,3,Low
8,NALGONDA,838,CHANDUR,0838016,Gundrepalle,2,2,0,2,0,0,0,0,0.0,101.5,72.5,5.0,14.5,0.2442,0.4884,0.0,100.0,Cotton,1,Healthy,2,Low
8,NALGONDA,839,KANGAL,0839002,Ponugode,4,4,0,3,0,1,0,1,0.2,93.25,54.0,4.25,12.5,0.1605,0.6422,25.0,100.0,Cotton,4,Healthy,3,Low
8,NALGONDA,839,KANGAL,0839003,Gaddamvari Yadavally,1,1,0,1,0,0,0,0,0.0,85.0,85.0,4.0,19.0,0.098,0.098,0.0,100.0,Paddy,1,Healthy,1,Low
8,NALGONDA,839,KANGAL,0839005,Pagidi Marri,3,3,0,2,0,0,1,1,0.3,71.0,97.0,5.6667,17.3333,0.1628,0.4884,33.33333333333333,100.0,Paddy,3,Healthy,2,Moderate
8,NALGONDA,839,KANGAL,0839006,Dorepalle,11,11,0,8,0,1,2,3,0.2364,82.0,86.8182,4.6364,18.0909,0.3674,4.0409,27.27272727272727,100.0,Paddy,10,Healthy,8,Moderate
8,NALGONDA,839,KANGAL,0839007,Chennaram,4,4,0,3,0,0,1,1,0.225,87.5,92.25,4.75,16.75,0.1277,0.5109,25.0,100.0,Paddy,4,Healthy,3,Moderate
8,NALGONDA,839,KANGAL,0839008,Derveshpur @ Dharvespur,4,4,0,4,0,0,0,0,0.0,58.75,89.75,4.5,22.25,1.0513,4.205,0.0,100.0,Paddy,4,Healthy,4,Low
8,NALGONDA,839,KANGAL,0839010,Parvathagiri,4,4,0,4,0,0,0,0,0.0,89.0,71.0,5.0,18.0,0.9156,3.6625,0.0,100.0,Cotton,2,Healthy,4,Low
8,NALGONDA,839,KANGAL,0839011,Boinapalle,1,1,0,1,0,0,0,0,0.0,58.0,99.0,5.0,19.0,0.0574,0.0574,0.0,100.0,Paddy,1,Healthy,1,Low
8,NALGONDA,839,KANGAL,0839012,Budemerla Palle,17,17,0,17,0,0,0,0,0.0,80.7647,91.4706,4.3529,18.7059,0.2739,4.6559,0.0,100.0,Paddy,17,Healthy,17,Low
8,NALGONDA,839,KANGAL,0839013,Kangal,4,4,0,4,0,0,0,0,0.0,78.5,93.0,5.5,17.75,0.0902,0.3606,0.0,100.0,Paddy,4,Healthy,4,Low
8,NALGONDA,839,KANGAL,0839015,Hydlapur,3,3,0,3,0,0,0,0,0.0,101.6667,43.3333,3.6667,13.0,0.6531,1.9593,0.0,100.0,Cotton,3,Healthy,3,Low
8,NALGONDA,839,KANGAL,0839016,M.Gowraram,1,1,0,1,0,0,0,0,0.0,61.0,89.0,6.0,15.0,0.0895,0.0895,0.0,100.0,Paddy,1,Healthy,1,Low
8,NALGONDA,839,KANGAL,0839018,Bommepalle,1,1,0,1,0,0,0,0,0.0,50.0,91.0,6.0,19.0,0.0696,0.0696,0.0,100.0,Paddy,1,Healthy,1,Low
8,NALGONDA,839,KANGAL,0839019,Serilingotam,1,1,0,1,0,0,0,0,0.0,78.0,92.0,4.0,16.0,0.122,0.122,0.0,100.0,Paddy,1,Healthy,1,Low
8,NALGONDA,839,KANGAL,0839021,Narsimhapur,1,1,0,1,0,0,0,0,0.0,85.0,90.0,4.0,16.0,0.1075,0.1075,0.0,100.0,Paddy,1,Healthy,1,Low
8,NALGONDA,839,KANGAL,0839022,Thoragal,2,2,0,2,0,0,0,0,0.0,76.0,87.5,5.5,15.5,0.1191,0.2382,0.0,100.0,Paddy,2,Healthy,2,Low
8,NALGONDA,840,NIDAMANUR,0840001,Kesavapuram,5,5,0,5,0,0,0,0,0.0,76.2,93.2,4.2,16.2,0.164,0.8201,0.0,100.0,Paddy,5,Healthy,5,Low
8,NALGONDA,840,NIDAMANUR,0840002,Kannekal,7,7,0,5,0,1,1,2,0.2429,76.1429,82.0,4.4286,17.2857,0.3285,2.2994,28.57142857142857,100.0,Paddy,6,Healthy,5,Moderate
8,NALGONDA,840,NIDAMANUR,0840004,Yerraballi,1,1,0,1,0,0,0,0,0.0,74.0,81.0,4.0,17.0,0.0869,0.0869,0.0,100.0,Paddy,1,Healthy,1,Low
8,NALGONDA,840,NIDAMANUR,0840006,Vutkur,14,14,0,11,0,2,1,3,0.1786,83.1429,67.8571,3.6429,14.2857,0.0882,1.2347,21.428571428571427,100.0,Cotton,8,Healthy,11,Low
8,NALGONDA,840,NIDAMANUR,0840007,Gunti Palle,2,2,0,2,0,0,0,0,0.0,76.0,86.0,4.5,18.5,0.1374,0.2747,0.0,100.0,Paddy,2,Healthy,2,Low
8,NALGONDA,840,NIDAMANUR,0840008,Mupparam,1,1,0,1,0,0,0,0,0.0,74.0,86.0,4.0,17.0,0.1927,0.1927,0.0,100.0,Paddy,1,Healthy,1,Low
8,NALGONDA,840,NIDAMANUR,0840009,Nidamanur,2,2,0,2,0,0,0,0,0.0,75.0,42.5,3.5,10.5,0.0674,0.1348,0.0,100.0,Cotton,2,Healthy,2,Low
8,NALGONDA,840,NIDAMANUR,0840011,Sakhapur,5,5,0,5,0,0,0,0,0.0,75.4,85.6,5.2,17.8,0.5293,2.6465,0.0,100.0,Paddy,5,Healthy,5,Low
8,NALGONDA,840,NIDAMANUR,0840012,Vempahad,5,5,0,4,0,1,0,1,0.16,74.0,88.4,4.0,17.0,0.0973,0.4864,20.0,100.0,Paddy,5,Healthy,4,Low
8,NALGONDA,840,NIDAMANUR,0840014,Tummadam,1,1,0,1,0,0,0,0,0.0,77.0,54.0,2.0,15.0,0.0755,0.0755,0.0,100.0,Cotton,1,Healthy,1,Low
8,NALGONDA,840,NIDAMANUR,0840016,Surepalle,1,1,0,1,0,0,0,0,0.0,72.0,95.0,4.0,20.0,0.0795,0.0795,0.0,100.0,Paddy,1,Healthy,1,Low
8,NALGONDA,841,THRIPURARAM,0841001,Konthala Palle,3,3,0,3,0,0,0,0,0.0,78.0,93.0,4.0,17.0,0.1479,0.4437,0.0,100.0,Paddy,3,Healthy,3,Low
8,NALGONDA,841,THRIPURARAM,0841002,Annaram,8,8,0,8,0,0,0,0,0.0,73.625,92.875,4.25,16.875,0.1489,1.1913,0.0,100.0,Paddy,8,Healthy,8,Low
8,NALGONDA,841,THRIPURARAM,0841003,Dugge Palle,2,2,0,2,0,0,0,0,0.0,74.0,92.5,4.0,17.0,0.1203,0.2407,0.0,100.0,Paddy,2,Healthy,2,Low
8,NALGONDA,841,THRIPURARAM,0841004,Kamareddi Gudem,4,4,0,4,0,0,0,0,0.0,78.5,90.0,4.5,17.0,0.0952,0.3807,0.0,100.0,Paddy,4,Healthy,4,Low
8,NALGONDA,841,THRIPURARAM,0841005,Kampala Palle,1,1,0,1,0,0,0,0,0.0,58.0,87.0,3.0,20.0,0.0539,0.0539,0.0,100.0,Paddy,1,Healthy,1,Low
8,NALGONDA,841,THRIPURARAM,0841007,Gajalapur,2,2,0,2,0,0,0,0,0.0,79.5,88.5,5.0,17.0,0.3093,0.6185,0.0,100.0,Paddy,2,Healthy,2,Low
8,NALGONDA,841,THRIPURARAM,0841008,Abhanga Puram,2,2,0,2,0,0,0,0,0.0,74.0,84.5,4.0,17.0,0.2357,0.4714,0.0,100.0,Paddy,2,Healthy,2,Low
8,NALGONDA,841,THRIPURARAM,0841009,Narasimhula Gudem,2,2,0,2,0,0,0,0,0.0,74.0,91.5,4.0,17.0,0.306,0.6121,0.0,100.0,Paddy,2,Healthy,2,Low
8,NALGONDA,841,THRIPURARAM,0841010,Pedda Devula Palle,4,4,0,3,0,1,0,1,0.2,77.0,88.5,3.75,17.25,0.1854,0.7416,25.0,100.0,Paddy,4,Healthy,3,Low
8,NALGONDA,841,THRIPURARAM,0841012,Kampa Sagar,22,22,0,14,0,8,0,8,0.2909,73.9091,90.6364,4.0,17.2273,0.118,2.5971,36.36363636363637,100.0,Paddy,22,Healthy,14,Moderate
8,NALGONDA,841,THRIPURARAM,0841013,Narlakantiguda,4,4,0,3,0,1,0,1,0.2,74.0,90.5,4.0,17.0,0.1206,0.4822,25.0,100.0,Paddy,4,Healthy,3,Low
8,NALGONDA,841,THRIPURARAM,0841015,Thripuraram,1,1,0,1,0,0,0,0,0.0,74.0,92.0,4.0,17.0,0.1172,0.1172,0.0,100.0,Paddy,1,Healthy,1,Low
8,NALGONDA,841,THRIPURARAM,0841017,Anjana Palle,1,1,0,0,0,1,0,1,0.8,74.0,94.0,4.0,17.0,0.2189,0.2189,100.0,100.0,Paddy,1,Diseased,1,Very High
8,NALGONDA,841,THRIPURARAM,0841018,Ragadapa,2,2,0,2,0,0,0,0,0.0,74.0,90.0,4.0,17.0,0.0714,0.1427,0.0,100.0,Paddy,2,Healthy,2,Low
8,NALGONDA,841,THRIPURARAM,0841019,Matur,2,2,0,2,0,0,0,0,0.0,74.0,88.5,4.0,17.0,0.1556,0.3112,0.0,100.0,Paddy,2,Healthy,2,Low
8,NALGONDA,841,THRIPURARAM,0841020,Borrai Palem,5,5,0,4,0,1,0,1,0.16,74.0,90.0,4.0,17.0,0.1509,0.7543,20.0,100.0,Paddy,5,Healthy,4,Low
8,NALGONDA,842,MIRYALAGUDA,0842003,Chillapuram,7,7,0,7,0,0,0,0,0.0,74.0,87.1429,4.0,17.0,0.1142,0.7991,0.0,100.0,Paddy,7,Healthy,7,Low
8,NALGONDA,842,MIRYALAGUDA,0842005,Nandi Pahad (Rural),1,1,0,1,0,0,0,0,0.0,74.0,91.0,4.0,17.0,0.2146,0.2146,0.0,100.0,Paddy,1,Healthy,1,Low
8,NALGONDA,842,MIRYALAGUDA,0842007,Yadgarpalle,2,2,0,2,0,0,0,0,0.0,74.0,91.5,4.0,17.0,0.1152,0.2303,0.0,100.0,Paddy,2,Healthy,2,Low
8,NALGONDA,842,MIRYALAGUDA,0842008,Vootla Palle,4,4,0,2,0,2,0,2,0.4,74.0,86.75,4.0,17.0,0.1342,0.537,50.0,100.0,Paddy,4,Diseased,2,Moderate
8,NALGONDA,842,MIRYALAGUDA,0842009,Takkellapahad,2,2,0,2,0,0,0,0,0.0,74.0,94.0,4.0,17.0,0.3861,0.7722,0.0,100.0,Paddy,2,Healthy,2,Low
8,NALGONDA,842,MIRYALAGUDA,0842010,Tadkamalla,10,10,0,7,0,3,0,3,0.24,74.0,87.1,4.0,17.0,0.1064,1.0638,30.0,100.0,Paddy,10,Healthy,7,Moderate
8,NALGONDA,842,MIRYALAGUDA,0842012,Kalva Palle,2,2,0,1,0,1,0,1,0.4,74.0,90.5,4.0,17.0,0.1457,0.2914,50.0,100.0,Paddy,2,Diseased,1,Moderate
8,NALGONDA,842,MIRYALAGUDA,0842013,Alagadapa,7,7,0,4,0,3,0,3,0.3429,74.0,91.1429,4.0,17.0,0.1158,0.8105,42.85714285714285,100.0,Paddy,7,Healthy,4,Moderate
8,NALGONDA,842,MIRYALAGUDA,0842014,Rayanpalem,11,11,0,9,0,2,0,2,0.1455,74.0,91.5455,4.0,17.0,0.0789,0.8682,18.181818181818183,100.0,Paddy,11,Healthy,9,Low
8,NALGONDA,842,MIRYALAGUDA,0842016,Rudraram,18,18,0,14,0,4,0,4,0.1778,74.0,91.5556,4.0,17.0,0.0993,1.7882,22.22222222222222,100.0,Paddy,18,Healthy,14,Low
8,NALGONDA,842,MIRYALAGUDA,0842017,Kothaguda,4,4,0,4,0,0,0,0,0.0,74.0,87.75,4.0,17.0,0.0557,0.2229,0.0,100.0,Paddy,4,Healthy,4,Low
8,NALGONDA,842,MIRYALAGUDA,0842019,Gudur,2,2,0,2,0,0,0,0,0.0,74.0,94.0,4.0,17.0,0.1478,0.2955,0.0,100.0,Paddy,2,Healthy,2,Low
8,NALGONDA,842,MIRYALAGUDA,0842023,Zaptiveerappaguda,1,1,0,1,0,0,0,0,0.0,74.0,98.0,4.0,17.0,0.0813,0.0813,0.0,100.0,Paddy,1,Healthy,1,Low
8,NALGONDA,842,MIRYALAGUDA,0842024,Annaram,3,3,0,3,0,0,0,0,0.0,74.0,94.3333,4.0,17.0,0.0515,0.1544,0.0,100.0,Paddy,3,Healthy,3,Low
8,NALGONDA,849,NEREDCHERLA,0849003,Somavaram,1,1,0,1,0,0,0,0,0.0,74.0,82.0,4.0,17.0,0.0667,0.0667,0.0,100.0,Paddy,1,Healthy,1,Low
8,NALGONDA,849,NEREDCHERLA,0849010,Bodaladinna,2,2,0,2,0,0,0,0,0.0,74.0,86.5,4.0,17.0,0.1369,0.2737,0.0,100.0,Paddy,2,Healthy,2,Low
8,NALGONDA,849,NEREDCHERLA,0849017,Sajjapuram,1,1,0,1,0,0,0,0,0.0,74.0,94.0,4.0,17.0,0.0217,0.0217,0.0,100.0,Paddy,1,Healthy,1,Low
8,NALGONDA,849,NEREDCHERLA,0849018,Sunya Pahad,1,1,0,1,0,0,0,0,0.0,74.0,82.0,4.0,17.0,0.0855,0.0855,0.0,100.0,Paddy,1,Healthy,1,Low
8,NALGONDA,850,DAMERACHERLA,0850005,Ulshayapalem,4,4,0,4,0,0,0,0,0.0,54.5,62.5,3.25,14.75,0.2641,1.0564,0.0,100.0,Groundnut,2,Healthy,4,Low
8,NALGONDA,850,DAMERACHERLA,0850007,Kalle Palle,4,4,0,4,0,0,0,0,0.0,31.25,39.75,1.75,11.75,0.3638,1.455,0.0,100.0,Groundnut,4,Healthy,4,Low
8,NALGONDA,850,DAMERACHERLA,0850008,Dilawarpur,4,4,0,3,0,1,0,1,0.2,74.0,90.75,4.0,17.0,0.1049,0.4195,25.0,100.0,Paddy,4,Healthy,3,Low
8,NALGONDA,850,DAMERACHERLA,0850010,Kesawapur,6,6,0,6,0,0,0,0,0.0,74.0,91.1667,4.0,17.0,0.0537,0.3224,0.0,100.0,Paddy,6,Healthy,6,Low
8,NALGONDA,850,DAMERACHERLA,0850011,Dameracherla,5,5,0,5,0,0,0,0,0.0,74.0,90.0,4.0,17.0,0.1751,0.8754,0.0,100.0,Paddy,5,Healthy,5,Low
8,NALGONDA,850,DAMERACHERLA,0850013,Veerla Palem,3,3,0,1,0,2,0,2,0.5333,74.0,89.6667,4.0,17.0,0.104,0.3119,66.66666666666666,100.0,Paddy,3,Diseased,2,High
8,NALGONDA,850,DAMERACHERLA,0850018,Vadapalle,3,3,0,2,0,1,0,1,0.2667,74.0,91.6667,4.0,17.0,0.1298,0.3894,33.33333333333333,100.0,Paddy,3,Healthy,2,Moderate
8,NALGONDA,851,ANUMULA,0851001,Kosalamarri,1,1,0,1,0,0,0,0,0.0,63.0,58.0,2.0,11.0,0.3405,0.3405,0.0,100.0,Cotton,1,Healthy,1,Low
8,NALGONDA,851,ANUMULA,0851009,Yacharam,4,4,0,4,0,0,0,0,0.0,73.5,50.0,3.5,12.5,0.4207,1.6827,0.0,100.0,Cotton,4,Healthy,4,Low
8,NALGONDA,851,ANUMULA,0851013,Ramadugu,3,3,0,3,0,0,0,0,0.0,94.0,54.0,3.0,13.3333,0.3596,1.0789,0.0,100.0,Cotton,3,Healthy,3,Low
8,NALGONDA,851,ANUMULA,0851014,Thimmapuram,2,2,0,2,0,0,0,0,0.0,70.5,57.5,3.5,14.0,0.201,0.4021,0.0,100.0,Cotton,2,Healthy,2,Low
8,NALGONDA,851,ANUMULA,0851016,Palem,1,1,0,1,0,0,0,0,0.0,82.0,98.0,6.0,17.0,0.0868,0.0868,0.0,100.0,Paddy,1,Healthy,1,Low
8,NALGONDA,851,ANUMULA,0851018,Perur,1,1,0,1,0,0,0,0,0.0,84.0,96.0,3.0,17.0,0.0894,0.0894,0.0,100.0,Paddy,1,Healthy,1,Low
8,NALGONDA,851,ANUMULA,0851019,Silgapur,1,1,0,0,0,0,1,1,0.9,68.0,100.0,4.0,19.0,0.1161,0.1161,100.0,100.0,Paddy,1,Pests,1,Very High
8,NALGONDA,851,ANUMULA,0851020,Tirumalagiri,44,44,0,34,2,3,5,10,0.1795,29.3409,34.4773,2.5682,12.9545,0.5977,26.2985,22.727272727272727,100.0,Groundnut,44,Healthy,34,Low
8,NALGONDA,851,ANUMULA,0851024,Konerpuram,11,11,0,9,1,0,1,2,0.1273,50.5455,38.6364,2.6364,12.1818,0.5085,5.5931,18.181818181818183,100.0,Groundnut,7,Healthy,9,Low
8,NALGONDA,851,ANUMULA,0851025,Yellapuram,33,33,0,26,2,3,2,7,0.1576,37.9394,36.5152,2.9697,12.7879,0.7498,24.7425,21.21212121212121,100.0,Groundnut,29,Healthy,26,Low
8,NALGONDA,851,ANUMULA,0851027,Rajavaram,4,4,0,3,0,1,0,1,0.2,58.5,88.25,3.75,18.5,0.1284,0.5136,25.0,100.0,Paddy,4,Healthy,3,Low
8,NALGONDA,852,PEDDAVOORA,0852004,Pothnur,2,2,0,1,1,0,0,1,0.25,81.0,97.0,4.0,18.0,0.1716,0.3433,50.0,100.0,Paddy,2,Healthy,1,Moderate
8,NALGONDA,852,PEDDAVOORA,0852006,Pinnavura,1,1,0,0,0,0,1,1,0.9,83.0,97.0,3.0,16.0,0.1465,0.1465,100.0,100.0,Paddy,1,Pests,1,Very High
8,NALGONDA,852,PEDDAVOORA,0852012,Lingampalle,1,1,0,1,0,0,0,0,0.0,97.0,81.0,6.0,17.0,0.0693,0.0693,0.0,100.0,Paddy,1,Healthy,1,Low
8,NALGONDA,852,PEDDAVOORA,0852014,Peddavoora,1,1,0,1,0,0,0,0,0.0,118.0,49.0,3.0,12.0,0.5333,0.5333,0.0,100.0,Cotton,1,Healthy,1,Low
8,NALGONDA,852,PEDDAVOORA,0852015,Chintapalle,13,13,0,11,1,0,1,2,0.1077,33.5385,36.6923,2.8462,12.8462,0.8263,10.7413,15.384615384615383,100.0,Groundnut,12,Healthy,11,Low
8,NALGONDA,852,PEDDAVOORA,0852016,Thungathurthy,6,6,0,5,0,1,0,1,0.1333,98.3333,43.6667,4.0,11.8333,0.2755,1.6531,16.666666666666664,100.0,Cotton,6,Healthy,5,Low
8,NALGONDA,852,PEDDAVOORA,0852017,Parvedula,4,4,0,4,0,0,0,0,0.0,34.0,55.5,3.0,13.75,0.5249,2.0995,0.0,100.0,Groundnut,3,Healthy,4,Low
8,NALGONDA,852,PEDDAVOORA,0852018,Chalakurthy,7,7,0,5,1,0,1,2,0.2,72.7143,46.7143,4.2857,11.5714,0.4396,3.0774,28.57142857142857,100.0,Cotton,6,Healthy,5,Low
8,NALGONDA,852,PEDDAVOORA,0852022,Jammanakota,1,1,0,0,0,0,1,1,0.9,69.0,87.0,4.0,19.0,0.1483,0.1483,100.0,100.0,Paddy,1,Pests,1,Very High
8,NALGONDA,852,PEDDAVOORA,0852023,Nellikal,62,62,0,51,4,2,5,11,0.1306,30.3387,35.8548,2.5645,12.4355,0.7116,44.1186,17.741935483870968,100.0,Groundnut,62,Healthy,51,Low
8,NALGONDA,852,PEDDAVOORA,0852024,Chintalapalem,6,6,0,6,0,0,0,0,0.0,92.5,53.0,3.6667,11.6667,0.0436,0.2614,0.0,100.0,Cotton,6,Healthy,6,Low
8,NALGONDA,852,PEDDAVOORA,0852025,Thimmaipalem,7,5,2,5,0,0,0,0,0.0,49.7143,48.8571,3.7143,13.0,0.5003,3.5023,0.0,71.43,Groundnut,5,Healthy,5,Low
8,NALGONDA,852,PEDDAVOORA,0852026,Thuniki Nuthula,7,7,0,5,2,0,0,2,0.1429,42.5714,43.0,2.7143,13.7143,0.2039,1.4276,28.57142857142857,100.0,Groundnut,6,Healthy,5,Low
8,NALGONDA,852,PEDDAVOORA,0852F01,FOREST,10,10,0,7,1,1,1,3,0.22,31.4,39.7,2.9,12.4,0.4965,4.9654,30.0,100.0,Groundnut,10,Healthy,7,Moderate
8,NALGONDA,852,PEDDAVOORA,0852F03,FOREST,11,11,0,8,0,1,2,3,0.2364,31.5455,34.4545,2.9091,12.3636,0.7247,7.9713,27.27272727272727,100.0,Groundnut,11,Healthy,8,Moderate
8,NALGONDA,853,PEDDA ADISERLA PALLE,0853002,Chilka Marry,6,6,0,6,0,0,0,0,0.0,98.6667,54.6667,4.0,14.1667,0.5855,3.5129,0.0,100.0,Cotton,5,Healthy,6,Low
8,NALGONDA,853,PEDDA ADISERLA PALLE,0853005,Keshamneni Palle,1,1,0,0,0,1,0,1,0.8,98.0,59.0,2.0,12.0,0.4408,0.4408,100.0,100.0,Cotton,1,Diseased,1,Very High
8,NALGONDA,853,PEDDA ADISERLA PALLE,0853010,Madhapur,1,1,0,1,0,0,0,0,0.0,20.0,36.0,2.0,12.0,0.9923,0.9923,0.0,100.0,Groundnut,1,Healthy,1,Low
8,NALGONDA,853,PEDDA ADISERLA PALLE,0853011,Ghatnemilipur,1,1,0,1,0,0,0,0,0.0,65.0,93.0,3.0,20.0,0.1123,0.1123,0.0,100.0,Paddy,1,Healthy,1,Low
8,NALGONDA,853,PEDDA ADISERLA PALLE,0853013,Tirumalagiri (Patti Dugyal),1,1,0,1,0,0,0,0,0.0,68.0,85.0,6.0,16.0,0.1977,0.1977,0.0,100.0,Paddy,1,Healthy,1,Low
8,NALGONDA,853,PEDDA ADISERLA PALLE,0853014,Dugyala,9,9,0,7,0,0,2,2,0.2,74.5556,91.0,4.4444,16.6667,0.1366,1.2296,22.22222222222222,100.0,Paddy,9,Healthy,7,Low
8,NALGONDA,853,PEDDA ADISERLA PALLE,0853015,Pedda Adiserla Palle,2,2,0,2,0,0,0,0,0.0,76.5,87.0,5.0,18.0,0.2049,0.4097,0.0,100.0,Paddy,2,Healthy,2,Low
8,NALGONDA,853,PEDDA ADISERLA PALLE,0853017,Azmapur,5,5,0,4,1,0,0,1,0.1,97.0,54.4,4.8,12.6,0.0376,0.1879,20.0,100.0,Cotton,5,Healthy,4,Low
8,NALGONDA,853,PEDDA ADISERLA PALLE,0853022,Yellapuram,1,1,0,1,0,0,0,0,0.0,27.0,21.0,1.0,15.0,0.9722,0.9722,0.0,100.0,Groundnut,1,Healthy,1,Low
8,NALGONDA,853,PEDDA ADISERLA PALLE,0853023,Nambapuram,4,4,0,3,1,0,0,1,0.125,62.0,88.5,4.25,18.25,0.1475,0.59,25.0,100.0,Paddy,4,Healthy,3,Low
8,NALGONDA,854,GURRAMPODE,0854001,Pochampalle,4,4,0,3,0,0,1,1,0.225,105.25,48.75,2.5,11.5,0.2855,1.1421,25.0,100.0,Cotton,4,Healthy,3,Moderate
8,NALGONDA,854,GURRAMPODE,0854003,Kondapur,2,2,0,2,0,0,0,0,0.0,67.5,50.0,3.0,14.0,0.131,0.2621,0.0,100.0,Cotton,2,Healthy,2,Low
8,NALGONDA,854,GURRAMPODE,0854004,Chamled,1,1,0,1,0,0,0,0,0.0,60.0,81.0,5.0,16.0,0.1258,0.1258,0.0,100.0,Paddy,1,Healthy,1,Low
8,NALGONDA,854,GURRAMPODE,0854005,Vattikode,5,5,0,4,0,1,0,1,0.16,98.2,53.8,4.0,11.6,0.3041,1.5205,20.0,100.0,Cotton,5,Healthy,4,Low
8,NALGONDA,854,GURRAMPODE,0854006,Koppole,6,6,0,5,1,0,0,1,0.0833,88.8333,59.0,5.1667,13.5,0.5328,3.1965,16.666666666666664,100.0,Cotton,5,Healthy,5,Low
8,NALGONDA,854,GURRAMPODE,0854007,Nadikuda,6,6,0,3,1,1,1,3,0.3667,86.3333,51.3333,3.3333,12.3333,0.8168,4.9007,50.0,100.0,Cotton,6,Healthy,3,Moderate
8,NALGONDA,854,GURRAMPODE,0854010,Gurram Pode,2,2,0,2,0,0,0,0,0.0,76.0,65.0,4.0,15.5,0.1406,0.2811,0.0,100.0,Cotton,1,Healthy,2,Low
8,NALGONDA,854,GURRAMPODE,0854011,Tenepalle,1,1,0,1,0,0,0,0,0.0,113.0,48.0,3.0,12.0,0.2753,0.2753,0.0,100.0,Cotton,1,Healthy,1,Low
8,NALGONDA,854,GURRAMPODE,0854012,Ootlapalle,2,2,0,2,0,0,0,0,0.0,85.0,57.0,5.0,11.5,0.7091,1.4182,0.0,100.0,Cotton,2,Healthy,2,Low
8,NALGONDA,854,GURRAMPODE,0854013,Sulthanpur,1,1,0,1,0,0,0,0,0.0,93.0,51.0,6.0,13.0,0.268,0.268,0.0,100.0,Cotton,1,Healthy,1,Low
8,NALGONDA,854,GURRAMPODE,0854014,Chinthagudam,3,1,2,1,0,0,0,0,0.0,90.3333,52.0,4.6667,13.6667,0.9668,2.9004,0.0,33.33,Cotton,3,Healthy,1,Low
8,NALGONDA,854,GURRAMPODE,0854015,Shagazipur,1,1,0,1,0,0,0,0,0.0,73.0,47.0,5.0,10.0,1.3859,1.3859,0.0,100.0,Cotton,1,Healthy,1,Low
8,NALGONDA,854,GURRAMPODE,0854016,Kalwapalle,4,4,0,3,1,0,0,1,0.125,83.0,49.25,3.75,13.25,0.4661,1.8642,25.0,100.0,Cotton,4,Healthy,3,Low
8,NALGONDA,854,GURRAMPODE,0854017,Palwai,1,1,0,1,0,0,0,0,0.0,94.0,50.0,6.0,12.0,0.382,0.382,0.0,100.0,Cotton,1,Healthy,1,Low
8,NALGONDA,854,GURRAMPODE,0854018,Parla Palle,1,1,0,1,0,0,0,0,0.0,102.0,43.0,2.0,12.0,1.0704,1.0704,0.0,100.0,Cotton,1,Healthy,1,Low
8,NALGONDA,854,GURRAMPODE,0854019,Makka Palle,1,1,0,1,0,0,0,0,0.0,92.0,59.0,6.0,11.0,0.6197,0.6197,0.0,100.0,Cotton,1,Healthy,1,Low
8,NALGONDA,854,GURRAMPODE,0854020,Mailapur,1,1,0,1,0,0,0,0,0.0,105.0,59.0,2.0,13.0,0.7414,0.7414,0.0,100.0,Cotton,1,Healthy,1,Low
8,NALGONDA,854,GURRAMPODE,0854021,Junuthla,1,1,0,1,0,0,0,0,0.0,90.0,45.0,2.0,12.0,1.2709,1.2709,0.0,100.0,Cotton,1,Healthy,1,Low
8,NALGONDA,854,GURRAMPODE,0854023,Kacharam (P) Koppole,1,1,0,1,0,0,0,0,0.0,69.0,93.0,4.0,17.0,0.0684,0.0684,0.0,100.0,Paddy,1,Healthy,1,Low
8,NALGONDA,854,GURRAMPODE,0854025,Chepur,9,9,0,8,0,0,1,1,0.1,93.5556,52.0,4.0,12.8889,0.3272,2.9447,11.11111111111111,100.0,Cotton,9,Healthy,8,Low
8,NALGONDA,856,CHINTHA PALLE,0856005,Kurmaidu,9,9,0,7,0,0,2,2,0.2,84.6667,49.4444,4.3333,12.5556,0.4378,3.94,22.22222222222222,100.0,Cotton,9,Healthy,7,Low
8,NALGONDA,856,CHINTHA PALLE,0856008,Kurma Palle,8,7,1,5,1,0,1,2,0.2,89.75,51.875,3.375,12.5,0.6784,5.4275,28.57142857142857,87.5,Cotton,8,Healthy,5,Low
8,NALGONDA,856,CHINTHA PALLE,0856009,P.K. Mallepalle,1,1,0,1,0,0,0,0,0.0,106.0,60.0,4.0,14.0,0.0386,0.0386,0.0,100.0,Cotton,1,Healthy,1,Low
8,NALGONDA,856,CHINTHA PALLE,0856015,Tirumalapur,1,1,0,1,0,0,0,0,0.0,96.0,41.0,4.0,14.0,0.5374,0.5374,0.0,100.0,Cotton,1,Healthy,1,Low
8,NALGONDA,856,CHINTHA PALLE,0856016,Teeded,2,1,1,1,0,0,0,0,0.0,64.5,78.5,5.0,16.5,0.2337,0.4674,0.0,50.0,Cotton,1,Healthy,1,Low
8,NALGONDA,856,CHINTHA PALLE,0856017,Kokkirayala Gowraram,2,2,0,2,0,0,0,0,0.0,80.0,89.5,6.0,19.5,0.1723,0.3447,0.0,100.0,Paddy,2,Healthy,2,Low
8,NALGONDA,856,CHINTHA PALLE,0856018,Nasarla Palle,1,1,0,1,0,0,0,0,0.0,97.0,58.0,4.0,14.0,0.5121,0.5121,0.0,100.0,Cotton,1,Healthy,1,Low
8,NALGONDA,856,CHINTHA PALLE,0856020,Mallareddipalle,2,2,0,2,0,0,0,0,0.0,93.5,50.0,5.5,13.0,0.3305,0.6611,0.0,100.0,Cotton,2,Healthy,2,Low
8,NALGONDA,856,CHINTHA PALLE,0856021,Humanthulapalle,4,4,0,4,0,0,0,0,0.0,93.25,42.75,5.25,13.5,0.3726,1.4902,0.0,100.0,Cotton,4,Healthy,4,Low
8,NALGONDA,857,DEVARAKONDA,0857001,Gottimukkala,2,2,0,2,0,0,0,0,0.0,69.0,90.5,4.5,19.5,0.0494,0.0988,0.0,100.0,Paddy,2,Healthy,2,Low
8,NALGONDA,857,DEVARAKONDA,0857002,Iddam Palle,4,4,0,3,0,0,1,1,0.225,90.75,49.5,3.75,13.0,0.3822,1.5288,25.0,100.0,Cotton,4,Healthy,3,Moderate
8,NALGONDA,857,DEVARAKONDA,0857003,Padamati Palle,2,2,0,2,0,0,0,0,0.0,79.5,42.5,3.5,15.0,0.08,0.16,0.0,100.0,Cotton,2,Healthy,2,Low
8,NALGONDA,857,DEVARAKONDA,0857006,Mudigonda,2,2,0,2,0,0,0,0,0.0,70.0,53.5,4.5,12.0,0.0754,0.1508,0.0,100.0,Cotton,2,Healthy,2,Low
8,NALGONDA,857,DEVARAKONDA,0857012,Gummadavally,5,5,0,5,0,0,0,0,0.0,99.2,54.0,3.8,13.2,0.403,2.0149,0.0,100.0,Cotton,5,Healthy,5,Low
8,NALGONDA,857,DEVARAKONDA,0857013,Chinna Adiserla Palle,1,1,0,1,0,0,0,0,0.0,57.0,94.0,6.0,19.0,0.0257,0.0257,0.0,100.0,Paddy,1,Healthy,1,Low
8,NALGONDA,857,DEVARAKONDA,0857014,Chinthakuntla,2,2,0,2,0,0,0,0,0.0,72.0,86.5,4.5,18.5,0.1029,0.2057,0.0,100.0,Paddy,2,Healthy,2,Low
8,NALGONDA,857,DEVARAKONDA,0857016,Gazinagar,1,1,0,1,0,0,0,0,0.0,115.0,57.0,5.0,13.0,0.2764,0.2764,0.0,100.0,Cotton,1,Healthy,1,Low
8,NALGONDA,857,DEVARAKONDA,0857017,DEVERAKONDA TOWN,1,1,0,0,0,1,0,1,0.8,67.0,92.0,6.0,20.0,0.0886,0.0886,100.0,100.0,Paddy,1,Diseased,1,Very High
8,NALGONDA,857,DEVARAKONDA,0857020,Tatikole,1,1,0,1,0,0,0,0,0.0,61.0,54.0,6.0,14.0,0.2023,0.2023,0.0,100.0,Cotton,1,Healthy,1,Low
8,NALGONDA,857,DEVARAKONDA,0857022,Mynam Palle,1,1,0,1,0,0,0,0,0.0,96.0,58.0,2.0,10.0,0.3747,0.3747,0.0,100.0,Cotton,1,Healthy,1,Low
8,NALGONDA,857,DEVARAKONDA,0857025,Pendli Pakala,3,3,0,3,0,0,0,0,0.0,61.3333,84.6667,4.0,18.3333,0.1013,0.304,0.0,100.0,Paddy,3,Healthy,3,Low
8,NALGONDA,857,DEVARAKONDA,0857026,Atchampet,1,1,0,1,0,0,0,0,0.0,64.0,58.0,3.0,14.0,0.0879,0.0879,0.0,100.0,Cotton,1,Healthy,1,Low
8,NALGONDA,857,DEVARAKONDA,0857027,Vardhamaniguda,1,1,0,0,0,0,1,1,0.9,95.0,98.0,6.0,19.0,0.1111,0.1111,100.0,100.0,Paddy,1,Pests,1,Very High
8,NALGONDA,857,DEVARAKONDA,0857029,Fakeerpoor,1,1,0,1,0,0,0,0,0.0,67.0,100.0,5.0,15.0,0.1158,0.1158,0.0,100.0,Paddy,1,Healthy,1,Low
8,NALGONDA,858,GUNDLA PALLE,0858005,Vavilkole,5,1,4,1,0,0,0,0,0.0,71.8,60.0,5.0,11.8,0.3036,1.5181,0.0,20.0,Cotton,4,Healthy,1,Low
8,NALGONDA,859,CHANDAM PET,0859002,Mududondla,1,1,0,0,0,0,1,1,0.9,107.0,57.0,5.0,12.0,0.3593,0.3593,100.0,100.0,Cotton,1,Pests,1,Very High
8,NALGONDA,859,CHANDAM PET,0859003,Achampet (P) Chandampet,2,2,0,2,0,0,0,0,0.0,68.5,44.5,3.0,11.5,0.6885,1.377,0.0,100.0,Cotton,2,Healthy,2,Low
8,NALGONDA,859,CHANDAM PET,0859006,Gagillapur,1,1,0,1,0,0,0,0,0.0,84.0,40.0,2.0,11.0,0.1682,0.1682,0.0,100.0,Cotton,1,Healthy,1,Low
8,NALGONDA,859,CHANDAM PET,0859013,Chitriyala,1,1,0,1,0,0,0,0,0.0,70.0,57.0,3.0,15.0,0.1693,0.1693,0.0,100.0,Cotton,1,Healthy,1,Low
9,WARANGAL,918,THORRUR,0918001,Zamisthanpur,5,5,0,4,0,0,1,1,0.18,163.4,48.6,3.4,28.0,0.6099,3.0495,20.0,100.0,Maize,5,Healthy,4,Low
9,WARANGAL,918,THORRUR,0918003,Gurthur,1,1,0,1,0,0,0,0,0.0,81.0,83.0,6.0,23.0,0.0176,0.0176,0.0,100.0,Paddy,1,Healthy,1,Low
9,WARANGAL,918,THORRUR,0918006,Kommanapalle,6,6,0,5,0,1,0,1,0.1333,188.0,52.6667,4.5,28.0,0.0792,0.4751,16.666666666666664,100.0,Maize,6,Healthy,5,Low
9,WARANGAL,918,THORRUR,0918007,Velikatte,18,18,0,15,0,1,2,3,0.1444,171.3889,54.1667,3.7222,27.1111,0.0753,1.3555,16.666666666666664,100.0,Maize,17,Healthy,15,Low
9,WARANGAL,918,THORRUR,0918008,Nancharimadur,5,5,0,5,0,0,0,0,0.0,164.8,53.0,4.4,26.2,0.1955,0.9776,0.0,100.0,Maize,4,Healthy,5,Low
9,WARANGAL,918,THORRUR,0918009,Chinnavangara,12,12,0,12,0,0,0,0,0.0,195.1667,50.8333,3.8333,27.5,0.057,0.6844,0.0,100.0,Maize,12,Healthy,12,Low
9,WARANGAL,918,THORRUR,0918010,Venkatapur,2,2,0,1,0,0,1,1,0.45,171.5,57.0,5.0,29.5,0.0624,0.1247,50.0,100.0,Maize,2,Healthy,1,Moderate
9,WARANGAL,918,THORRUR,0918011,Thorrur,4,4,0,4,0,0,0,0,0.0,136.75,48.75,3.5,24.75,0.2557,1.0228,0.0,100.0,Maize,3,Healthy,4,Low
9,WARANGAL,918,THORRUR,0918012,Chinthalapalle,9,9,0,9,0,0,0,0,0.0,160.2222,52.0,4.0,27.2222,0.0913,0.8219,0.0,100.0,Maize,9,Healthy,9,Low
9,WARANGAL,918,THORRUR,0918014,Madipalle,4,4,0,4,0,0,0,0,0.0,75.75,49.75,3.75,7.0,0.3339,1.3357,0.0,100.0,Chillies,4,Healthy,4,Low
9,WARANGAL,918,THORRUR,0918015,Polepalle,3,3,0,2,1,0,0,1,0.1667,65.6667,45.6667,3.3333,7.0,0.1825,0.5475,33.33333333333333,100.0,Chillies,3,Healthy,2,Low
9,WARANGAL,918,THORRUR,0918016,Fathepur,5,5,0,4,0,1,0,1,0.16,71.6,49.4,3.2,7.8,0.0449,0.2246,20.0,100.0,Chillies,5,Healthy,4,Low
9,WARANGAL,918,THORRUR,0918017,Gopalagiri,1,1,0,1,0,0,0,0,0.0,202.0,58.0,5.0,26.0,0.0985,0.0985,0.0,100.0,Maize,1,Healthy,1,Low
9,WARANGAL,918,THORRUR,0918018,Haripriyal,5,5,0,3,1,0,1,2,0.28,137.8,49.4,4.0,28.4,0.1215,0.6075,40.0,100.0,Maize,5,Healthy,3,Moderate
9,WARANGAL,918,THORRUR,0918019,Chityal,5,5,0,4,1,0,0,1,0.1,161.8,50.0,3.8,28.2,0.0505,0.2527,20.0,100.0,Maize,5,Healthy,4,Low
9,WARANGAL,918,THORRUR,0918024,Matedu,2,2,0,2,0,0,0,0,0.0,73.0,48.0,3.0,9.5,0.3704,0.7407,0.0,100.0,Chillies,2,Healthy,2,Low
9,WARANGAL,919,NELLIKUDUR,0919001,Mecharajpalle,1,1,0,1,0,0,0,0,0.0,97.0,93.0,4.0,22.0,0.0953,0.0953,0.0,100.0,Paddy,1,Healthy,1,Low
9,WARANGAL,919,NELLIKUDUR,0919002,Yerrabelligudem,4,4,0,3,0,1,0,1,0.2,77.75,80.0,4.5,18.0,0.0972,0.3888,25.0,100.0,Paddy,3,Healthy,3,Low
9,WARANGAL,919,NELLIKUDUR,0919004,Kachikal,1,1,0,1,0,0,0,0,0.0,71.0,55.0,2.0,5.0,0.6915,0.6915,0.0,100.0,Chillies,1,Healthy,1,Low
9,WARANGAL,919,NELLIKUDUR,0919005,Chinnanagaram,2,2,0,1,1,0,0,1,0.25,62.0,89.5,5.0,21.5,2.193,4.386,50.0,100.0,Paddy,2,Healthy,1,Moderate
9,WARANGAL,919,NELLIKUDUR,0919006,Rajulakothapalle,3,3,0,3,0,0,0,0,0.0,82.0,58.0,5.0,17.3333,1.0059,3.0178,0.0,100.0,Cotton,2,Healthy,3,Low
9,WARANGAL,919,NELLIKUDUR,0919007,Chinnamupparam,13,4,9,4,0,0,0,0,0.0,73.0,76.0,4.0769,16.6154,0.1462,1.9011,0.0,30.77,Paddy,8,Healthy,4,Low
9,WARANGAL,919,NELLIKUDUR,0919008,Aleru,3,3,0,2,1,0,0,1,0.1667,90.3333,61.3333,4.6667,13.0,0.0735,0.2205,33.33333333333333,100.0,Chillies,2,Healthy,2,Low
9,WARANGAL,919,NELLIKUDUR,0919009,Vavilala,9,9,0,9,0,0,0,0,0.0,71.3333,89.1111,4.6667,22.3333,0.0613,0.5515,0.0,100.0,Paddy,9,Healthy,9,Low
9,WARANGAL,919,NELLIKUDUR,0919011,Sriramgiri,5,5,0,4,1,0,0,1,0.1,77.0,51.0,4.0,7.6,0.1875,0.9373,20.0,100.0,Chillies,5,Healthy,4,Low
9,WARANGAL,919,NELLIKUDUR,0919013,Nainala,3,3,0,3,0,0,0,0,0.0,80.3333,59.3333,3.6667,12.6667,0.2294,0.6883,0.0,100.0,Chillies,2,Healthy,3,Low
9,WARANGAL,919,NELLIKUDUR,0919014,Nellikudur,11,11,0,8,2,0,1,3,0.1727,84.7273,50.8182,3.2727,12.6364,0.3265,3.5915,27.27272727272727,100.0,Chillies,8,Healthy,8,Low
9,WARANGAL,919,NELLIKUDUR,0919015,Brahmanakothapalle,4,4,0,2,1,1,0,2,0.325,75.5,52.25,2.75,8.25,0.1335,0.5341,50.0,100.0,Chillies,4,Healthy,2,Moderate
9,WARANGAL,919,NELLIKUDUR,0919016,Bodlada,1,1,0,1,0,0,0,0,0.0,84.0,45.0,5.0,5.0,0.4583,0.4583,0.0,100.0,Chillies,1,Healthy,1,Low
9,WARANGAL,919,NELLIKUDUR,0919018,Munugalvedu,3,1,2,1,0,0,0,0,0.0,77.3333,50.0,4.3333,7.3333,0.1142,0.3427,0.0,33.33,Chillies,3,Healthy,1,Low
9,WARANGAL,919,NELLIKUDUR,0919F01,FOREST,2,2,0,1,0,1,0,1,0.4,61.5,47.0,3.5,7.5,0.0838,0.1676,50.0,100.0,Chillies,2,Diseased,1,Moderate
9,WARANGAL,920,NARSIMHULAPET,0920011,Vanthadupula,1,1,0,1,0,0,0,0,0.0,66.0,100.0,5.0,22.0,0.0173,0.0173,0.0,100.0,Paddy,1,Healthy,1,Low
9,WARANGAL,920,NARSIMHULAPET,0920013,Kommulavancha,3,3,0,3,0,0,0,0,0.0,65.6667,52.3333,4.6667,7.3333,0.1736,0.5207,0.0,100.0,Chillies,3,Healthy,3,Low
9,WARANGAL,920,NARSIMHULAPET,0920020,Peddanagaram,1,1,0,1,0,0,0,0,0.0,96.0,98.0,4.0,20.0,0.1463,0.1463,0.0,100.0,Paddy,1,Healthy,1,Low
9,WARANGAL,921,MARIPEDA,0921001,Uggampalle,8,2,6,2,0,0,0,0,0.0,76.5,91.625,4.5,23.25,0.0797,0.6379,0.0,25.0,Paddy,8,Healthy,2,Low
9,WARANGAL,921,MARIPEDA,0921004,Veesampalle,12,3,9,3,0,0,0,0,0.0,74.5833,89.5,4.3333,22.4167,0.082,0.9835,0.0,25.0,Paddy,12,Healthy,3,Low
9,WARANGAL,921,MARIPEDA,0921005,Yellampet,14,14,0,11,2,1,0,3,0.1286,78.5714,87.8571,4.0,22.2857,0.1294,1.8116,21.428571428571427,100.0,Paddy,14,Healthy,11,Low
9,WARANGAL,921,MARIPEDA,0921006,Anepuram,10,10,0,9,0,0,1,1,0.09,85.2,89.2,4.5,22.3,0.1167,1.1668,10.0,100.0,Paddy,10,Healthy,9,Low
9,WARANGAL,921,MARIPEDA,0921007,Neelkurthy,15,15,0,12,1,1,1,3,0.1467,72.6,89.2667,4.4667,22.4667,0.1005,1.5078,20.0,100.0,Paddy,15,Healthy,12,Low
9,WARANGAL,921,MARIPEDA,0921010,Tallaookal,6,6,0,5,0,1,0,1,0.1333,77.1667,89.6667,4.1667,22.6667,0.1501,0.9004,16.666666666666664,100.0,Paddy,6,Healthy,5,Low
9,WARANGAL,921,MARIPEDA,0921011,Thanamcherla,15,15,0,12,0,1,2,3,0.1733,75.7333,91.0,4.2667,22.8,0.1011,1.5168,20.0,100.0,Paddy,15,Healthy,12,Low
9,WARANGAL,921,MARIPEDA,0921012,Burhanpur,2,2,0,2,0,0,0,0,0.0,70.0,88.5,5.5,21.0,0.0846,0.1693,0.0,100.0,Paddy,2,Healthy,2,Low
9,WARANGAL,921,MARIPEDA,0921016,Veeraram,4,4,0,4,0,0,0,0,0.0,78.75,86.25,3.5,22.25,0.1325,0.5299,0.0,100.0,Paddy,4,Healthy,4,Low
9,WARANGAL,921,MARIPEDA,0921017,Ullepalle,6,6,0,5,1,0,0,1,0.0833,79.1667,87.3333,4.3333,22.1667,0.0597,0.3583,16.666666666666664,100.0,Paddy,6,Healthy,5,Low
9,WARANGAL,921,MARIPEDA,0921020,Beecharajpalle,1,1,0,1,0,0,0,0,0.0,56.0,81.0,5.0,20.0,0.0514,0.0514,0.0,100.0,Paddy,1,Healthy,1,Low
9,WARANGAL,921,MARIPEDA,0921022,Abbaipalem,6,6,0,4,1,1,0,2,0.2167,75.0,89.1667,4.3333,22.5,0.116,0.6959,33.33333333333333,100.0,Paddy,6,Healthy,4,Moderate
9,WARANGAL,921,MARIPEDA,0921024,Galivarigudem,2,2,0,1,1,0,0,1,0.25,79.5,89.0,4.5,22.5,0.0701,0.1402,50.0,100.0,Paddy,2,Healthy,1,Moderate
9,WARANGAL,922,DORNAKAL,0922002,Gollacherla,4,4,0,3,0,0,1,1,0.225,73.75,55.25,3.0,7.75,0.1082,0.4328,25.0,100.0,Chillies,4,Healthy,3,Moderate
9,WARANGAL,922,DORNAKAL,0922004,Uyyalawada,9,9,0,5,1,0,3,4,0.3556,84.7778,48.4444,3.4444,8.4444,0.1349,1.2145,44.44444444444444,100.0,Chillies,9,Healthy,5,Moderate
9,WARANGAL,922,DORNAKAL,0922005,Burgupahad,6,6,0,5,1,0,0,1,0.0833,75.6667,48.5,4.0,7.6667,0.0579,0.3473,16.666666666666664,100.0,Chillies,6,Healthy,5,Low
9,WARANGAL,922,DORNAKAL,0922006,Perumandla -Sankesa,9,9,0,6,0,1,2,3,0.2889,72.8889,51.3333,3.3333,7.0,0.095,0.8553,33.33333333333333,100.0,Chillies,9,Healthy,6,Moderate
9,WARANGAL,922,DORNAKAL,0922007,Mannegudem,5,5,0,5,0,0,0,0,0.0,76.0,53.0,3.0,6.0,0.1008,0.5042,0.0,100.0,Chillies,5,Healthy,5,Low
9,WARANGAL,922,DORNAKAL,0922010,Kannegundla,14,14,0,9,2,2,1,5,0.25,75.6429,49.3571,4.0,7.1429,0.0748,1.0478,35.714285714285715,100.0,Chillies,14,Healthy,9,Moderate
9,WARANGAL,922,DORNAKAL,0922011,Vennaram,12,12,0,10,1,0,1,2,0.1167,70.0833,50.3333,3.75,8.4167,0.0686,0.823,16.666666666666664,100.0,Chillies,12,Healthy,10,Low
9,WARANGAL,923,KURAVI,0923004,Kandikonda,2,2,0,2,0,0,0,0,0.0,78.0,42.0,3.0,7.5,0.5386,1.0773,0.0,100.0,Chillies,2,Healthy,2,Low
9,WARANGAL,923,KURAVI,0923006,Kuravi,10,7,3,6,0,0,1,1,0.1286,71.7,46.3,3.6,7.3,0.3733,3.7331,14.285714285714285,70.0,Chillies,10,Healthy,6,Low
9,WARANGAL,923,KURAVI,0923007,Mogilicherla,28,27,1,22,2,3,0,5,0.1259,72.3929,50.6429,3.3571,7.75,0.4889,13.6902,18.51851851851852,96.43,Chillies,28,Healthy,22,Low
9,WARANGAL,923,KURAVI,0923008,Narayanapur,14,14,0,10,1,2,1,4,0.2143,77.8571,47.7143,3.5,9.2143,0.5273,7.3823,28.57142857142857,100.0,Chillies,13,Healthy,10,Moderate
9,WARANGAL,923,KURAVI,0923009,Gundrathimadugu,38,38,0,34,0,2,2,4,0.0895,76.2632,50.6316,3.3158,7.2368,0.5432,20.6421,10.526315789473683,100.0,Chillies,38,Healthy,34,Low
9,WARANGAL,923,KURAVI,0923012,Thirumalapur,11,11,0,9,2,0,0,2,0.0909,78.0909,49.8182,3.6364,8.0,0.4684,5.1529,18.181818181818183,100.0,Chillies,11,Healthy,9,Low
9,WARANGAL,923,KURAVI,0923013,Madugulagudem,34,34,0,28,3,1,2,6,0.1206,80.0882,49.8529,3.4412,8.8529,0.5979,20.3286,17.647058823529413,100.0,Chillies,22,Healthy,28,Low
9,WARANGAL,923,KURAVI,0923014,Chinthapalle,31,31,0,21,4,3,3,10,0.229,71.4194,51.9032,3.4516,7.7097,0.2377,7.3677,32.25806451612903,100.0,Chillies,30,Healthy,21,Moderate
9,WARANGAL,923,KURAVI,0923015,Kampalle,45,45,0,40,1,2,2,5,0.0867,75.5556,59.1333,3.5556,11.3111,0.4724,21.2566,11.11111111111111,100.0,Chillies,31,Healthy,40,Low
9,WARANGAL,923,KURAVI,0923016,Seerole,16,16,0,10,4,0,2,6,0.2375,74.8125,71.25,4.3125,15.5625,0.0589,0.9427,37.5,100.0,Chillies,8,Healthy,10,Moderate
9,WARANGAL,923,KURAVI,0923017,Upparagudem,4,4,0,4,0,0,0,0,0.0,61.0,54.0,3.0,7.25,0.0563,0.2252,0.0,100.0,Chillies,4,Healthy,4,Low
9,WARANGAL,923,KURAVI,0923018,Tallasankeesa,15,15,0,11,1,0,3,4,0.2133,85.8,54.4667,3.6,10.3333,0.3814,5.7213,26.666666666666668,100.0,Chillies,11,Healthy,11,Moderate
9,WARANGAL,923,KURAVI,0923019,Nallela,16,16,0,15,1,0,0,1,0.0312,79.0,49.6875,3.625,8.0,0.2115,3.3836,6.25,100.0,Chillies,14,Healthy,15,Low
9,WARANGAL,923,KURAVI,0923020,Balapala,3,3,0,3,0,0,0,0,0.0,79.3333,45.3333,4.3333,8.6667,0.1909,0.5727,0.0,100.0,Chillies,3,Healthy,3,Low
9,WARANGAL,924,MAHABUBABAD,0924015,Anantharam,7,7,0,5,0,0,2,2,0.2571,112.5714,47.2857,3.5714,13.0,0.4146,2.902,28.57142857142857,100.0,Chillies,5,Healthy,5,Moderate
9,WARANGAL,924,MAHABUBABAD,0924020,Madhavpuram,16,2,14,1,1,0,0,1,0.25,101.6875,47.9375,3.75,11.9375,0.4343,6.949,50.0,12.5,Chillies,11,Healthy,1,Moderate
9,WARANGAL,925,KESAMUDRAM,0925003,Katrapalle,10,1,9,1,0,0,0,0,0.0,74.6,77.6,4.0,18.0,0.3306,3.3063,0.0,10.0,Paddy,7,Healthy,1,Low
9,WARANGAL,925,KESAMUDRAM,0925008,Inugurthy,8,8,0,7,0,1,0,1,0.1,88.5,77.625,4.125,21.75,0.3954,3.1631,12.5,100.0,Paddy,5,Healthy,7,Low
9,WARANGAL,925,KESAMUDRAM,0925009,Komatipalle,8,8,0,7,0,0,1,1,0.1125,69.125,86.75,4.25,22.625,0.0532,0.4255,12.5,100.0,Paddy,8,Healthy,7,Low
9,WARANGAL,925,KESAMUDRAM,0925F02,FOREST,9,9,0,9,0,0,0,0,0.0,165.6667,51.3333,3.5556,25.1111,0.1053,0.9476,0.0,100.0,Maize,8,Healthy,9,Low
9,WARANGAL,925,KESAMUDRAM,0925F05,FOREST,10,2,8,1,0,1,0,1,0.4,97.8,59.0,4.0,13.9,0.386,3.8599,50.0,20.0,Chillies,6,Diseased,1,Moderate
9,WARANGAL,926,NEKKONDA,0926011,Alamkhanipet,2,1,1,0,1,0,0,1,0.5,62.5,49.5,3.5,5.0,0.2611,0.5222,100.0,50.0,Chillies,2,Stressed,1,High
9,WARANGAL,926,NEKKONDA,0926017,Nagaram,4,3,1,2,1,0,0,1,0.1667,78.75,68.0,4.25,16.0,0.2655,1.0621,33.33333333333333,75.0,Chillies,2,Healthy,2,Low
9,WARANGAL,926,NEKKONDA,0926F01,FOREST,4,3,1,2,0,0,1,1,0.3,75.75,48.25,3.75,7.5,0.2675,1.0701,33.33333333333333,75.0,Chillies,4,Healthy,2,Moderate
9,WARANGAL,927,GUDUR,0927001,Gundenga,19,19,0,14,0,2,3,5,0.2263,78.2105,50.7895,3.3684,11.1053,0.4165,7.914,26.31578947368421,100.0,Chillies,13,Healthy,14,Moderate
9,WARANGAL,927,GUDUR,0927002,Madanapur,1,1,0,1,0,0,0,0,0.0,75.0,44.0,4.0,7.0,0.4893,0.4893,0.0,100.0,Chillies,1,Healthy,1,Low
9,WARANGAL,927,GUDUR,0927003,Gajulagattu,5,5,0,4,0,0,1,1,0.18,70.4,55.6,3.4,12.2,0.6506,3.2529,20.0,100.0,Chillies,4,Healthy,4,Low
9,WARANGAL,927,GUDUR,0927004,Ayodhyapur,3,3,0,3,0,0,0,0,0.0,78.0,75.3333,4.6667,17.6667,0.953,2.859,0.0,100.0,Paddy,2,Healthy,3,Low
9,WARANGAL,927,GUDUR,0927005,Ponugodu,22,22,0,21,0,1,0,1,0.0364,84.7727,59.8182,4.1364,14.4545,0.4341,9.5497,4.545454545454546,100.0,Chillies,13,Healthy,21,Low
9,WARANGAL,927,GUDUR,0927006,Keshavapatnam,13,13,0,11,2,0,0,2,0.0769,74.3077,55.1538,3.3846,9.7692,0.2206,2.8683,15.384615384615383,100.0,Chillies,11,Healthy,11,Low
9,WARANGAL,927,GUDUR,0927008,Bhupathipet,3,3,0,3,0,0,0,0,0.0,63.3333,88.6667,6.0,23.6667,1.233,3.6989,0.0,100.0,Paddy,3,Healthy,3,Low
9,WARANGAL,927,GUDUR,0927009,Adivarampet,7,7,0,7,0,0,0,0,0.0,70.8571,94.4286,4.2857,22.0,0.0749,0.5246,0.0,100.0,Paddy,7,Healthy,7,Low
9,WARANGAL,927,GUDUR,0927010,Chinnayellapur,8,8,0,7,1,0,0,1,0.0625,79.375,67.25,3.5,16.5,0.405,3.2402,12.5,100.0,Chillies,3,Healthy,7,Low
9,WARANGAL,927,GUDUR,0927011,Seetanagar,8,8,0,5,2,0,1,3,0.2375,74.25,85.375,4.125,19.875,0.0973,0.7782,37.5,100.0,Paddy,7,Healthy,5,Moderate
9,WARANGAL,927,GUDUR,0927012,Veerampet,12,12,0,8,1,1,2,4,0.2583,89.6667,59.3333,4.0833,13.9167,0.5863,7.0352,33.33333333333333,100.0,Chillies,7,Healthy,8,Moderate
9,WARANGAL,927,GUDUR,0927014,Macherla,10,10,0,8,1,1,0,2,0.13,73.4,81.0,4.1,19.9,0.3547,3.5472,20.0,100.0,Paddy,8,Healthy,8,Low
9,WARANGAL,927,GUDUR,0927015,Gudur,24,24,0,20,1,0,3,4,0.1333,69.625,77.9167,4.2083,18.125,0.251,6.0228,16.666666666666664,100.0,Paddy,16,Healthy,20,Low
9,WARANGAL,927,GUDUR,0927016,Bollepalle,11,11,0,8,1,1,1,3,0.2,68.5455,63.5455,4.4545,14.1818,0.3525,3.8778,27.27272727272727,100.0,Chillies,7,Healthy,8,Low
9,WARANGAL,927,GUDUR,0927017,Rajanpalle,2,2,0,2,0,0,0,0,0.0,89.0,67.5,4.0,15.0,0.222,0.4439,0.0,100.0,Chillies,1,Healthy,2,Low
9,WARANGAL,927,GUDUR,0927018,Naikpalle,4,4,0,3,1,0,0,1,0.125,84.0,74.75,4.0,19.5,0.14,0.56,25.0,100.0,Paddy,3,Healthy,3,Low
9,WARANGAL,927,GUDUR,0927019,Teegalveni,16,14,2,11,0,3,0,3,0.1714,72.875,58.5625,3.1875,12.1875,0.4411,7.0571,21.428571428571427,87.5,Chillies,13,Healthy,11,Low
9,WARANGAL,927,GUDUR,0927020,Govindapur,18,12,6,10,0,1,1,2,0.1417,73.3889,76.2222,3.8889,18.0,0.2316,4.1681,16.666666666666664,66.67,Paddy,12,Healthy,10,Low
9,WARANGAL,927,GUDUR,0927021,Damaravancha,1,1,0,1,0,0,0,0,0.0,61.0,98.0,6.0,23.0,0.0193,0.0193,0.0,100.0,Paddy,1,Healthy,1,Low
9,WARANGAL,927,GUDUR,0927022,Apparajpalle,5,5,0,4,1,0,0,1,0.1,90.0,59.4,4.4,13.6,0.5759,2.8795,20.0,100.0,Chillies,3,Healthy,4,Low
9,WARANGAL,927,GUDUR,0927023,Boddugonda,18,18,0,15,1,0,2,3,0.1278,93.1667,54.6667,3.7222,10.9444,0.465,8.3704,16.666666666666664,100.0,Chillies,14,Healthy,15,Low
9,WARANGAL,927,GUDUR,0927024,Kolhapuram,4,4,0,3,1,0,0,1,0.125,75.75,69.0,3.75,16.5,0.4542,1.8168,25.0,100.0,Chillies,2,Healthy,3,Low
9,WARANGAL,927,GUDUR,0927F01,FOREST,45,45,0,37,2,3,3,8,0.1356,76.8889,70.4,4.0667,16.1778,0.2938,13.2213,17.77777777777778,100.0,Paddy,23,Healthy,37,Low
9,WARANGAL,927,GUDUR,0927F02,FOREST,13,12,1,10,0,1,1,2,0.1417,92.0,60.2308,3.6154,16.6923,0.6037,7.8477,16.666666666666664,92.31,Chillies,6,Healthy,10,Low
9,WARANGAL,928,KOTHAGUDEM,0928026,Jangalpalle,6,6,0,4,0,1,1,2,0.2833,162.1667,49.1667,2.8333,27.8333,0.1665,0.9989,33.33333333333333,100.0,Maize,6,Healthy,4,Moderate
9,WARANGAL,928,KOTHAGUDEM,0928032,Kamaram,6,6,0,4,0,1,1,2,0.2833,152.3333,51.1667,3.3333,27.5,0.0646,0.3874,33.33333333333333,100.0,Maize,6,Healthy,4,Moderate
9,WARANGAL,928,KOTHAGUDEM,0928033,Ponugonda,6,6,0,6,0,0,0,0,0.0,182.0,47.1667,3.1667,27.3333,0.0272,0.163,0.0,100.0,Maize,6,Healthy,6,Low
9,WARANGAL,928,KOTHAGUDEM,0928035,Mamidigudem,5,5,0,4,0,0,1,1,0.18,219.0,51.8,3.2,26.4,0.0571,0.2857,20.0,100.0,Maize,5,Healthy,4,Low
9,WARANGAL,928,KOTHAGUDEM,0928036,Dubbaguda,2,2,0,2,0,0,0,0,0.0,151.0,56.5,3.0,25.5,0.0235,0.047,0.0,100.0,Maize,2,Healthy,2,Low
9,WARANGAL,928,KOTHAGUDEM,0928037,Marriguda,1,1,0,1,0,0,0,0,0.0,175.0,46.0,5.0,28.0,0.1449,0.1449,0.0,100.0,Maize,1,Healthy,1,Low
9,WARANGAL,928,KOTHAGUDEM,0928042,Narsugudem,4,4,0,3,0,1,0,1,0.2,173.75,48.75,4.0,28.25,0.3434,1.3736,25.0,100.0,Maize,4,Healthy,3,Low
9,WARANGAL,928,KOTHAGUDEM,0928043,Katrainam,27,27,0,22,2,0,3,5,0.137,177.3333,50.9259,3.6667,27.5185,0.0932,2.5158,18.51851851851852,100.0,Maize,27,Healthy,22,Low
9,WARANGAL,928,KOTHAGUDEM,0928044,Komatlagudem,2,2,0,2,0,0,0,0,0.0,175.0,45.5,2.5,26.5,0.2617,0.5234,0.0,100.0,Maize,2,Healthy,2,Low
9,WARANGAL,928,KOTHAGUDEM,0928045,Bavurugonda,6,6,0,4,1,0,1,2,0.2333,164.3333,48.0,3.1667,28.1667,0.1609,0.9653,33.33333333333333,100.0,Maize,6,Healthy,4,Moderate
9,WARANGAL,928,KOTHAGUDEM,0928054,Bakkachintalapadu,1,1,0,1,0,0,0,0,0.0,67.0,59.0,5.0,11.0,0.8778,0.8778,0.0,100.0,Cotton,1,Healthy,1,Low
9,WARANGAL,928,KOTHAGUDEM,0928060,Eshwaragudem,1,1,0,1,0,0,0,0,0.0,62.0,50.0,3.0,16.0,1.5204,1.5204,0.0,100.0,Cotton,1,Healthy,1,Low
9,WARANGAL,928,KOTHAGUDEM,0928062,Tirmalgandi,4,4,0,3,0,0,1,1,0.225,168.75,55.0,3.0,26.5,0.0197,0.0789,25.0,100.0,Maize,4,Healthy,3,Moderate
9,WARANGAL,928,KOTHAGUDEM,0928066,Gangaram,10,10,0,10,0,0,0,0,0.0,167.6,49.5,3.7,28.0,0.0217,0.2171,0.0,100.0,Maize,10,Healthy,10,Low
9,WARANGAL,928,KOTHAGUDEM,0928F08,FOREST,102,102,0,94,3,3,2,8,0.0559,153.1667,51.0882,3.7745,24.5294,0.3119,31.8105,7.84313725490196,100.0,Maize,81,Healthy,94,Low
9,WARANGAL,929,KHANAPUR,0929005,Pocharam,2,2,0,1,1,0,0,1,0.25,81.5,44.0,4.0,7.0,0.3766,0.7533,50.0,100.0,Chillies,2,Healthy,1,Moderate
9,WARANGAL,929,KHANAPUR,0929006,Budharaopet,1,1,0,1,0,0,0,0,0.0,79.0,97.0,3.0,24.0,0.0718,0.0718,0.0,100.0,Paddy,1,Healthy,1,Low
9,WARANGAL,929,KHANAPUR,0929014,Dharmaraopet,1,1,0,1,0,0,0,0,0.0,54.0,47.0,2.0,10.0,0.0479,0.0479,0.0,100.0,Chillies,1,Healthy,1,Low
9,WARANGAL,931,CHENNARAOPET,0931011,Papaiahpeta,8,8,0,6,0,1,1,2,0.2125,80.0,52.375,3.5,8.75,0.2647,2.1173,25.0,100.0,Chillies,7,Healthy,6,Moderate
9,WARANGAL,932,PARVATHAGIRI,0932013,Burugamadla,2,1,1,1,0,0,0,0,0.0,130.5,72.0,3.5,26.0,0.0722,0.1444,0.0,50.0,Maize,1,Healthy,1,Low
10,KHAMMAM,1021,BAYYARAM,1021001,Gurimella,1,1,0,1,0,0,0,0,0.0,59.0,80.0,6.0,23.0,0.012,0.012,0.0,100.0,Paddy,1,Healthy,1,Low
10,KHAMMAM,1021,BAYYARAM,1021002,Motlathimma Puram,14,14,0,14,0,0,0,0,0.0,170.5714,47.0714,3.9286,27.4286,0.0258,0.3614,0.0,100.0,Maize,14,Healthy,14,Low
10,KHAMMAM,1021,BAYYARAM,1021004,Venkatapuram,1,1,0,1,0,0,0,0,0.0,167.0,46.0,2.0,28.0,0.4175,0.4175,0.0,100.0,Maize,1,Healthy,1,Low
10,KHAMMAM,1021,BAYYARAM,1021005,Kommavaram,2,2,0,2,0,0,0,0,0.0,187.5,54.0,3.0,27.5,0.0775,0.1551,0.0,100.0,Maize,2,Healthy,2,Low
10,KHAMMAM,1021,BAYYARAM,1021008,Ramachandra Puram,20,20,0,16,1,1,2,4,0.155,184.65,49.95,3.6,28.0,0.0332,0.6631,20.0,100.0,Maize,20,Healthy,16,Low
10,KHAMMAM,1021,BAYYARAM,1021009,Gowraram,1,1,0,0,0,0,1,1,0.9,82.0,91.0,5.0,21.0,0.056,0.056,100.0,100.0,Paddy,1,Pests,1,Very High
10,KHAMMAM,1021,BAYYARAM,1021010,Uppalapadu,17,17,0,15,1,1,0,2,0.0765,133.7059,66.1176,4.1765,25.3529,0.1845,3.1363,11.76470588235294,100.0,Maize,9,Healthy,15,Low
10,KHAMMAM,1021,BAYYARAM,1021011,Bayyaram,20,20,0,18,0,1,1,2,0.085,131.4,47.05,3.55,16.95,0.1744,3.4878,10.0,100.0,Chillies,11,Healthy,18,Low
10,KHAMMAM,1021,BAYYARAM,1021012,Irsulapuram,9,9,0,7,0,1,1,2,0.1889,189.2222,46.5556,3.7778,27.5556,0.0326,0.2935,22.22222222222222,100.0,Maize,9,Healthy,7,Low
10,KHAMMAM,1021,BAYYARAM,1021013,Gandhampalle,11,11,0,8,2,0,1,3,0.1727,78.2727,50.9091,3.2727,7.5455,0.224,2.4642,27.27272727272727,100.0,Chillies,11,Healthy,8,Low
10,KHAMMAM,1021,BAYYARAM,1021014,Singaram,8,8,0,8,0,0,0,0,0.0,77.625,51.875,3.0,8.875,0.5276,4.2211,0.0,100.0,Chillies,8,Healthy,8,Low
10,KHAMMAM,1021,BAYYARAM,1021015,Kothapeta,9,9,0,6,1,1,1,3,0.2444,130.0,51.0,3.5556,20.1111,0.0667,0.6001,33.33333333333333,100.0,Maize,6,Healthy,6,Moderate
10,KHAMMAM,1021,BAYYARAM,1021016,Kachanapalle,5,5,0,5,0,0,0,0,0.0,187.4,48.0,4.2,27.0,0.0775,0.3875,0.0,100.0,Maize,5,Healthy,5,Low
10,KHAMMAM,1021,BAYYARAM,1021017,Dharmapuram,5,5,0,5,0,0,0,0,0.0,151.4,46.4,3.8,27.2,0.0521,0.2606,0.0,100.0,Maize,5,Healthy,5,Low
10,KHAMMAM,1021,BAYYARAM,1021F01,FOREST,82,82,0,66,5,5,6,16,0.1451,124.5488,69.5,4.0,24.4756,0.0926,7.5961,19.51219512195122,100.0,Maize,40,Healthy,66,Low
10,KHAMMAM,1022,GARLA,1022001,Mulkanoor,61,61,0,53,2,0,6,8,0.1049,74.9672,52.5738,3.6721,7.3115,0.4024,24.547,13.114754098360656,100.0,Chillies,61,Healthy,53,Low
10,KHAMMAM,1022,GARLA,1022002,Maddi Vancha,4,4,0,4,0,0,0,0,0.0,78.5,50.0,3.75,5.75,0.0521,0.2085,0.0,100.0,Chillies,4,Healthy,4,Low
10,KHAMMAM,1022,GARLA,1022006,Garla,3,3,0,2,1,0,0,1,0.1667,70.6667,55.0,3.3333,8.3333,0.1553,0.4659,33.33333333333333,100.0,Chillies,3,Healthy,2,Low
10,KHAMMAM,1022,GARLA,1022010,Pocharam,1,1,0,0,0,1,0,1,0.8,83.0,46.0,5.0,8.0,0.6891,0.6891,100.0,100.0,Chillies,1,Diseased,1,Very High
10,KHAMMAM,1022,GARLA,1022F01,FOREST,3,3,0,3,0,0,0,0,0.0,79.3333,46.3333,3.3333,8.3333,0.0732,0.2196,0.0,100.0,Chillies,3,Healthy,3,Low
10,KHAMMAM,1037,KHAMMAM (RURAL),1037004,Thirthala,2,2,0,2,0,0,0,0,0.0,92.0,44.0,3.5,9.0,0.0652,0.1305,0.0,100.0,Chillies,2,Healthy,2,Low
